root_id,flow,super_class,class,sub_class,hemilineage,side,nerve,primary_type,additional_type(s)
720575940602564320,intrinsic,central,Kenyon_Cell,KCg,MBp4,right,,KCg-m,
720575940602815200,intrinsic,central,Kenyon_Cell,,MBp1,left,,KCab,KCab-s
720575940603673120,intrinsic,central,Kenyon_Cell,,MBp2,right,,KCab,KCab-s
720575940603882720,intrinsic,central,Kenyon_Cell,KCg,MBp1,left,,KCg-m,
720575940603911340,afferent,sensory,olfactory,,,left,AN,ORN_VM5v,
720575940604050110,intrinsic,central,Kenyon_Cell,,MBp4,left,,KCab,KCab-m
720575940604103200,intrinsic,central,Kenyon_Cell,KCg,MBp1,left,,KCg-m,
720575940604132710,intrinsic,central,Kenyon_Cell,,MBp1,left,,KCab,KCab-m
720575940604249790,intrinsic,central,Kenyon_Cell,KCg,MBp2,left,,KCg-d,
720575940604479590,intrinsic,central,DAN,,CREa2_medial,left,,PAM08,
720575940604483040,intrinsic,central,Kenyon_Cell,,MBp3,right,,KCapbp-ap1,KCab-ap1
720575940604550590,intrinsic,central,Kenyon_Cell,,MBp1,left,,KCapbp-ap2,KCab-ap2
720575940604630240,intrinsic,central,Kenyon_Cell,KCg,MBp2,right,,KCg-m,
720575940604675430,afferent,sensory,olfactory,,,left,MxLbN,ORN_VM7d,
720575940604704870,afferent,sensory,olfactory,,,right,AN,ORN_VC4,
720575940604728800,intrinsic,central,DAN,,CREa2_medial,left,,PAM13,
720575940604935340,intrinsic,central,Kenyon_Cell,KCg,MBp2,right,,KCg-m,
720575940605000550,intrinsic,central,Kenyon_Cell,KCg,MBp3,right,,KCg-m,
720575940605029250,intrinsic,central,Kenyon_Cell,,MBp4,right,,KCapbp-ap2,KCab-ap2
720575940605246850,intrinsic,central,Kenyon_Cell,,MBp1,left,,KCab,KCab-s
720575940605328230,afferent,sensory,olfactory,,,left,AN,ORN_DM1,
720575940605338290,intrinsic,central,Kenyon_Cell,KCg,MBp2,right,,KCg-m,
720575940605362610,intrinsic,central,Kenyon_Cell,,MBp1,right,,KCab,KCab-m
720575940605421670,intrinsic,central,Kenyon_Cell,,MBp4,left,,KCab,KCab-s
720575940605431840,intrinsic,central,Kenyon_Cell,KCg,MBp2,left,,KCg-m,
720575940605541920,intrinsic,central,Kenyon_Cell,,MBp4,right,,KCab,KCab-m
720575940605544370,intrinsic,central,Kenyon_Cell,,MBp2,left,,KCab,KCab-c
720575940605550950,intrinsic,central,Kenyon_Cell,KCg,MBp3,right,,KCg-d,
720575940605579110,afferent,sensory,olfactory,,,right,AN,ORN_DA4l,
720575940605620670,intrinsic,central,Kenyon_Cell,KCg,MBp3,left,,KCg-m,
720575940605705650,intrinsic,central,Kenyon_Cell,,MBp3,left,,KCab,KCab-m
720575940605891040,intrinsic,central,DAN,,CREa1_dorsal,left,,PAM11,
720575940605925600,intrinsic,central,Kenyon_Cell,,MBp1,left,,KCab,KCab-s
720575940606227890,afferent,sensory,olfactory,pheromone,,left,AN,ORN_DA1,
720575940606341250,intrinsic,central,Kenyon_Cell,KCg,MBp1,right,,KCg-m,
720575940606477660,intrinsic,central,Kenyon_Cell,KCg,MBp2,right,,KCg-m,
720575940606483890,afferent,sensory,olfactory,,,right,AN,ORN_DL4,
720575940606697650,afferent,sensory,olfactory,,,right,AN,ORN_VL1,
720575940606853250,intrinsic,central,Kenyon_Cell,KCg,MBp1,left,,KCg-m,
720575940606890370,intrinsic,central,Kenyon_Cell,,MBp4,left,,KCab,KCab-s
720575940606910850,intrinsic,central,Kenyon_Cell,,MBp2,left,,KCab,KCab-s
720575940606947970,intrinsic,central,Kenyon_Cell,KCg,MBp2,left,,KCg-m,
720575940606967730,intrinsic,central,Kenyon_Cell,KCg,MBp3,right,,KCg-m,
720575940606968450,intrinsic,central,Kenyon_Cell,,MBp3,right,,KCab,KCab-s
720575940607054770,intrinsic,central,Kenyon_Cell,,MBp2,right,,KCab-p,
720575940607155890,intrinsic,central,MBON,,putative_primary,right,,MBON26,
720575940607511900,intrinsic,central,DAN,,CREa1_dorsal,right,,PAM06,
720575940607637340,afferent,sensory,olfactory,,,right,AN,ORN_V,
720575940607715420,intrinsic,central,Kenyon_Cell,,MBp1,right,,KCab,KCab-c
720575940607811420,afferent,sensory,olfactory,,,right,AN,ORN_VA2,
720575940607865180,afferent,sensory,olfactory,,,right,MxLbN,ORN_VC2,
720575940607978820,intrinsic,central,Kenyon_Cell,KCg,MBp2,right,,KCg-m,
720575940608158300,intrinsic,central,Kenyon_Cell,KCg,MBp3,left,,KCg-m,
720575940608192860,intrinsic,central,Kenyon_Cell,,MBp2,left,,KCab,KCab-m
720575940608281180,intrinsic,central,Kenyon_Cell,,MBp4,right,,KCapbp-ap2,KCab-ap2
720575940608304220,intrinsic,central,MBON,,DL1_dorsal,right,,MBON15-like,
720575940608527150,intrinsic,central,Kenyon_Cell,KCg,MBp3,right,,KCg-m,
720575940608667460,afferent,sensory,olfactory,,,right,AN,ORN_DL1,
720575940608820600,intrinsic,central,Kenyon_Cell,KCg,MBp4,right,,KCg-m,
720575940609006200,intrinsic,central,Kenyon_Cell,,MBp1,left,,KCab,KCab-c
720575940609066030,intrinsic,central,Kenyon_Cell,,MBp3,right,,KCapbp-m,KCab-m
720575940609184210,intrinsic,central,Kenyon_Cell,,MBp3,right,,KCab,KCab-s
720575940609208530,intrinsic,central,Kenyon_Cell,,MBp1,right,,KCapbp-ap2,KCab-ap2
720575940609676100,intrinsic,central,Kenyon_Cell,,MBp2,left,,KCab-p,
720575940609708100,intrinsic,central,Kenyon_Cell,KCg,MBp3,left,,KCg-m,
720575940609747780,intrinsic,central,Kenyon_Cell,KCg,MBp4,left,,KCg-m,
720575940609768290,intrinsic,central,Kenyon_Cell,KCg,MBp3,left,,KCg-m,
720575940609867310,afferent,sensory,olfactory,pheromone,,left,AN,ORN_DL3,
720575940609921230,intrinsic,central,Kenyon_Cell,,MBp4,right,,KCapbp-m,KCab-m
720575940609935310,intrinsic,central,Kenyon_Cell,KCg,MBp4,right,,KCg-m,
720575940610101210,intrinsic,central,Kenyon_Cell,,MBp4,right,,KCab,KCab-m
720575940610102830,afferent,sensory,olfactory,,,right,AN,ORN_VL1,
720575940610137050,intrinsic,central,Kenyon_Cell,,MBp1,right,,KCab,KCab-m
720575940610159480,intrinsic,central,Kenyon_Cell,,MBp2,left,,KCab,KCab-s
720575940610218360,intrinsic,central,Kenyon_Cell,KCg,MBp2,left,,KCg-m,
720575940610241860,afferent,sensory,olfactory,,,left,AN,ORN_VL1,
720575940610336610,intrinsic,central,Kenyon_Cell,,MBp4,right,,KCab,KCab-s
720575940610359650,intrinsic,central,Kenyon_Cell,KCg,MBp3,left,,KCg-m,
720575940610470130,intrinsic,central,Kenyon_Cell,,MBp1,right,,KCab,KCab-c
720575940610535890,intrinsic,central,Kenyon_Cell,,MBp1,left,,KCab,KCab-s
720575940610605530,afferent,sensory,olfactory,,,left,MxLbN,ORN_VA4,
720575940610710130,intrinsic,central,Kenyon_Cell,KCg,MBp4,right,,KCg-m,
720575940610739930,intrinsic,central,Kenyon_Cell,KCg,MBp1,left,,KCg-m,
720575940610823010,intrinsic,central,Kenyon_Cell,,MBp2,right,,KCab-p,
720575940610833250,intrinsic,central,Kenyon_Cell,KCg,MBp1,left,,KCg-m,
720575940610885330,intrinsic,central,Kenyon_Cell,KCg,MBp1,left,,KCg-m,
720575940610886610,intrinsic,central,Kenyon_Cell,,MBp4,left,,KCab,KCab-m
720575940610907490,intrinsic,central,Kenyon_Cell,KCg,MBp4,right,,KCg-m,
720575940610946070,intrinsic,central,Kenyon_Cell,KCg,MBp3,right,,KCg-m,
720575940610946730,intrinsic,central,Kenyon_Cell,,MBp1,right,,KCab,KCab-m
720575940611045700,intrinsic,central,Kenyon_Cell,,MBp3,right,,KCab,KCab-m
720575940611127650,afferent,sensory,olfactory,,,right,AN,ORN_DA3,
720575940611153370,afferent,sensory,olfactory,,,left,AN,ORN_VM4,
720575940611196110,intrinsic,central,Kenyon_Cell,,MBp1,left,,KCapbp-ap1,KCab-ap1
720575940611263090,intrinsic,central,Kenyon_Cell,,MBp2,left,,KCab,KCab-m
720575940611286990,intrinsic,central,Kenyon_Cell,KCg,MBp4,left,,KCg-m,
720575940611330070,intrinsic,central,Kenyon_Cell,,MBp1,left,,KCab,KCab-c
720575940611370610,intrinsic,central,Kenyon_Cell,KCg,MBp4,left,,KCg-m,
720575940611400050,intrinsic,central,Kenyon_Cell,KCg,MBp3,left,,KCg-m,
720575940611471090,intrinsic,central,Kenyon_Cell,KCg,MBp4,left,,KCg-m,
720575940611475370,afferent,sensory,olfactory,,,left,AN,ORN_VM1,
720575940611489010,intrinsic,central,Kenyon_Cell,KCg,MBp1,left,,KCg-m,
720575940611696370,afferent,sensory,olfactory,,,left,AN,ORN_DM2,
720575940611789810,intrinsic,central,DAN,,CREa2_medial,left,,PAM12,
720575940611802330,intrinsic,central,Kenyon_Cell,,MBp2,right,,KCab,KCab-s
720575940611803490,intrinsic,central,Kenyon_Cell,,MBp3,left,,KCapbp-ap1,KCab-ap1
720575940611987240,intrinsic,central,Kenyon_Cell,,MBp3,right,,KCab,KCab-m
720575940612019570,intrinsic,central,Kenyon_Cell,,MBp3,right,,KCapbp-m,KCab-m
720575940612096370,afferent,sensory,olfactory,,,left,AN,ORN_DL2d,
720575940612196850,intrinsic,central,MBON,,DL1_dorsal,right,,MBON15-like,
720575940612339370,intrinsic,central,Kenyon_Cell,KCg,MBp4,right,,KCg-m,
720575940612339810,intrinsic,central,Kenyon_Cell,,MBp1,right,,KCab,KCab-m
720575940612372650,intrinsic,central,Kenyon_Cell,,MBp4,right,,KCapbp-ap1,KCab-ap1
720575940612421290,intrinsic,central,Kenyon_Cell,KCg,MBp4,right,,KCg-m,
720575940612450730,intrinsic,central,Kenyon_Cell,KCg,MBp3,right,,KCg-m,
720575940612524030,intrinsic,central,Kenyon_Cell,KCg,MBp4,right,,KCg-d,
720575940612572670,intrinsic,central,Kenyon_Cell,,MBp1,right,,KCab,KCab-s
720575940612575230,intrinsic,central,Kenyon_Cell,KCg,MBp1,right,,KCg-m,
720575940612700450,afferent,sensory,olfactory,,,left,AN,ORN_V,
720575940612797480,intrinsic,central,Kenyon_Cell,,MBp4,left,,KCapbp-m,KCab-m
720575940612918930,intrinsic,central,Kenyon_Cell,KCg,MBp4,left,,KCg-m,
720575940612930710,intrinsic,central,Kenyon_Cell,,MBp4,left,,KCab,KCab-m
720575940612980990,intrinsic,central,Kenyon_Cell,KCg,MBp2,left,,KCg-d,
720575940612991730,intrinsic,central,Kenyon_Cell,KCg,MBp4,left,,KCg-m,
720575940613118610,afferent,sensory,olfactory,,,left,AN,ORN_DP1m,
720575940613155490,intrinsic,central,DAN,,CREa1_dorsal,left,,PAM04,
720575940613301410,intrinsic,central,Kenyon_Cell,KCg,MBp1,left,,KCg-m,
720575940613337640,intrinsic,central,Kenyon_Cell,,MBp4,left,,KCapbp-ap2,KCab-ap2
720575940613365650,afferent,sensory,olfactory,,,right,AN,ORN_DA4m,
720575940613386050,intrinsic,central,Kenyon_Cell,,MBp4,right,,KCab,KCab-s
720575940613396130,afferent,sensory,olfactory,,,left,AN,ORN_VC4,
720575940613403390,afferent,sensory,olfactory,pheromone,,left,AN,ORN_DL3,
720575940613421890,intrinsic,central,Kenyon_Cell,,MBp3,right,,KCab,KCab-s
720575940613434530,intrinsic,central,Kenyon_Cell,KCg,MBp2,left,,KCg-m,
720575940613508970,afferent,sensory,olfactory,,,right,AN,ORN_VM6m,ORN_VC5
720575940613509010,afferent,sensory,olfactory,,,right,AN,ORN_VA2,
720575940613529770,intrinsic,central,DAN,,CREa1_dorsal,left,,PAM01,aSP13
720575940613671330,afferent,sensory,olfactory,,,right,AN,ORN_DA2,
720575940613740950,afferent,sensory,olfactory,,,left,AN,ORN_VC3,ORN_VC3l
720575940613773890,intrinsic,central,Kenyon_Cell,KCg,MBp2,right,,KCg-d,
720575940613863330,intrinsic,central,Kenyon_Cell,KCg,MBp1,left,,KCg-m,
720575940613897890,intrinsic,central,Kenyon_Cell,KCg,MBp2,left,,KCg-m,
720575940613929670,intrinsic,central,Kenyon_Cell,,MBp4,right,,KCapbp-ap1,KCab-ap1
720575940613939090,intrinsic,central,Kenyon_Cell,,MBp4,left,,KCab,KCab-s
720575940613974890,afferent,sensory,olfactory,,,left,AN,ORN_VM4,
720575940613987730,intrinsic,central,Kenyon_Cell,KCg,MBp3,right,,KCg-m,
720575940614037910,afferent,sensory,olfactory,pheromone,,right,AN,ORN_DA1,
720575940614102930,afferent,sensory,olfactory,,,right,AN,ORN_DM1,
720575940614120190,afferent,sensory,olfactory,,,left,AN,ORN_DL1,
720575940614207850,intrinsic,central,Kenyon_Cell,KCg,MBp1,right,,KCg-m,
720575940614219370,intrinsic,central,Kenyon_Cell,KCg,MBp1,left,,KCg-m,
720575940614224490,intrinsic,central,Kenyon_Cell,KCg,MBp1,right,,KCg-m,
720575940614251670,intrinsic,central,Kenyon_Cell,,MBp4,right,,KCab,KCab-c
720575940614313890,intrinsic,central,Kenyon_Cell,KCg,MBp4,left,,KCg-m,
720575940614327080,afferent,sensory,olfactory,pheromone,,left,AN,ORN_VA1d,
720575940614393250,intrinsic,central,Kenyon_Cell,,MBp4,left,,KCab,KCab-s
720575940614486690,intrinsic,central,Kenyon_Cell,KCg,MBp4,right,,KCg-m,
720575940614498060,intrinsic,central,Kenyon_Cell,,MBp1,left,,KCapbp-ap2,KCab-ap2
720575940614549650,intrinsic,central,Kenyon_Cell,,MBp4,left,,KCapbp-ap2,KCab-ap2
720575940614586690,afferent,sensory,olfactory,pheromone,,left,AN,ORN_DA1,
720575940614610630,afferent,sensory,olfactory,,,left,AN,ORN_DM3,
720575940614653290,afferent,sensory,olfactory,,,left,AN,ORN_DA4l,
720575940614677810,intrinsic,central,DAN,,CREa2_medial,right,,PAM12,
720575940614691690,afferent,sensory,olfactory,,,left,AN,ORN_DM4,
720575940614785130,intrinsic,central,Kenyon_Cell,KCg,MBp2,left,,KCg-m,
720575940614862230,intrinsic,central,Kenyon_Cell,,MBp3,right,,KCapbp-m,KCab-m
720575940614887830,intrinsic,central,Kenyon_Cell,KCg,MBp2,right,,KCg-m,
720575940614893930,intrinsic,central,Kenyon_Cell,,MBp2,left,,KCab,KCab-m
720575940614926790,afferent,sensory,olfactory,,,left,AN,ORN_DM4,
720575940615060290,afferent,sensory,olfactory,,,left,AN,ORN_VM6v,ORN_VC5
720575940615089970,afferent,sensory,olfactory,,,right,AN,ORN_DL5,
720575940615193100,intrinsic,central,Kenyon_Cell,KCg,MBp3,right,,KCg-m,
720575940615237170,intrinsic,central,Kenyon_Cell,KCg,MBp4,left,,KCg-m,
720575940615243020,intrinsic,central,Kenyon_Cell,KCg,MBp4,right,,KCg-m,
720575940615255090,intrinsic,central,Kenyon_Cell,,MBp4,right,,KCapbp-m,KCab-m
720575940615323990,intrinsic,central,Kenyon_Cell,KCg,MBp4,right,,KCg-m,
720575940615380530,afferent,sensory,olfactory,,,right,AN,ORN_DL5,
720575940615638540,intrinsic,central,Kenyon_Cell,,MBp4,left,,KCab,KCab-c
720575940615696070,intrinsic,central,Kenyon_Cell,,MBp4,right,,KCab,KCab-c
720575940615696490,afferent,sensory,olfactory,,,left,AN,ORN_DP1m,
720575940615714060,intrinsic,central,Kenyon_Cell,KCg,MBp4,right,,KCg-m,
720575940615723350,afferent,sensory,olfactory,,,right,AN,ORN_DM1,
720575940615798540,intrinsic,central,Kenyon_Cell,,MBp3,right,,KCapbp-ap2,KCab-ap2
720575940615965140,intrinsic,central,Kenyon_Cell,,MBp2,right,,KCapbp-ap2,KCab-ap2
720575940615980850,intrinsic,central,Kenyon_Cell,KCg,MBp3,left,,KCg-m,
720575940616028390,intrinsic,central,Kenyon_Cell,,MBp4,left,,KCapbp-ap1,KCab-ap1
720575940616044850,intrinsic,central,Kenyon_Cell,,MBp2,right,,KCab,KCab-s
720575940616134630,intrinsic,central,Kenyon_Cell,,MBp1,left,,KCab,KCab-c
720575940616229410,intrinsic,central,Kenyon_Cell,,MBp1,left,,KCab,KCab-c
720575940616235810,intrinsic,central,Kenyon_Cell,,MBp3,left,,KCab,KCab-m
720575940616295110,afferent,sensory,olfactory,pheromone,,left,AN,ORN_VA1d,
720575940616306210,intrinsic,central,Kenyon_Cell,,MBp2,right,,KCapbp-ap1,KCab-ap1
720575940616402260,intrinsic,central,Kenyon_Cell,,MBp1,left,,KCapbp-ap2,KCab-ap2
720575940616532310,afferent,sensory,olfactory,,,left,AN,ORN_VM6v,ORN_VC5
720575940616578390,intrinsic,central,Kenyon_Cell,KCg,MBp4,left,,KCg-m,
720575940616647990,intrinsic,central,Kenyon_Cell,,MBp2,right,,KCab,KCab-c
720575940616653030,afferent,sensory,olfactory,,,left,AN,ORN_VM6v,ORN_VC5
720575940616902630,intrinsic,central,Kenyon_Cell,KCg,MBp4,left,,KCg-m,
720575940616910310,intrinsic,central,Kenyon_Cell,KCg,MBp2,right,,KCg-m,
720575940616938470,afferent,sensory,olfactory,pheromone,,left,AN,ORN_DC3,
720575940617010240,intrinsic,central,Kenyon_Cell,,MBp3,left,,KCapbp-ap1,KCab-ap1
720575940617010900,intrinsic,central,Kenyon_Cell,,MBp2,left,,KCapbp-ap2,KCab-ap2
720575940617015750,intrinsic,central,Kenyon_Cell,KCg,MBp2,left,,KCg-m,
720575940617209940,afferent,sensory,olfactory,,,right,AN,ORN_VL2a,
720575940617215700,afferent,sensory,olfactory,,,right,AN,ORN_DL4,
720575940617313510,afferent,sensory,olfactory,,,left,AN,ORN_DA4l,
720575940617334430,intrinsic,central,Kenyon_Cell,KCg,MBp1,left,,KCg-m,
720575940617351990,afferent,sensory,olfactory,,,right,AN,ORN_DM1,
720575940617362150,afferent,sensory,olfactory,,,right,AN,ORN_VC4,
720575940617376980,intrinsic,central,Kenyon_Cell,,MBp3,left,,KCapbp-ap2,KCab-ap2
720575940617516760,intrinsic,central,Kenyon_Cell,,MBp1,right,,KCab,KCab-s
720575940617552340,intrinsic,central,MBON,,putative_primary,right,,MBON02,
720575940617567390,intrinsic,central,Kenyon_Cell,KCg,MBp4,left,,KCg-m,
720575940617642580,afferent,sensory,olfactory,pheromone,,right,AN,ORN_VA1d,
720575940617687330,intrinsic,central,Kenyon_Cell,,MBp2,left,,KCab-p,
720575940617691170,intrinsic,central,DAN,,putative_primary,right,,PPL101,
720575940617756450,intrinsic,central,Kenyon_Cell,KCg,MBp3,right,,KCg-m,
720575940617811540,intrinsic,central,Kenyon_Cell,KCg,MBp3,right,,KCg-m,
720575940617834560,intrinsic,central,Kenyon_Cell,KCg,MBp4,right,,KCg-m,
720575940617849920,intrinsic,central,Kenyon_Cell,KCg,MBp4,right,,KCg-m,
720575940617856340,intrinsic,central,Kenyon_Cell,KCg,MBp2,right,,KCg-m,
720575940617865280,intrinsic,central,Kenyon_Cell,KCg,MBp4,right,,KCg-m,
720575940617871680,intrinsic,central,Kenyon_Cell,,MBp2,left,,KCab,KCab-m
720575940617874150,afferent,sensory,olfactory,pheromone,,left,AN,ORN_DC3,
720575940617877720,intrinsic,central,Kenyon_Cell,,MBp1,left,,KCapbp-ap2,KCab-ap2
720575940617878080,intrinsic,central,Kenyon_Cell,,MBp3,right,,KCab,KCab-c
720575940617908820,intrinsic,central,Kenyon_Cell,KCg,MBp1,right,,KCg-m,
720575940617911360,intrinsic,central,Kenyon_Cell,,MBp4,right,,KCab,KCab-c
720575940617922870,intrinsic,central,Kenyon_Cell,KCg,MBp3,left,,KCg-m,
720575940617963480,intrinsic,central,Kenyon_Cell,KCg,MBp4,right,,KCg-m,
720575940617982800,intrinsic,central,Kenyon_Cell,,MBp1,right,,KCab,KCab-m
720575940618158160,intrinsic,central,Kenyon_Cell,,MBp4,left,,KCab,KCab-s
720575940618190160,intrinsic,central,Kenyon_Cell,,MBp3,left,,KCab,KCab-m
720575940618201620,intrinsic,central,Kenyon_Cell,KCg,MBp3,right,,KCg-m,
720575940618266900,intrinsic,central,Kenyon_Cell,KCg,MBp4,right,,KCg-m,
720575940618337300,intrinsic,central,Kenyon_Cell,,MBp3,right,,KCab,KCab-s
720575940618517440,intrinsic,central,Kenyon_Cell,KCg,MBp2,right,,KCg-m,
720575940618547280,intrinsic,central,Kenyon_Cell,,MBp4,right,,KCab,KCab-s
720575940618592390,intrinsic,central,Kenyon_Cell,,MBp2,right,,KCapbp-m,KCab-m
720575940618606160,intrinsic,central,Kenyon_Cell,,MBp1,left,,KCab,KCab-s
720575940618657950,intrinsic,central,Kenyon_Cell,KCg,MBp4,right,,KCg-m,
720575940618696920,afferent,sensory,olfactory,,,right,AN,ORN_DM1,
720575940618770230,intrinsic,central,Kenyon_Cell,KCg,MBp1,right,,KCg-d,
720575940618841910,intrinsic,central,Kenyon_Cell,KCg,MBp4,right,,KCg-m,
720575940618963950,intrinsic,central,Kenyon_Cell,,MBp1,left,,KCab,KCab-c
720575940618994880,intrinsic,central,Kenyon_Cell,KCg,MBp2,right,,KCg-m,
720575940619105190,intrinsic,central,Kenyon_Cell,,MBp2,left,,KCab,KCab-m
720575940619143590,intrinsic,central,Kenyon_Cell,,MBp1,left,,KCab,KCab-m
720575940619150040,afferent,sensory,olfactory,,,left,AN,ORN_DP1l,
720575940619152110,intrinsic,central,Kenyon_Cell,KCg,MBp2,left,,KCg-m,
720575940619272920,intrinsic,central,Kenyon_Cell,,MBp2,left,,KCab,KCab-m
720575940619280110,afferent,sensory,olfactory,,,left,AN,ORN_DM4,
720575940619638950,afferent,sensory,olfactory,,,right,AN,ORN_DL1,
720575940619674840,afferent,sensory,olfactory,,,left,AN,ORN_VA3,
720575940619681600,afferent,sensory,olfactory,,,left,AN,ORN_VM5v,
720575940619689350,afferent,sensory,olfactory,,,right,AN,ORN_VM4,
720575940619695860,intrinsic,central,Kenyon_Cell,KCg,MBp1,right,,KCg-d,
720575940619696660,intrinsic,central,Kenyon_Cell,KCg,MBp3,left,,KCg-d,
720575940619713200,intrinsic,central,Kenyon_Cell,,MBp4,right,,KCab,KCab-m
720575940619734720,intrinsic,central,Kenyon_Cell,,MBp4,left,,KCab,KCab-c
720575940619743680,intrinsic,central,Kenyon_Cell,KCg,MBp2,left,,KCg-m,
720575940619744960,intrinsic,central,Kenyon_Cell,KCg,MBp1,right,,KCg-m,
720575940619777520,intrinsic,central,Kenyon_Cell,KCg,MBp2,left,,KCg-m,
720575940619781620,intrinsic,central,Kenyon_Cell,,MBp3,right,,KCab,KCab-s
720575940619842580,intrinsic,central,Kenyon_Cell,,MBp2,right,,KCapbp-ap2,KCab-ap2
720575940619843520,afferent,sensory,olfactory,,,left,AN,ORN_DL4,
720575940619916720,intrinsic,central,Kenyon_Cell,,MBp3,left,,KCapbp-ap1,KCab-ap1
720575940619937140,afferent,sensory,olfactory,,,left,AN,ORN_DM6,
720575940619942320,intrinsic,central,Kenyon_Cell,,MBp3,left,,KCab-p,
720575940619949040,intrinsic,central,Kenyon_Cell,KCg,MBp3,left,,KCg-d,
720575940619985140,intrinsic,central,Kenyon_Cell,,MBp4,left,,KCab,KCab-m
720575940620024560,afferent,sensory,olfactory,,,right,AN,ORN_V,
720575940620028080,afferent,sensory,olfactory,,,left,AN,ORN_VA2,
720575940620051580,intrinsic,central,Kenyon_Cell,,MBp2,right,,KCab,KCab-s
720575940620055790,intrinsic,central,Kenyon_Cell,KCg,MBp3,right,,KCg-m,
720575940620058350,intrinsic,central,Kenyon_Cell,,MBp2,left,,KCab,KCab-m
720575940620109550,afferent,sensory,olfactory,,,right,AN,ORN_DM3,
720575940620110830,afferent,sensory,olfactory,,,right,AN,ORN_DL1,
720575940620226470,intrinsic,central,Kenyon_Cell,KCg,MBp1,left,,KCg-m,
720575940620236270,intrinsic,central,Kenyon_Cell,KCg,MBp4,left,,KCg-d,
720575940620260800,intrinsic,central,DAN,,CREa2_medial,left,,PAM05,
720575940620303040,intrinsic,central,Kenyon_Cell,,MBp1,right,,KCab,KCab-m
720575940620311430,intrinsic,central,Kenyon_Cell,,MBp2,left,,KCapbp-ap1,KCab-ap1
720575940620320380,intrinsic,central,Kenyon_Cell,KCg,MBp1,left,,KCg-m,
720575940620356800,intrinsic,central,Kenyon_Cell,,MBp1,right,,KCab,KCab-m
720575940620406900,afferent,sensory,olfactory,,,left,AN,ORN_VM4,
720575940620408560,afferent,sensory,olfactory,,,left,MxLbN,ORN_VA4,
720575940620425310,intrinsic,central,Kenyon_Cell,KCg,MBp2,right,,KCg-m,
720575940620475630,intrinsic,central,Kenyon_Cell,,MBp3,left,,KCapbp-m,KCab-m
720575940620495830,intrinsic,central,Kenyon_Cell,,MBp2,right,,KCapbp-m,KCab-m
720575940620585710,intrinsic,central,DAN,,CREa2_medial,left,,PAM06,
720575940620600700,intrinsic,central,Kenyon_Cell,KCg,MBp3,right,,KCg-m,
720575940620612590,intrinsic,central,Kenyon_Cell,KCg,MBp3,left,,KCg-m,
720575940620802230,afferent,sensory,olfactory,,,right,MxLbN,ORN_VM7d,
720575940620811340,intrinsic,central,Kenyon_Cell,,MBp2,left,,KCapbp-ap1,KCab-ap1
720575940620904780,intrinsic,central,Kenyon_Cell,,MBp3,right,,KCab,KCab-m
720575940620922790,intrinsic,central,DAN,,CREa1_dorsal,right,,PAM05,
720575940620923980,intrinsic,central,Kenyon_Cell,,MBp2,right,,KCapbp-m,KCab-m
720575940620931750,intrinsic,central,Kenyon_Cell,,MBp3,right,,KCab,KCab-m
720575940620936870,intrinsic,central,Kenyon_Cell,KCg,MBp4,right,,KCg-m,
720575940620938150,intrinsic,central,DAN,,CREa1_dorsal,right,,PAM13,
720575940620948340,intrinsic,central,Kenyon_Cell,,MBp2,left,,KCapbp-ap2,KCab-ap2
720575940621000180,intrinsic,central,Kenyon_Cell,KCg,MBp3,left,,KCg-m,
720575940621017840,intrinsic,central,Kenyon_Cell,KCg,MBp1,right,,KCg-m,
720575940621019120,afferent,sensory,olfactory,,,left,AN,ORN_VL2a,
720575940621073840,intrinsic,central,Kenyon_Cell,KCg,MBp1,right,,KCg-d,
720575940621121140,intrinsic,central,Kenyon_Cell,,MBp4,right,,KCapbp-m,KCab-m
720575940621164720,intrinsic,central,MBON,,putative_primary,left,,MBON05,
720575940621167030,intrinsic,central,Kenyon_Cell,KCg,MBp1,left,,KCg-m,
720575940621174960,intrinsic,central,Kenyon_Cell,KCg,MBp2,left,,KCg-m,
720575940621176670,intrinsic,central,Kenyon_Cell,,MBp4,right,,KCab,KCab-c
720575940621179230,intrinsic,central,Kenyon_Cell,KCg,MBp2,left,,KCg-m,
720575940621225910,intrinsic,central,Kenyon_Cell,,MBp2,right,,KCab,KCab-s
720575940621230430,intrinsic,central,Kenyon_Cell,KCg,MBp3,right,,KCg-m,
720575940621259800,intrinsic,central,Kenyon_Cell,,MBp2,left,,KCab,KCab-m
720575940621307230,afferent,sensory,olfactory,,,right,MxLbN,ORN_VM7d,
720575940621334980,intrinsic,central,Kenyon_Cell,KCg,MBp4,right,,KCg-m,
720575940621349590,afferent,sensory,olfactory,,,left,AN,ORN_VA6,
720575940621373680,afferent,sensory,olfactory,,,left,AN,ORN_DL1,
720575940621378580,afferent,sensory,olfactory,,,right,AN,ORN_VM5v,
720575940621396390,afferent,sensory,olfactory,pheromone,,right,AN,ORN_VA1v,
720575940621413670,intrinsic,central,Kenyon_Cell,,MBp2,right,,KCapbp-ap2,KCab-ap2
720575940621515190,afferent,sensory,olfactory,pheromone,,,AN,ORN_VA1v,
720575940621529980,intrinsic,central,Kenyon_Cell,KCg,MBp1,right,,KCg-m,
720575940621590250,intrinsic,central,Kenyon_Cell,,MBp1,right,,KCab,KCab-m
720575940621590720,afferent,sensory,olfactory,,,right,MxLbN,ORN_VC2,
720575940621692440,intrinsic,central,Kenyon_Cell,,MBp1,left,,KCapbp-m,KCab-m
720575940621700190,intrinsic,central,Kenyon_Cell,,MBp1,right,,KCab,KCab-m
720575940621715550,afferent,sensory,olfactory,,,right,AN,ORN_VL1,
720575940621762330,intrinsic,central,Kenyon_Cell,,MBp4,right,,KCab-p,
720575940621766680,afferent,sensory,olfactory,,,left,AN,ORN_DL1,
720575940621770010,intrinsic,central,Kenyon_Cell,,MBp3,right,,KCab-p,
720575940621796390,intrinsic,central,Kenyon_Cell,KCg,MBp4,left,,KCg-d,
720575940621807300,intrinsic,central,Kenyon_Cell,KCg,MBp4,left,,KCg-m,
720575940621825630,intrinsic,central,DAN,,CREa2_medial,left,,PAM11,
720575940621876830,intrinsic,central,Kenyon_Cell,,MBp4,left,,KCab,KCab-m
720575940621887270,intrinsic,central,Kenyon_Cell,KCg,MBp4,right,,KCg-d,
720575940621922910,intrinsic,central,Kenyon_Cell,KCg,MBp2,left,,KCg-m,
720575940621935850,intrinsic,central,Kenyon_Cell,KCg,MBp4,left,,KCg-m,
720575940621948810,intrinsic,central,Kenyon_Cell,,MBp1,right,,KCab,KCab-m
720575940622001020,intrinsic,central,Kenyon_Cell,KCg,MBp1,left,,KCg-d,
720575940622054340,intrinsic,central,Kenyon_Cell,,MBp4,left,,KCab,KCab-s
720575940622091340,afferent,sensory,olfactory,pheromone,,,AN,ORN_VA1v,
720575940622230310,afferent,sensory,olfactory,,,right,AN,ORN_VM5d,
720575940622263510,intrinsic,central,Kenyon_Cell,KCg,MBp4,right,,KCg-m,
720575940622392790,intrinsic,central,Kenyon_Cell,KCg,MBp4,left,,KCg-m,
720575940622403030,intrinsic,central,Kenyon_Cell,,MBp3,left,,KCapbp-m,KCab-m
720575940622440840,afferent,sensory,olfactory,,,right,AN,ORN_DM2,
720575940622479880,intrinsic,central,Kenyon_Cell,KCg,MBp2,right,,KCg-d,
720575940622517530,afferent,sensory,olfactory,,,left,AN,ORN_VA3,
720575940622538790,afferent,sensory,olfactory,,,right,AN,ORN_VM4,
720575940622553420,afferent,sensory,olfactory,,,right,AN,ORN_DA2,
720575940622646980,intrinsic,central,Kenyon_Cell,,MBp2,left,,KCapbp-m,KCab-m
720575940622687880,afferent,sensory,olfactory,,,,AN,ORN_VM3,
720575940622751270,afferent,sensory,olfactory,,,left,AN,ORN_DM6,
720575940622803850,intrinsic,central,Kenyon_Cell,,MBp1,right,,KCab,KCab-m
720575940622820330,intrinsic,central,Kenyon_Cell,KCg,MBp2,left,,KCg-m,
720575940622855560,intrinsic,central,Kenyon_Cell,KCg,MBp3,right,,KCg-m,
720575940622861960,intrinsic,central,Kenyon_Cell,,MBp4,left,,KCab,KCab-c
720575940622864920,intrinsic,central,Kenyon_Cell,,MBp3,right,,KCapbp-m,KCab-m
720575940622915030,afferent,sensory,olfactory,,,left,AN,ORN_VM4,
720575940622993800,intrinsic,central,Kenyon_Cell,KCg,MBp2,left,,KCg-m,
720575940622995080,intrinsic,central,Kenyon_Cell,KCg,MBp3,left,,KCg-m,
720575940622996360,intrinsic,central,Kenyon_Cell,KCg,MBp3,left,,KCg-m,
720575940622998920,intrinsic,central,Kenyon_Cell,,MBp3,left,,KCapbp-ap1,KCab-ap1
720575940623001480,intrinsic,central,MBON,,FLAa2,right,,MBON12,
720575940623008440,intrinsic,central,Kenyon_Cell,KCg,MBp2,right,,KCg-m,
720575940623011720,intrinsic,central,Kenyon_Cell,KCg,MBp4,right,,KCg-m,
720575940623032970,intrinsic,central,Kenyon_Cell,,MBp3,right,,KCapbp-m,KCab-m
720575940623047660,intrinsic,central,Kenyon_Cell,KCg,MBp4,left,,KCg-m,
720575940623059080,intrinsic,central,Kenyon_Cell,KCg,MBp4,right,,KCg-m,
720575940623071270,afferent,sensory,olfactory,pheromone,,left,AN,ORN_DL3,
720575940623137930,afferent,sensory,olfactory,pheromone,,left,AN,ORN_DA1,
720575940623244180,intrinsic,central,Kenyon_Cell,,MBp3,right,,KCapbp-m,KCab-m
720575940623260540,intrinsic,central,Kenyon_Cell,,MBp1,left,,KCab-p,
720575940623331210,intrinsic,central,Kenyon_Cell,,MBp2,left,,KCapbp-ap1,KCab-ap1
720575940623368940,intrinsic,central,Kenyon_Cell,KCg,MBp3,left,,KCg-m,
720575940623370180,intrinsic,central,Kenyon_Cell,KCg,MBp4,right,,KCg-m,
720575940623407850,intrinsic,central,Kenyon_Cell,KCg,MBp3,left,,KCg-m,
720575940623488270,intrinsic,central,Kenyon_Cell,KCg,MBp2,right,,KCg-m,
720575940623691920,intrinsic,central,Kenyon_Cell,,MBp3,right,,KCab,KCab-m
720575940623735310,intrinsic,central,Kenyon_Cell,,MBp3,left,,KCab,KCab-s
720575940623771580,afferent,sensory,olfactory,,,left,AN,ORN_V,
720575940623890890,intrinsic,central,Kenyon_Cell,KCg,MBp3,right,,KCg-m,
720575940623925180,afferent,sensory,olfactory,pheromone,,right,AN,ORN_DL3,
720575940623934100,intrinsic,central,Kenyon_Cell,,MBp3,left,,KCab,KCab-s
720575940623947500,intrinsic,central,Kenyon_Cell,KCg,MBp1,right,,KCg-m,
720575940623964820,intrinsic,central,Kenyon_Cell,KCg,MBp3,right,,KCg-m,
720575940623979960,afferent,sensory,olfactory,,,left,AN,ORN_VM6m,ORN_VC5
720575940624147600,afferent,sensory,olfactory,,,left,MxLbN,ORN_VC2,
720575940624158650,intrinsic,central,Kenyon_Cell,,MBp1,right,,KCab,KCab-m
720575940624211470,afferent,sensory,olfactory,,,right,AN,ORN_DA2,
720575940624211640,afferent,sensory,olfactory,pheromone,,right,AN,ORN_DA1,
720575940624250160,intrinsic,central,Kenyon_Cell,KCg,MBp3,left,,KCg-m,
720575940624264340,afferent,sensory,olfactory,,,right,AN,ORN_DA4m,
720575940624268080,intrinsic,central,Kenyon_Cell,,MBp1,left,,KCab,KCab-s
720575940624277040,intrinsic,central,Kenyon_Cell,,MBp4,left,,KCab,KCab-s
720575940624288520,intrinsic,central,Kenyon_Cell,KCg,MBp1,right,,KCg-m,
720575940624302520,intrinsic,central,Kenyon_Cell,KCg,MBp1,left,,KCg-m,
720575940624365500,afferent,sensory,olfactory,,,right,AN,ORN_DM6,
720575940624392220,intrinsic,central,Kenyon_Cell,,MBp1,right,,KCab,KCab-m
720575940624419820,intrinsic,central,Kenyon_Cell,KCg,MBp2,left,,KCg-m,
720575940624442000,afferent,sensory,olfactory,,,left,AN,ORN_DL1,
720575940624462740,intrinsic,central,Kenyon_Cell,,MBp3,left,,KCab,KCab-m
720575940624465900,intrinsic,central,Kenyon_Cell,KCg,MBp1,right,,KCg-d,
720575940624471020,afferent,sensory,olfactory,,,right,AN,ORN_VL1,
720575940624489620,intrinsic,central,Kenyon_Cell,KCg,MBp2,left,,KCg-m,
720575940624527340,intrinsic,central,Kenyon_Cell,KCg,MBp3,left,,KCg-m,
720575940624545940,intrinsic,central,DAN,,CREa2_medial,left,,PAM07,
720575940624586900,intrinsic,central,Kenyon_Cell,,MBp2,left,,KCab,KCab-s
720575940624598460,afferent,sensory,olfactory,,,left,AN,ORN_VA6,
720575940624613050,intrinsic,central,Kenyon_Cell,,MBp2,left,,KCapbp-ap2,KCab-ap2
720575940624641680,afferent,sensory,olfactory,,,right,AN,ORN_VC4,
720575940624671490,afferent,sensory,olfactory,,,left,MxLbN,ORN_VM7v,
720575940624687850,intrinsic,central,DAN,,CREa2_medial,left,,PAM12,
720575940624696810,intrinsic,central,MBON,,DL1_dorsal,left,,MBON15-like,
720575940624713660,intrinsic,central,Kenyon_Cell,KCg,MBp1,left,,KCg-m,
720575940624736400,afferent,sensory,olfactory,,,right,AN,ORN_VM4,
720575940624738830,intrinsic,central,Kenyon_Cell,KCg,MBp3,left,,KCg-m,
720575940624763850,intrinsic,central,Kenyon_Cell,KCg,MBp2,left,,KCg-m,
720575940624849040,afferent,sensory,olfactory,,,right,AN,ORN_VA3,
720575940624852120,intrinsic,central,Kenyon_Cell,,MBp2,right,,KCab,KCab-m
720575940624853600,afferent,sensory,olfactory,,,right,AN,ORN_DP1l,
720575940624884920,intrinsic,central,Kenyon_Cell,KCg,MBp4,right,,KCg-m,
720575940624934800,intrinsic,central,Kenyon_Cell,KCg,MBp2,left,,KCg-m,
720575940624951020,afferent,sensory,olfactory,,,right,AN,ORN_DM2,
720575940624974010,intrinsic,central,Kenyon_Cell,KCg,MBp2,right,,KCg-m,
720575940624975760,intrinsic,central,Kenyon_Cell,,MBp4,left,,KCab,KCab-c
720575940625015070,intrinsic,central,Kenyon_Cell,,MBp3,right,,KCab,KCab-m
720575940625028380,afferent,sensory,olfactory,,,right,AN,ORN_DL1,
720575940625176250,afferent,sensory,olfactory,pheromone,,left,AN,ORN_DL3,
720575940625187390,afferent,sensory,olfactory,,,right,AN,ORN_DA3,
720575940625223690,intrinsic,central,Kenyon_Cell,,MBp4,right,,KCab,KCab-s
720575940625275280,afferent,sensory,olfactory,,,right,AN,ORN_VL1,
720575940625283770,afferent,sensory,olfactory,,,right,AN,ORN_DM3,
720575940625298690,afferent,sensory,olfactory,,,left,AN,ORN_VM5d,
720575940625325630,intrinsic,central,Kenyon_Cell,KCg,MBp4,left,,KCg-m,
720575940625341880,afferent,sensory,olfactory,,,left,AN,ORN_DL5,
720575940625343550,intrinsic,central,DAN,,CREa1_dorsal,right,,PAM12,
720575940625343640,intrinsic,central,Kenyon_Cell,,MBp4,right,,KCab,KCab-s
720575940625362020,afferent,sensory,olfactory,,,right,AN,ORN_DA4l,
720575940625399600,afferent,sensory,olfactory,pheromone,,right,AN,ORN_DA1,
720575940625420290,afferent,sensory,olfactory,pheromone,,left,AN,ORN_DL3,
720575940625422090,intrinsic,central,Kenyon_Cell,,MBp2,left,,KCab,KCab-m
720575940625427210,intrinsic,central,Kenyon_Cell,,MBp2,left,,KCab,KCab-m
720575940625451920,intrinsic,central,Kenyon_Cell,KCg,MBp4,right,,KCg-m,
720575940625454640,intrinsic,central,Kenyon_Cell,KCg,MBp2,right,,KCg-m,
720575940625477150,intrinsic,central,Kenyon_Cell,,MBp1,left,,KCapbp-m,KCab-m
720575940625508400,intrinsic,central,Kenyon_Cell,,MBp3,right,,KCab,KCab-m
720575940625572240,intrinsic,central,Kenyon_Cell,KCg,MBp4,left,,KCg-m,
720575940625576080,intrinsic,central,Kenyon_Cell,,MBp1,left,,KCapbp-m,KCab-m
720575940625642340,intrinsic,central,Kenyon_Cell,,MBp4,right,,KCab,KCab-s
720575940625657530,afferent,sensory,olfactory,,,left,AN,ORN_DC4,
720575940625669660,intrinsic,central,Kenyon_Cell,KCg,MBp1,left,,KCg-m,
720575940625683740,intrinsic,central,Kenyon_Cell,KCg,MBp4,left,,KCg-m,
720575940625690140,intrinsic,central,Kenyon_Cell,KCg,MBp3,right,,KCg-m,
720575940625692560,intrinsic,central,Kenyon_Cell,KCg,MBp2,left,,KCg-m,
720575940625709720,afferent,sensory,olfactory,,,left,AN,ORN_DL2d,
720575940625720890,afferent,sensory,olfactory,,,right,AN,ORN_VL2a,
720575940625748510,intrinsic,central,Kenyon_Cell,,MBp3,left,,KCapbp-ap2,KCab-ap2
720575940625825820,afferent,sensory,olfactory,,,left,AN,ORN_DM2,
720575940625834900,intrinsic,central,Kenyon_Cell,,MBp2,right,,KCapbp-ap2,KCab-ap2
720575940625837060,intrinsic,central,Kenyon_Cell,,MBp1,right,,KCab,KCab-s
720575940625898780,intrinsic,central,Kenyon_Cell,,MBp4,left,,KCapbp-ap2,KCab-ap2
720575940625900900,intrinsic,central,Kenyon_Cell,KCg,MBp2,right,,KCg-m,
720575940625929790,intrinsic,central,Kenyon_Cell,,MBp3,left,,KCab,KCab-c
720575940625942590,intrinsic,central,Kenyon_Cell,KCg,MBp1,right,,KCg-m,
720575940625946430,afferent,sensory,olfactory,,,left,AN,ORN_D,
720575940625957800,intrinsic,central,Kenyon_Cell,,MBp1,left,,KCab,KCab-m
720575940625969640,intrinsic,central,Kenyon_Cell,,MBp2,right,,KCab,KCab-s
720575940626083940,intrinsic,central,Kenyon_Cell,KCg,MBp1,left,,KCg-m,
720575940626087780,intrinsic,central,Kenyon_Cell,KCg,MBp1,left,,KCg-m,
720575940626089980,intrinsic,central,Kenyon_Cell,,MBp1,right,,KCab,KCab-s
720575940626090340,intrinsic,central,Kenyon_Cell,KCg,MBp3,right,,KCg-m,
720575940626107800,afferent,sensory,olfactory,,,left,AN,ORN_DP1l,
720575940626139560,intrinsic,central,Kenyon_Cell,,MBp4,left,,KCapbp-m,KCab-m
720575940626143570,intrinsic,central,Kenyon_Cell,,MBp1,left,,KCab,KCab-m
720575940626144680,intrinsic,central,Kenyon_Cell,,MBp1,left,,KCapbp-m,KCab-m
720575940626199580,intrinsic,central,Kenyon_Cell,KCg,MBp4,left,,KCg-m,
720575940626220830,intrinsic,central,Kenyon_Cell,KCg,MBp3,right,,KCg-m,
720575940626226690,intrinsic,central,Kenyon_Cell,,MBp4,right,,KCapbp-m,KCab-m
720575940626294090,intrinsic,central,Kenyon_Cell,,MBp4,right,,KCab,KCab-s
720575940626315010,intrinsic,central,MBON,,FLAa2,right,,MBON13,
720575940626399550,afferent,sensory,olfactory,,,left,AN,ORN_DA3,
720575940626403400,intrinsic,central,Kenyon_Cell,,MBp2,right,,KCapbp-m,KCab-m
720575940626457290,afferent,sensory,olfactory,,,right,AN,ORN_DA4l,
720575940626460420,intrinsic,central,Kenyon_Cell,KCg,MBp4,left,,KCg-d,
720575940626509830,intrinsic,central,Kenyon_Cell,KCg,MBp4,left,,KCg-m,
720575940626555800,intrinsic,central,DAN,,CREa2_medial,right,,PAM01,aSP13
720575940626622480,intrinsic,central,Kenyon_Cell,,MBp4,right,,KCab,KCab-c
720575940626633960,intrinsic,central,Kenyon_Cell,KCg,MBp3,left,,KCg-m,
720575940626647960,intrinsic,central,Kenyon_Cell,KCg,MBp2,left,,KCg-m,
720575940626663440,intrinsic,central,Kenyon_Cell,,MBp1,right,,KCab,KCab-m
720575940626676120,intrinsic,central,Kenyon_Cell,,MBp3,right,,KCab,KCab-m
720575940626726730,afferent,sensory,olfactory,,,right,AN,ORN_DM4,
720575940626805520,intrinsic,central,Kenyon_Cell,,MBp2,left,,KCab,KCab-s
720575940626878460,intrinsic,central,DAN,,CREa1_dorsal,right,,PAM10,
720575940626925480,afferent,sensory,olfactory,,,left,AN,ORN_VL1,
720575940626937630,intrinsic,central,Kenyon_Cell,,MBp1,left,,KCab,KCab-m
720575940627059460,intrinsic,central,Kenyon_Cell,KCg,MBp3,left,,KCg-m,
720575940627079080,intrinsic,central,Kenyon_Cell,KCg,MBp2,left,,KCg-m,
720575940627089930,intrinsic,central,Kenyon_Cell,,MBp4,right,,KCapbp-m,KCab-m
720575940627144010,afferent,sensory,olfactory,,,right,AN,ORN_VL2a,
720575940627150090,intrinsic,central,Kenyon_Cell,KCg,MBp1,right,,KCg-m,
720575940627153930,intrinsic,central,Kenyon_Cell,,MBp2,left,,KCapbp-ap1,KCab-ap1
720575940627163560,afferent,sensory,olfactory,,,right,AN,ORN_DM1,
720575940627165010,intrinsic,central,Kenyon_Cell,KCg,MBp1,right,,KCg-m,
720575940627200010,intrinsic,central,Kenyon_Cell,KCg,MBp2,left,,KCg-m,
720575940627295260,intrinsic,central,Kenyon_Cell,KCg,MBp3,left,,KCg-d,
720575940627332100,intrinsic,central,Kenyon_Cell,,MBp4,right,,KCab,KCab-c
720575940627431080,afferent,sensory,olfactory,,,left,AN,ORN_DM6,
720575940627455400,afferent,sensory,olfactory,,,right,AN,ORN_DA4l,
720575940627552680,intrinsic,central,Kenyon_Cell,,MBp2,right,,KCab,KCab-s
720575940627565820,intrinsic,central,DAN,,CREa1_dorsal,left,,PAM03,
720575940627581700,intrinsic,central,Kenyon_Cell,,MBp2,left,,KCab,KCab-s
720575940627598760,intrinsic,central,Kenyon_Cell,KCg,MBp3,left,,KCg-m,
720575940627615400,intrinsic,central,Kenyon_Cell,,MBp4,right,,KCab,KCab-c
720575940627687940,intrinsic,central,Kenyon_Cell,KCg,MBp4,right,,KCg-m,
720575940627776450,intrinsic,central,Kenyon_Cell,,MBp4,right,,KCab,KCab-m
720575940627801930,intrinsic,central,Kenyon_Cell,,MBp1,left,,KCab,KCab-m
720575940627817260,afferent,sensory,olfactory,,,left,AN,ORN_V,
720575940627902440,intrinsic,central,Kenyon_Cell,KCg,MBp3,left,,KCg-m,
720575940627910160,intrinsic,central,Kenyon_Cell,,MBp2,left,,KCapbp-m,KCab-m
720575940627915280,intrinsic,central,Kenyon_Cell,KCg,MBp1,left,,KCg-m,
720575940627930490,intrinsic,central,Kenyon_Cell,,MBp2,left,,KCab,KCab-c
720575940627986220,intrinsic,central,Kenyon_Cell,,MBp4,right,,KCab,KCab-c
720575940628044560,afferent,sensory,olfactory,,,right,AN,ORN_DL1,
720575940628184040,afferent,sensory,olfactory,pheromone,,right,AN,ORN_DC3,
720575940628190780,intrinsic,central,Kenyon_Cell,KCg,MBp4,right,,KCg-d,
720575940628239110,intrinsic,central,Kenyon_Cell,KCg,MBp2,left,,KCg-m,
720575940628281860,afferent,sensory,olfactory,pheromone,,right,AN,ORN_DA1,
720575940628285450,afferent,sensory,olfactory,,,right,AN,ORN_DP1l,
720575940628330240,intrinsic,central,Kenyon_Cell,,MBp2,left,,KCab,KCab-s
720575940628376080,intrinsic,central,Kenyon_Cell,,MBp1,left,,KCab,KCab-s
720575940628400940,intrinsic,central,Kenyon_Cell,,MBp3,left,,KCab,KCab-c
720575940628519020,intrinsic,central,Kenyon_Cell,,MBp2,right,,KCab,KCab-m
720575940628564350,afferent,sensory,olfactory,,,left,AN,ORN_VM6v,ORN_VC5
720575940628707600,afferent,sensory,olfactory,,,left,AN,ORN_VL2p,
720575940628708170,afferent,sensory,olfactory,pheromone,,left,AN,ORN_VA1v,
720575940628708460,intrinsic,central,Kenyon_Cell,,MBp4,left,,KCab,KCab-m
720575940628835840,afferent,sensory,olfactory,pheromone,,left,AN,ORN_DL3,
720575940628876860,intrinsic,central,Kenyon_Cell,,MBp1,left,,KCapbp-ap2,KCab-ap2
720575940628894970,afferent,sensory,olfactory,pheromone,,left,AN,ORN_DC3,
720575940628897280,afferent,sensory,olfactory,,,left,AN,ORN_VM3,
720575940628917980,intrinsic,central,Kenyon_Cell,KCg,MBp4,right,,KCg-m,
720575940628937590,intrinsic,central,Kenyon_Cell,,MBp1,left,,KCab,KCab-c
720575940628953210,afferent,sensory,olfactory,,,right,AN,ORN_DP1m,
720575940628993900,afferent,sensory,olfactory,,,left,MxLbN,ORN_VM7v,
720575940629029370,intrinsic,central,Kenyon_Cell,KCg,MBp2,left,,KCg-m,
720575940629074540,intrinsic,central,Kenyon_Cell,,MBp1,left,,KCab,KCab-c
720575940629088450,intrinsic,central,Kenyon_Cell,KCg,MBp1,right,,KCg-m,
720575940629099770,afferent,sensory,olfactory,,,right,MxLbN,ORN_VM7v,
720575940629154810,afferent,sensory,olfactory,,,right,AN,ORN_DC1,
720575940629162870,afferent,sensory,olfactory,,,left,MxLbN,ORN_VA4,
720575940629199810,afferent,sensory,olfactory,pheromone,,left,AN,ORN_VA1v,
720575940629270060,intrinsic,central,Kenyon_Cell,,MBp4,right,,KCapbp-m,KCab-m
720575940629299500,intrinsic,central,Kenyon_Cell,KCg,MBp3,left,,KCg-m,
720575940629336770,afferent,sensory,olfactory,pheromone,,left,AN,ORN_DA1,
720575940629337470,afferent,sensory,olfactory,,,right,AN,ORN_VM2,
720575940629338750,afferent,sensory,olfactory,,,right,AN,ORN_V,
720575940629390970,afferent,sensory,olfactory,,,right,AN,ORN_VM6l,ORN_VC5
720575940629452670,afferent,sensory,olfactory,,,left,AN,ORN_DM3,
720575940629471610,intrinsic,central,Kenyon_Cell,,MBp1,left,,KCapbp-ap1,KCab-ap1
720575940629474090,intrinsic,central,Kenyon_Cell,,MBp3,right,,KCab,KCab-c
720575940629477180,intrinsic,central,Kenyon_Cell,,MBp2,left,,KCab,KCab-c
720575940629499330,intrinsic,central,Kenyon_Cell,KCg,MBp2,left,,KCg-m,
720575940629507450,intrinsic,central,Kenyon_Cell,KCg,MBp3,right,,KCg-m,
720575940629521260,afferent,sensory,olfactory,,,right,AN,ORN_VA7m,
720575940629527670,afferent,sensory,olfactory,,,left,AN,ORN_VM5d,
720575940629601810,intrinsic,central,Kenyon_Cell,,MBp2,left,,KCab,KCab-m
720575940629625210,intrinsic,central,Kenyon_Cell,KCg,MBp1,left,,KCg-m,
720575940629631870,intrinsic,central,Kenyon_Cell,KCg,MBp3,left,,KCg-m,
720575940629633150,intrinsic,central,Kenyon_Cell,KCg,MBp1,right,,KCg-m,
720575940629723690,intrinsic,central,Kenyon_Cell,KCg,MBp3,left,,KCg-m,
720575940629792620,intrinsic,central,Kenyon_Cell,,MBp1,right,,KCab,KCab-c
720575940629814060,intrinsic,central,Kenyon_Cell,,MBp3,right,,KCapbp-m,KCab-m
720575940629855340,intrinsic,central,Kenyon_Cell,KCg,MBp1,right,,KCg-m,
720575940629888000,intrinsic,central,Kenyon_Cell,,MBp3,left,,KCapbp-ap1,KCab-ap1
720575940629899820,intrinsic,central,Kenyon_Cell,,MBp1,left,,KCapbp-ap1,KCab-ap1
720575940629906060,afferent,sensory,olfactory,,,left,AN,ORN_VM6v,ORN_VC5
720575940629908350,afferent,sensory,olfactory,,,left,AN,ORN_VL2a,
720575940629966710,intrinsic,central,Kenyon_Cell,KCg,MBp3,left,,KCg-m,
720575940629981440,intrinsic,central,MBON,,putative_primary,left,,MBON26,
720575940630023680,intrinsic,central,Kenyon_Cell,KCg,MBp2,left,,KCg-m,
720575940630026600,intrinsic,central,Kenyon_Cell,,MBp3,right,,KCab,KCab-c
720575940630047080,intrinsic,central,Kenyon_Cell,KCg,MBp1,right,,KCg-m,
720575940630249020,afferent,sensory,olfactory,pheromone,,right,AN,ORN_VA1d,
720575940630269660,intrinsic,central,Kenyon_Cell,,MBp4,right,,KCab,KCab-m
720575940630288440,intrinsic,central,Kenyon_Cell,,MBp4,left,,KCab,KCab-s
720575940630366780,afferent,sensory,olfactory,,,right,AN,ORN_DL5,
720575940630399340,intrinsic,central,Kenyon_Cell,KCg,MBp3,left,,KCg-m,
720575940630414700,intrinsic,central,Kenyon_Cell,KCg,MBp2,right,,KCg-m,
720575940630465420,intrinsic,central,Kenyon_Cell,,MBp2,left,,KCab,KCab-m
720575940630465500,afferent,sensory,olfactory,,,right,AN,ORN_VL1,
720575940630533650,intrinsic,central,Kenyon_Cell,,MBp2,left,,KCab,KCab-c
720575940630555340,intrinsic,central,Kenyon_Cell,,MBp3,right,,KCab,KCab-c
720575940630571980,intrinsic,central,Kenyon_Cell,,MBp3,right,,KCab,KCab-m
720575940630573260,intrinsic,central,Kenyon_Cell,,MBp2,right,,KCab,KCab-s
720575940630592460,intrinsic,central,Kenyon_Cell,,MBp1,right,,KCab,KCab-m
720575940630612280,afferent,sensory,olfactory,,,right,AN,ORN_DM2,
720575940630612620,intrinsic,central,Kenyon_Cell,,MBp2,right,,KCab,KCab-m
720575940630671890,intrinsic,central,Kenyon_Cell,KCg,MBp3,right,,KCg-m,
720575940630675730,intrinsic,central,Kenyon_Cell,KCg,MBp1,right,,KCg-m,
720575940630715410,intrinsic,central,Kenyon_Cell,KCg,MBp1,left,,KCg-m,
720575940630720810,afferent,sensory,olfactory,,,left,AN,ORN_DL4,
720575940630763390,afferent,sensory,olfactory,,,left,AN,ORN_DP1l,
720575940630838570,afferent,sensory,olfactory,pheromone,,right,AN,ORN_DA1,
720575940630848740,intrinsic,central,Kenyon_Cell,KCg,MBp4,left,,KCg-m,
720575940630935570,intrinsic,central,Kenyon_Cell,KCg,MBp4,right,,KCg-m,
720575940630960780,afferent,sensory,olfactory,,,left,AN,ORN_DA4m,
720575940630966840,intrinsic,central,Kenyon_Cell,KCg,MBp2,right,,KCg-m,
720575940631003410,intrinsic,central,Kenyon_Cell,KCg,MBp1,left,,KCg-m,
720575940631054540,intrinsic,central,Kenyon_Cell,,MBp2,right,,KCab,KCab-m
720575940631118610,intrinsic,central,DAN,,CREa1_dorsal,left,,PAM02,
720575940631152440,afferent,sensory,olfactory,,,left,AN,ORN_VL1,
720575940631154380,intrinsic,central,Kenyon_Cell,KCg,MBp1,left,,KCg-m,
720575940631229800,afferent,sensory,olfactory,pheromone,,left,AN,ORN_DA1,
720575940631336930,intrinsic,central,Kenyon_Cell,KCg,MBp3,right,,KCg-m,
720575940631408610,intrinsic,central,Kenyon_Cell,,MBp2,right,,KCab,KCab-s
720575940631445010,afferent,sensory,olfactory,pheromone,,left,AN,ORN_VA1d,
720575940631479570,afferent,sensory,olfactory,,,right,AN,ORN_DA4m,
720575940631498040,afferent,sensory,olfactory,,,right,MxLbN,ORN_VA4,
720575940631544740,afferent,sensory,olfactory,pheromone,,right,AN,ORN_DL3,
720575940631615800,afferent,sensory,olfactory,pheromone,,left,AN,ORN_VA1v,
720575940631639570,afferent,sensory,olfactory,,,right,AN,ORN_VA6,
720575940631731620,intrinsic,central,Kenyon_Cell,KCg,MBp4,right,,KCg-m,
720575940631792440,intrinsic,central,Kenyon_Cell,KCg,MBp1,left,,KCg-m,
720575940631829900,afferent,sensory,olfactory,pheromone,,left,AN,ORN_VA1d,
720575940631843980,intrinsic,central,Kenyon_Cell,,MBp2,left,,KCab-p,
720575940631930060,afferent,sensory,olfactory,,,left,AN,ORN_VA6,
720575940631960290,afferent,sensory,olfactory,,,left,AN,ORN_DC4,
720575940631964620,intrinsic,central,Kenyon_Cell,KCg,MBp3,left,,KCg-m,
720575940631983330,afferent,sensory,olfactory,,,right,AN,ORN_DM3,
720575940632034700,intrinsic,central,Kenyon_Cell,KCg,MBp3,left,,KCg-m,
720575940632111780,intrinsic,central,Kenyon_Cell,KCg,MBp1,right,,KCg-m,
720575940632172770,intrinsic,central,Kenyon_Cell,,MBp1,left,,KCapbp-m,KCab-m
720575940632271780,intrinsic,central,Kenyon_Cell,KCg,MBp4,left,,KCg-d,
720575940632306380,intrinsic,central,Kenyon_Cell,KCg,MBp3,left,,KCg-m,
720575940632344290,intrinsic,central,DAN,,CREa2_medial,right,,PAM05,
720575940632371040,intrinsic,central,Kenyon_Cell,,MBp2,right,,KCapbp-ap1,KCab-ap1
720575940632434340,intrinsic,central,Kenyon_Cell,KCg,MBp1,right,,KCg-m,
720575940632473440,intrinsic,central,Kenyon_Cell,,MBp3,right,,KCab,KCab-c
720575940632536780,intrinsic,central,Kenyon_Cell,KCg,MBp3,right,,KCg-m,
720575940632633400,afferent,sensory,olfactory,pheromone,,left,AN,ORN_VA1v,
720575940632835810,intrinsic,central,Kenyon_Cell,,MBp4,right,,KCab,KCab-s
720575940632929690,intrinsic,central,Kenyon_Cell,,MBp1,right,,KCab,KCab-c
720575940633002040,intrinsic,central,Kenyon_Cell,KCg,MBp3,left,,KCg-m,
720575940633073760,intrinsic,central,Kenyon_Cell,,MBp4,right,,KCab,KCab-c
720575940633142170,intrinsic,central,Kenyon_Cell,KCg,MBp1,left,,KCg-m,
720575940633250530,afferent,sensory,olfactory,,,right,AN,ORN_VM2,
720575940633259360,afferent,sensory,olfactory,,,right,AN,ORN_DL5,
720575940633422490,afferent,sensory,olfactory,,,left,MxLbN,ORN_VC1,
720575940633493660,intrinsic,central,Kenyon_Cell,KCg,MBp2,right,,KCg-m,
720575940633496290,intrinsic,central,Kenyon_Cell,KCg,MBp1,left,,KCg-m,
720575940633512800,afferent,sensory,olfactory,pheromone,,right,AN,ORN_DA1,
720575940633515490,intrinsic,central,DAN,,CREa1_dorsal,right,,PAM06,
720575940633516980,intrinsic,central,Kenyon_Cell,,MBp4,right,,KCab,KCab-c
720575940633543650,afferent,sensory,olfactory,pheromone,,left,AN,ORN_VA1d,
720575940633551540,intrinsic,central,Kenyon_Cell,,MBp1,right,,KCab,KCab-c
720575940633552820,intrinsic,central,Kenyon_Cell,,MBp1,right,,KCab,KCab-s
720575940633553760,afferent,sensory,olfactory,,,right,AN,ORN_VM1,
720575940633566690,intrinsic,central,Kenyon_Cell,KCg,MBp2,left,,KCg-m,
720575940633572250,intrinsic,central,Kenyon_Cell,KCg,MBp2,left,,KCg-d,
720575940633620940,intrinsic,central,Kenyon_Cell,,MBp1,left,,KCapbp-m,KCab-m
720575940634023860,afferent,sensory,olfactory,,,left,MxLbN,ORN_VA4,
720575940634078200,intrinsic,central,Kenyon_Cell,KCg,MBp2,right,,KCg-m,
720575940634154140,intrinsic,central,Kenyon_Cell,KCg,MBp2,right,,KCg-m,
720575940634347360,intrinsic,central,Kenyon_Cell,,MBp2,right,,KCab,KCab-s
720575940634351200,intrinsic,central,Kenyon_Cell,,MBp2,right,,KCab-p,
720575940634365620,afferent,sensory,olfactory,,,left,AN,ORN_VM5d,
720575940634538080,afferent,sensory,olfactory,pheromone,,left,AN,ORN_DA1,
720575940634638990,intrinsic,central,Kenyon_Cell,,MBp3,right,,KCab,KCab-m
720575940634849460,intrinsic,central,Kenyon_Cell,KCg,MBp2,right,,KCg-m,
720575940634987000,afferent,sensory,olfactory,pheromone,,left,AN,ORN_DL3,
720575940634989560,intrinsic,central,Kenyon_Cell,,MBp1,right,,KCab,KCab-s
720575940634995960,afferent,sensory,olfactory,pheromone,,right,AN,ORN_DA1,
720575940635150990,intrinsic,central,Kenyon_Cell,,MBp2,right,,KCab,KCab-s
720575940635397880,intrinsic,central,Kenyon_Cell,,MBp1,left,,KCapbp-ap1,KCab-ap1
720575940635399160,afferent,sensory,olfactory,,,right,AN,ORN_VM1,
720575940635422320,intrinsic,central,Kenyon_Cell,,MBp1,left,,KCab,KCab-m
720575940635425460,intrinsic,central,Kenyon_Cell,KCg,MBp1,left,,KCg-m,
720575940635509360,intrinsic,central,Kenyon_Cell,,MBp2,left,,KCapbp-ap2,KCab-ap2
720575940635656670,intrinsic,central,Kenyon_Cell,,MBp1,right,,KCab,KCab-m
720575940635908580,intrinsic,central,Kenyon_Cell,KCg,MBp4,right,,KCg-d,
720575940636052080,afferent,sensory,olfactory,,,left,AN,ORN_VA2,
720575940636294110,intrinsic,central,Kenyon_Cell,,MBp1,left,,KCab,KCab-m
720575940636297700,intrinsic,central,Kenyon_Cell,KCg,MBp3,left,,KCg-m,
720575940636388750,afferent,sensory,olfactory,pheromone,,right,AN,ORN_DL3,
720575940636447630,intrinsic,central,Kenyon_Cell,,MBp2,right,,KCab,KCab-c
720575940636461710,intrinsic,central,DAN,,CREa1_dorsal,right,,PAM13,
720575940636539790,intrinsic,central,Kenyon_Cell,KCg,MBp4,left,,KCg-m,
720575940636553390,intrinsic,central,Kenyon_Cell,,MBp3,right,,KCab,KCab-m
720575940636560730,intrinsic,central,Kenyon_Cell,,MBp1,right,,KCapbp-ap2,KCab-ap2
720575940636571310,intrinsic,central,Kenyon_Cell,,MBp3,left,,KCab-p,
720575940636605530,intrinsic,central,Kenyon_Cell,,MBp4,right,,KCab,KCab-s
720575940636677190,intrinsic,central,Kenyon_Cell,,MBp3,right,,KCab,KCab-m
720575940636679390,afferent,sensory,olfactory,,,right,AN,ORN_VM4,
720575940636809950,afferent,sensory,olfactory,,,left,AN,ORN_VM1,
720575940636839280,intrinsic,central,Kenyon_Cell,KCg,MBp3,right,,KCg-d,
720575940636848710,intrinsic,central,Kenyon_Cell,,MBp4,left,,KCab,KCab-m
720575940636909790,intrinsic,central,Kenyon_Cell,KCg,MBp1,left,,KCg-m,
720575940637112390,intrinsic,central,Kenyon_Cell,,MBp3,left,,KCapbp-ap2,KCab-ap2
720575940637164260,intrinsic,central,Kenyon_Cell,KCg,MBp1,right,,KCg-m,
720575940637190990,intrinsic,central,Kenyon_Cell,KCg,MBp2,right,,KCg-m,
720575940637222470,intrinsic,central,Kenyon_Cell,,MBp3,right,,KCapbp-m,KCab-m
720575940637404750,intrinsic,central,Kenyon_Cell,KCg,MBp1,right,,KCg-m,
720575940637526750,intrinsic,central,Kenyon_Cell,,MBp3,right,,KCab,KCab-c
720575940637683790,intrinsic,central,Kenyon_Cell,,MBp4,left,,KCab,KCab-m
720575940637726180,intrinsic,central,Kenyon_Cell,,MBp1,right,,KCapbp-m,KCab-m
720575940637746520,intrinsic,central,Kenyon_Cell,KCg,MBp1,right,,KCg-m,
720575940637804260,intrinsic,central,Kenyon_Cell,KCg,MBp4,right,,KCg-m,
720575940637870820,intrinsic,central,Kenyon_Cell,,MBp1,left,,KCab,KCab-s
720575940637890650,intrinsic,central,Kenyon_Cell,,MBp3,left,,KCab,KCab-s
720575940637920740,intrinsic,central,Kenyon_Cell,,MBp1,left,,KCab,KCab-m
720575940637945670,intrinsic,central,Kenyon_Cell,,MBp4,left,,KCab,KCab-m
720575940637999950,intrinsic,central,Kenyon_Cell,,MBp4,right,,KCapbp-ap2,KCab-ap2
720575940638048070,intrinsic,central,DAN,,CREa2_medial,left,,PAM14,
720575940638099940,afferent,sensory,olfactory,pheromone,,right,AN,ORN_DA1,
720575940638163940,intrinsic,central,DAN,,CREa1_dorsal,right,,PAM10,
720575940638214470,afferent,sensory,olfactory,,,right,AN,ORN_VM5d,
720575940638216420,afferent,sensory,olfactory,pheromone,,left,AN,ORN_DA1,
720575940638229080,afferent,sensory,olfactory,,,left,MxLbN,ORN_VM7d,
720575940638270080,intrinsic,central,Kenyon_Cell,,MBp1,left,,KCab,KCab-m
720575940638467200,intrinsic,central,Kenyon_Cell,,MBp2,left,,KCab,KCab-c
720575940638469190,intrinsic,central,Kenyon_Cell,,MBp3,left,,KCab,KCab-c
720575940638578510,intrinsic,central,Kenyon_Cell,,MBp4,left,,KCapbp-ap1,KCab-ap1
720575940638592590,intrinsic,central,Kenyon_Cell,,MBp1,left,,KCab,KCab-m
720575940638642560,afferent,sensory,olfactory,,,right,AN,ORN_VL1,
720575940638691200,intrinsic,central,Kenyon_Cell,KCg,MBp4,left,,KCg-m,
720575940638915160,afferent,sensory,olfactory,,,right,AN,ORN_VM2,
720575940638957400,afferent,sensory,olfactory,,,right,AN,ORN_DM6,
720575940639013210,intrinsic,central,Kenyon_Cell,,MBp2,left,,KCapbp-m,KCab-m
720575940639075150,intrinsic,central,DAN,,CREa2_medial,left,,PAM10,
720575940639100760,intrinsic,central,Kenyon_Cell,KCg,MBp4,right,,KCg-m,
720575940639158480,intrinsic,central,Kenyon_Cell,,MBp3,right,,KCapbp-ap1,KCab-ap1
720575940639172560,intrinsic,central,Kenyon_Cell,,MBp4,right,,KCapbp-m,KCab-m
720575940639182680,afferent,sensory,olfactory,,,right,AN,ORN_VA6,
720575940639309390,intrinsic,central,Kenyon_Cell,KCg,MBp1,left,,KCg-m,
720575940639328640,intrinsic,central,Kenyon_Cell,KCg,MBp2,left,,KCg-m,
720575940639487440,afferent,sensory,olfactory,,,right,AN,ORN_VM5v,
720575940639684440,intrinsic,central,Kenyon_Cell,,MBp4,left,,KCapbp-m,KCab-m
720575940639859840,intrinsic,central,Kenyon_Cell,KCg,MBp3,left,,KCg-m,
720575940639881600,intrinsic,central,Kenyon_Cell,KCg,MBp3,right,,KCg-m,
720575940639989120,intrinsic,central,Kenyon_Cell,KCg,MBp1,left,,KCg-m,
720575940640451280,intrinsic,central,Kenyon_Cell,KCg,MBp2,left,,KCg-m,
720575940640595840,afferent,sensory,olfactory,,,,AN,ORN_DA4l,
720575940642383520,intrinsic,central,Kenyon_Cell,,MBp4,right,,KCapbp-ap2,KCab-ap2
720575940642455200,afferent,sensory,olfactory,,,right,AN,ORN_DM6,
720575940642624200,intrinsic,central,Kenyon_Cell,,MBp1,left,,KCapbp-ap1,KCab-ap1
720575940642936520,afferent,sensory,olfactory,,,left,AN,ORN_D,
720575940643063200,intrinsic,central,Kenyon_Cell,KCg,MBp1,right,,KCg-m,
720575940643163940,intrinsic,central,Kenyon_Cell,KCg,MBp4,left,,KCg-m,
720575940643183140,afferent,sensory,olfactory,,,right,AN,ORN_DC1,
720575940643287240,intrinsic,central,Kenyon_Cell,KCg,MBp4,left,,KCg-m,
720575940643398180,intrinsic,central,Kenyon_Cell,KCg,MBp1,left,,KCg-m,
720575940643407520,afferent,sensory,olfactory,,,right,AN,ORN_DM3,
720575940643495840,intrinsic,central,Kenyon_Cell,,MBp3,left,,KCab,KCab-c
720575940643516360,intrinsic,central,Kenyon_Cell,KCg,MBp1,left,,KCg-m,
720575940643543200,intrinsic,central,DAN,,CREa2_medial,left,,PAM07,
720575940643700640,intrinsic,central,MBON,,DL2_ventral,right,,MBON29,
720575940643842340,afferent,sensory,olfactory,,,left,AN,ORN_DC1,
720575940643906340,afferent,sensory,olfactory,,,left,AN,ORN_DP1l,
720575940643950190,intrinsic,central,DAN,,CREa1_dorsal,right,,PAM07,
720575940643977070,afferent,sensory,olfactory,,,right,AN,ORN_DM1,
720575940643980910,afferent,sensory,olfactory,,,left,AN,ORN_DM1,
720575940644316360,afferent,sensory,olfactory,,,right,AN,ORN_VL2a,
720575940644472100,intrinsic,central,Kenyon_Cell,,MBp1,right,,KCapbp-ap1,KCab-ap1
720575940644530030,afferent,sensory,olfactory,pheromone,,left,AN,ORN_DA1,
720575940644541640,intrinsic,central,Kenyon_Cell,,MBp3,left,,KCab,KCab-m
720575940644587630,intrinsic,central,Kenyon_Cell,,MBp2,left,,KCab,KCab-s
720575940645304430,intrinsic,central,MBON,,FLAa2,left,,MBON13,
720575940645344110,intrinsic,central,Kenyon_Cell,KCg,MBp4,left,,KCg-m,
720575940645562990,afferent,sensory,olfactory,pheromone,,left,AN,ORN_VA1d,
720575940645722660,afferent,sensory,olfactory,,,left,AN,ORN_VL2p,
720575940645828740,intrinsic,central,Kenyon_Cell,,MBp1,right,,KCab,KCab-m
720575940646034740,intrinsic,central,Kenyon_Cell,KCg,MBp2,right,,KCg-m,
720575940646308740,afferent,sensory,olfactory,,,right,AN,ORN_VL2p,
720575940646484020,afferent,sensory,olfactory,,,right,AN,ORN_DM3,
720575940646514740,afferent,sensory,olfactory,,,right,AN,ORN_D,
720575940646540910,afferent,sensory,olfactory,,,left,AN,ORN_VA2,
720575940646672260,afferent,sensory,olfactory,,,left,AN,ORN_DM3,
720575940646697780,intrinsic,central,Kenyon_Cell,KCg,MBp4,right,,KCg-m,
720575940646852660,intrinsic,central,DAN,,putative_primary,right,,PPL203,
720575940647328900,intrinsic,central,MBON,,EBa1,right,,MBON10,
720575940648681860,afferent,sensory,olfactory,,,left,AN,ORN_DC1,
720575940650270710,intrinsic,central,Kenyon_Cell,,MBp3,right,,KCab,KCab-m
720575940650726390,intrinsic,central,Kenyon_Cell,KCg,MBp3,left,,KCg-d,
720575940651502070,afferent,sensory,olfactory,,,right,AN,ORN_VA6,
720575940651816950,intrinsic,central,Kenyon_Cell,,MBp2,right,,KCab,KCab-m
720575940652035830,intrinsic,central,Kenyon_Cell,KCg,MBp3,left,,KCg-m,
720575940652200950,intrinsic,central,Kenyon_Cell,,MBp4,left,,KCapbp-ap1,KCab-ap1
720575940652311030,intrinsic,central,Kenyon_Cell,,MBp3,right,,KCab,KCab-s
720575940604304561,intrinsic,central,Kenyon_Cell,,MBp4,left,,KCapbp-ap1,KCab-ap1
720575940605171121,intrinsic,central,Kenyon_Cell,KCg,MBp1,right,,KCg-m,
720575940605252041,intrinsic,central,Kenyon_Cell,KCg,MBp3,right,,KCg-m,
720575940605280201,intrinsic,central,DAN,,CREa2_medial,right,,PAM08,
720575940605290441,intrinsic,central,Kenyon_Cell,KCg,MBp3,right,,KCg-m,
720575940605343921,afferent,sensory,olfactory,,,right,AN,ORN_V,
720575940605661361,afferent,sensory,olfactory,,,right,AN,ORN_VA7m,
720575940605724081,afferent,sensory,olfactory,,,left,AN,ORN_DL4,
720575940605934001,intrinsic,central,Kenyon_Cell,KCg,MBp3,right,,KCg-m,
720575940606009801,intrinsic,central,Kenyon_Cell,KCg,MBp3,left,,KCg-m,
720575940606053041,afferent,sensory,olfactory,,,right,AN,ORN_V,
720575940606342321,afferent,sensory,olfactory,pheromone,,right,AN,ORN_VA1v,
720575940606452681,intrinsic,central,Kenyon_Cell,,MBp2,right,,KCab,KCab-m
720575940606496011,intrinsic,central,Kenyon_Cell,,MBp3,right,,KCapbp-ap2,KCab-ap2
720575940606549961,intrinsic,central,Kenyon_Cell,,MBp1,right,,KCab,KCab-c
720575940606725131,intrinsic,central,Kenyon_Cell,,MBp4,left,,KCab,KCab-s
720575940606864341,intrinsic,central,Kenyon_Cell,,MBp1,right,,KCab,KCab-m
720575940606891221,intrinsic,central,Kenyon_Cell,,MBp4,right,,KCab,KCab-m
720575940606902741,intrinsic,central,Kenyon_Cell,,MBp2,right,,KCab,KCab-s
720575940607030281,intrinsic,central,Kenyon_Cell,,MBp3,right,,KCab,KCab-s
720575940607221771,afferent,sensory,olfactory,,,right,AN,ORN_VM5d,
720575940607287561,intrinsic,central,DAN,,CREa2_medial,right,,PAM06,
720575940607310531,intrinsic,central,Kenyon_Cell,,MBp4,right,,KCab,KCab-m
720575940607348931,intrinsic,central,Kenyon_Cell,KCg,MBp2,right,,KCg-d,
720575940607375881,afferent,sensory,olfactory,,,right,AN,ORN_VA5,
720575940607520451,intrinsic,central,Kenyon_Cell,KCg,MBp2,left,,KCg-d,
720575940607580171,afferent,sensory,olfactory,,,right,AN,ORN_VM4,
720575940607685571,intrinsic,central,Kenyon_Cell,,MBp2,left,,KCab,KCab-s
720575940607984651,intrinsic,central,Kenyon_Cell,KCg,MBp1,right,,KCg-m,
720575940608044501,afferent,sensory,olfactory,pheromone,,left,AN,ORN_DA1,
720575940608152021,intrinsic,central,Kenyon_Cell,KCg,MBp1,left,,KCg-m,
720575940608227541,afferent,sensory,olfactory,,,right,AN,ORN_DL1,
720575940608253891,afferent,sensory,olfactory,,,left,AN,ORN_DL4,
720575940608277771,afferent,sensory,olfactory,pheromone,,left,AN,ORN_DL3,
720575940608313301,intrinsic,central,Kenyon_Cell,,MBp3,left,,KCapbp-m,KCab-m
720575940608313611,afferent,sensory,olfactory,,,left,AN,ORN_DL1,
720575940608344331,intrinsic,central,Kenyon_Cell,KCg,MBp1,left,,KCg-m,
720575940608447241,intrinsic,central,Kenyon_Cell,,MBp4,right,,KCab,KCab-s
720575940608544011,intrinsic,central,Kenyon_Cell,KCg,MBp3,left,,KCg-m,
720575940608657621,intrinsic,central,Kenyon_Cell,,MBp1,right,,KCapbp-m,KCab-m
720575940608772821,intrinsic,central,Kenyon_Cell,,MBp1,right,,KCab,KCab-m
720575940608997571,intrinsic,central,Kenyon_Cell,KCg,MBp1,left,,KCg-m,
720575940609179331,intrinsic,central,Kenyon_Cell,KCg,MBp2,right,,KCg-m,
720575940609180611,intrinsic,central,DAN,,putative_primary,left,,PPL106,
720575940609220291,intrinsic,central,Kenyon_Cell,,MBp1,right,,KCapbp-ap2,KCab-ap2
720575940609586901,afferent,sensory,olfactory,,,right,AN,ORN_VL2a,
720575940609634571,intrinsic,central,Kenyon_Cell,,MBp4,right,,KCab,KCab-s
720575940609970801,intrinsic,central,Kenyon_Cell,,MBp4,right,,KCab,KCab-c
720575940610185221,afferent,sensory,olfactory,,,left,AN,ORN_DP1m,
720575940610353381,intrinsic,central,Kenyon_Cell,KCg,MBp3,right,,KCg-d,
720575940610358501,intrinsic,central,Kenyon_Cell,,MBp4,right,,KCab,KCab-s
720575940610370201,intrinsic,central,Kenyon_Cell,KCg,MBp2,right,,KCg-d,
720575940610386661,intrinsic,central,Kenyon_Cell,,MBp3,right,,KCab,KCab-m
720575940610497731,intrinsic,central,Kenyon_Cell,,MBp3,left,,KCab,KCab-s
720575940610505621,intrinsic,central,Kenyon_Cell,,MBp1,right,,KCab,KCab-s
720575940610585011,intrinsic,central,Kenyon_Cell,,MBp3,left,,KCab,KCab-s
720575940610618341,intrinsic,central,Kenyon_Cell,,MBp3,left,,KCab,KCab-c
720575940610700181,afferent,sensory,olfactory,,,left,AN,ORN_VM5d,
720575940610773171,intrinsic,central,Kenyon_Cell,,MBp4,right,,KCapbp-ap1,KCab-ap1
720575940610774451,intrinsic,central,Kenyon_Cell,KCg,MBp2,left,,KCg-m,
720575940610823141,intrinsic,central,Kenyon_Cell,KCg,MBp1,left,,KCg-m,
720575940610906521,intrinsic,central,Kenyon_Cell,KCg,MBp3,right,,KCg-m,
720575940610990821,intrinsic,central,Kenyon_Cell,,MBp4,right,,KCapbp-m,KCab-m
720575940611001061,intrinsic,central,Kenyon_Cell,KCg,MBp2,right,,KCg-m,
720575940611045781,afferent,sensory,olfactory,,,left,AN,ORN_DC2,
720575940611111061,intrinsic,central,Kenyon_Cell,KCg,MBp2,right,,KCg-m,
720575940611129571,intrinsic,central,Kenyon_Cell,KCg,MBp4,right,,KCg-m,
720575940611406821,afferent,sensory,olfactory,,,left,AN,ORN_VM3,
720575940611478681,afferent,sensory,olfactory,,,right,AN,ORN_VL1,
720575940611548821,intrinsic,central,Kenyon_Cell,,MBp1,left,,KCab,KCab-m
720575940611569301,intrinsic,central,Kenyon_Cell,KCg,MBp1,right,,KCg-m,
720575940611579541,intrinsic,central,Kenyon_Cell,KCg,MBp3,right,,KCg-m,
720575940611657881,intrinsic,central,Kenyon_Cell,,MBp4,left,,KCab,KCab-m
720575940611661541,intrinsic,central,Kenyon_Cell,KCg,MBp1,left,,KCg-m,
720575940611664281,intrinsic,central,Kenyon_Cell,,MBp4,right,,KCab,KCab-s
720575940611760021,intrinsic,central,Kenyon_Cell,KCg,MBp2,left,,KCg-m,
720575940611810531,intrinsic,central,Kenyon_Cell,,MBp1,left,,KCab,KCab-m
720575940611837041,intrinsic,central,Kenyon_Cell,,MBp3,left,,KCapbp-m,KCab-m
720575940611885541,afferent,sensory,olfactory,,,left,AN,ORN_DM6,
720575940611903601,intrinsic,central,Kenyon_Cell,,MBp1,left,,KCab,KCab-m
720575940611954801,intrinsic,central,Kenyon_Cell,KCg,MBp1,left,,KCg-m,
720575940612031411,intrinsic,central,Kenyon_Cell,,MBp3,left,,KCab,KCab-m
720575940612090321,intrinsic,central,Kenyon_Cell,KCg,MBp2,right,,KCg-d,
720575940612091601,intrinsic,central,Kenyon_Cell,,MBp3,right,,KCab,KCab-c
720575940612140781,afferent,sensory,olfactory,,,left,MxLbN,ORN_VM7v,
720575940612355301,afferent,sensory,olfactory,pheromone,,right,AN,ORN_VA1d,
720575940612458211,intrinsic,central,Kenyon_Cell,KCg,MBp1,left,,KCg-m,
720575940612586981,intrinsic,central,DAN,,CREa1_dorsal,left,,PAM09,
720575940612613551,intrinsic,central,Kenyon_Cell,,MBp2,left,,KCab,KCab-s
720575940612621721,afferent,sensory,olfactory,,,right,AN,ORN_VM1,
720575940612631761,afferent,sensory,olfactory,,,left,AN,ORN_VL1,
720575940612714671,intrinsic,central,Kenyon_Cell,KCg,MBp2,right,,KCg-m,
720575940612870381,intrinsic,central,Kenyon_Cell,KCg,MBp3,left,,KCg-m,
720575940612879341,intrinsic,central,Kenyon_Cell,KCg,MBp3,left,,KCg-m,
720575940613023911,intrinsic,central,Kenyon_Cell,,MBp1,left,,KCab,KCab-s
720575940613196781,afferent,sensory,olfactory,,,left,AN,ORN_VM4,
720575940613213151,intrinsic,central,Kenyon_Cell,,MBp4,right,,KCapbp-m,KCab-m
720575940613364461,intrinsic,central,Kenyon_Cell,,MBp2,right,,KCapbp-ap1,KCab-ap1
720575940613407981,intrinsic,central,Kenyon_Cell,KCg,MBp1,left,,KCg-m,
720575940613532831,intrinsic,central,Kenyon_Cell,,MBp3,right,,KCab,KCab-c
720575940613583001,intrinsic,central,MBIN,,putative_primary,right,,APL,
720575940613690031,intrinsic,central,Kenyon_Cell,,MBp2,right,,KCapbp-ap1,KCab-ap1
720575940613732271,intrinsic,central,DAN,,CREa2_medial,left,,PAM02,
720575940613736941,afferent,sensory,olfactory,,,right,AN,ORN_VC5,ORN_VC3m
720575940613785041,afferent,sensory,olfactory,,,right,AN,ORN_VA7m,
720575940613977041,intrinsic,central,Kenyon_Cell,,MBp1,right,,KCab,KCab-s
720575940614014431,afferent,sensory,olfactory,,,right,AN,ORN_VA2,
720575940614037811,intrinsic,central,Kenyon_Cell,KCg,MBp2,right,,KCg-m,
720575940614131131,intrinsic,central,Kenyon_Cell,,MBp3,right,,KCapbp-ap2,KCab-ap2
720575940614184671,afferent,sensory,olfactory,,,left,MxLbN,ORN_VM7d,
720575940614523871,intrinsic,central,Kenyon_Cell,KCg,MBp1,left,,KCg-m,
720575940614625211,intrinsic,central,Kenyon_Cell,,MBp4,left,,KCab,KCab-s
720575940614728351,afferent,sensory,olfactory,pheromone,,left,AN,ORN_VA1v,
720575940614744991,intrinsic,central,Kenyon_Cell,,MBp4,right,,KCab,KCab-c
720575940614831291,afferent,sensory,olfactory,,,right,AN,ORN_DL1,
720575940614842741,intrinsic,central,Kenyon_Cell,,MBp3,left,,KCab-p,
720575940614861941,intrinsic,central,Kenyon_Cell,,MBp1,left,,KCab,KCab-m
720575940614880671,afferent,sensory,olfactory,,,right,MxLbN,ORN_VM7v,
720575940614899061,intrinsic,central,Kenyon_Cell,,MBp1,left,,KCapbp-m,KCab-m
720575940614899851,intrinsic,central,Kenyon_Cell,,MBp2,right,,KCab,KCab-m
720575940614991221,intrinsic,central,DAN,,CREa2_medial,left,,PAM08,
720575940615019231,intrinsic,central,Kenyon_Cell,KCg,MBp3,right,,KCg-m,
720575940615144821,afferent,sensory,olfactory,,,right,AN,ORN_DL1,
720575940615221811,intrinsic,central,MBON,,EBa1,right,,MBON10,
720575940615281291,intrinsic,central,Kenyon_Cell,,MBp4,left,,KCab,KCab-c
720575940615507641,intrinsic,central,Kenyon_Cell,KCg,MBp4,right,,KCg-m,
720575940615528251,intrinsic,central,Kenyon_Cell,,MBp3,left,,KCab,KCab-m
720575940615571601,intrinsic,central,Kenyon_Cell,,MBp1,right,,KCapbp-m,KCab-m
720575940615596171,afferent,sensory,olfactory,,,right,AN,ORN_DM5,
720575940615659381,afferent,sensory,olfactory,,,right,AN,ORN_DM4,
720575940615737531,intrinsic,central,Kenyon_Cell,KCg,MBp2,right,,KCg-m,
720575940615755921,intrinsic,central,Kenyon_Cell,,MBp4,left,,KCab,KCab-m
720575940615825211,afferent,sensory,olfactory,,,left,AN,ORN_VL2a,
720575940615839581,intrinsic,central,Kenyon_Cell,KCg,MBp1,left,,KCg-m,
720575940615885661,intrinsic,central,Kenyon_Cell,,MBp3,left,,KCab,KCab-m
720575940615897501,intrinsic,central,Kenyon_Cell,,MBp4,right,,KCab,KCab-c
720575940615903121,intrinsic,central,Kenyon_Cell,,MBp3,left,,KCapbp-m,KCab-m
720575940615923131,afferent,sensory,olfactory,,,right,AN,ORN_DA2,
720575940616076761,intrinsic,central,Kenyon_Cell,KCg,MBp4,right,,KCg-d,
720575940616121501,intrinsic,central,Kenyon_Cell,KCg,MBp2,left,,KCg-m,
720575940616138811,afferent,sensory,olfactory,,,right,AN,ORN_VM4,
720575940616140171,afferent,sensory,olfactory,,,left,MxLbN,ORN_VM7d,
720575940616305181,intrinsic,central,Kenyon_Cell,KCg,MBp2,left,,KCg-d,
720575940616343611,intrinsic,central,Kenyon_Cell,KCg,MBp4,left,,KCg-m,
720575940616350011,intrinsic,central,Kenyon_Cell,,MBp4,right,,KCab,KCab-s
720575940616356281,afferent,sensory,olfactory,,,left,AN,ORN_VM5v,
720575940616534201,afferent,sensory,olfactory,,,left,AN,ORN_VM3,
720575940616546521,afferent,sensory,olfactory,,,right,AN,ORN_VM4,
720575940616560541,intrinsic,central,Kenyon_Cell,,MBp1,left,,KCab-p,
720575940616581981,afferent,sensory,olfactory,,,left,AN,ORN_DM3,
720575940616627851,intrinsic,central,Kenyon_Cell,,MBp1,left,,KCab,KCab-m
720575940616650201,intrinsic,central,Kenyon_Cell,,MBp3,left,,KCab,KCab-m
720575940616677661,intrinsic,central,Kenyon_Cell,KCg,MBp1,right,,KCg-m,
720575940616704581,afferent,sensory,olfactory,,,left,MxLbN,ORN_VA4,
720575940616707421,intrinsic,central,Kenyon_Cell,KCg,MBp2,left,,KCg-m,
720575940616740491,afferent,sensory,olfactory,pheromone,,left,AN,ORN_VA1d,
720575940616746891,intrinsic,central,Kenyon_Cell,,MBp4,left,,KCab,KCab-c
720575940616781241,intrinsic,central,Kenyon_Cell,,MBp4,right,,KCab,KCab-c
720575940616783361,afferent,sensory,olfactory,,,right,AN,ORN_DC4,
720575940616826001,intrinsic,central,Kenyon_Cell,KCg,MBp3,left,,KCg-m,
720575940616836421,intrinsic,central,Kenyon_Cell,KCg,MBp4,left,,KCg-m,
720575940616887611,intrinsic,central,Kenyon_Cell,KCg,MBp2,left,,KCg-m,
720575940616924701,afferent,sensory,olfactory,,,right,AN,ORN_VM5v,
720575940616929241,afferent,sensory,olfactory,,,right,AN,ORN_VA5,
720575940616934361,afferent,sensory,olfactory,pheromone,,right,AN,ORN_DA1,
720575940616944251,afferent,sensory,olfactory,,,right,AN,ORN_VM6m,ORN_VC5
720575940617021441,intrinsic,central,Kenyon_Cell,,MBp1,right,,KCab,KCab-m
720575940617035521,intrinsic,central,Kenyon_Cell,KCg,MBp4,left,,KCg-m,
720575940617058521,afferent,sensory,olfactory,pheromone,,right,AN,ORN_DC3,
720575940617071321,intrinsic,central,Kenyon_Cell,,MBp3,right,,KCab,KCab-s
720575940617137881,intrinsic,central,Kenyon_Cell,KCg,MBp3,left,,KCg-m,
720575940617145561,intrinsic,central,DAN,,CREa2_medial,right,,PAM01,aSP13
720575940617165661,intrinsic,central,Kenyon_Cell,,MBp4,left,,KCapbp-m,KCab-m
720575940617172381,afferent,sensory,olfactory,pheromone,,left,AN,ORN_VA1d,
720575940617201501,intrinsic,central,Kenyon_Cell,KCg,MBp1,left,,KCg-d,
720575940617242841,intrinsic,central,DAN,,CREa1_dorsal,right,,PAM08,
720575940617258821,afferent,sensory,olfactory,,,left,AN,ORN_VM3,
720575940617293201,intrinsic,central,Kenyon_Cell,KCg,MBp2,right,,KCg-d,
720575940617380241,intrinsic,central,Kenyon_Cell,,MBp2,left,,KCab,KCab-s
720575940617411451,intrinsic,central,Kenyon_Cell,,MBp3,left,,KCab,KCab-s
720575940617473051,intrinsic,central,Kenyon_Cell,KCg,MBp4,right,,KCg-m,
720575940617478961,intrinsic,central,Kenyon_Cell,,MBp3,left,,KCab,KCab-s
720575940617486081,afferent,sensory,olfactory,pheromone,,left,AN,ORN_DA1,
720575940617541081,afferent,sensory,olfactory,pheromone,,left,AN,ORN_VA1d,
720575940617598621,afferent,sensory,olfactory,,,left,AN,ORN_DM6,
720575940617626781,afferent,sensory,olfactory,pheromone,,right,AN,ORN_DA1,
720575940617650481,intrinsic,central,Kenyon_Cell,,MBp3,right,,KCapbp-m,KCab-m
720575940617674141,afferent,sensory,olfactory,,,left,AN,ORN_VA6,
720575940617720221,afferent,sensory,olfactory,,,right,AN,ORN_VM1,
720575940617730141,afferent,sensory,olfactory,pheromone,,right,AN,ORN_VA1d,
720575940617771421,intrinsic,central,Kenyon_Cell,,MBp4,left,,KCapbp-ap2,KCab-ap2
720575940617771521,intrinsic,central,Kenyon_Cell,,MBp2,right,,KCab-p,
720575940617893461,intrinsic,central,Kenyon_Cell,,MBp3,right,,KCab,KCab-c
720575940617937181,intrinsic,central,Kenyon_Cell,KCg,MBp1,right,,KCg-m,
720575940617973021,intrinsic,central,Kenyon_Cell,,MBp2,right,,KCapbp-ap2,KCab-ap2
720575940618110021,intrinsic,central,Kenyon_Cell,KCg,MBp1,left,,KCg-d,
720575940618182981,intrinsic,central,Kenyon_Cell,KCg,MBp1,right,,KCg-m,
720575940618198721,intrinsic,central,Kenyon_Cell,KCg,MBp3,right,,KCg-m,
720575940618210251,intrinsic,central,Kenyon_Cell,,MBp4,right,,KCab,KCab-m
720575940618266491,intrinsic,central,Kenyon_Cell,KCg,MBp1,right,,KCg-m,
720575940618277681,intrinsic,central,Kenyon_Cell,,MBp1,left,,KCapbp-ap1,KCab-ap1
720575940618512331,afferent,sensory,olfactory,,,left,AN,ORN_VA2,
720575940618610311,afferent,sensory,olfactory,,,right,AN,ORN_VM4,
720575940618671751,intrinsic,central,Kenyon_Cell,KCg,MBp3,right,,KCg-m,
720575940618714351,intrinsic,central,Kenyon_Cell,,MBp3,left,,KCab,KCab-m
720575940618739621,intrinsic,central,Kenyon_Cell,,MBp3,right,,KCapbp-m,KCab-m
720575940618784891,afferent,sensory,olfactory,,,right,AN,ORN_VM6m,ORN_VC5
720575940618806101,afferent,sensory,olfactory,,,right,AN,ORN_VA6,
720575940618846001,intrinsic,central,Kenyon_Cell,KCg,MBp3,right,,KCg-m,
720575940618849841,intrinsic,central,Kenyon_Cell,KCg,MBp1,right,,KCg-m,
720575940618887151,intrinsic,central,Kenyon_Cell,,MBp3,left,,KCab,KCab-c
720575940618903931,intrinsic,central,Kenyon_Cell,KCg,MBp1,left,,KCg-d,
720575940618946901,afferent,sensory,olfactory,,,left,AN,ORN_DA2,
720575940618989421,intrinsic,central,Kenyon_Cell,,MBp2,right,,KCab,KCab-s
720575940619003051,intrinsic,central,Kenyon_Cell,,MBp2,left,,KCab,KCab-m
720575940619010251,intrinsic,central,Kenyon_Cell,KCg,MBp4,left,,KCg-m,
720575940619026241,intrinsic,central,Kenyon_Cell,,MBp2,right,,KCapbp-ap1,KCab-ap1
720575940619036911,intrinsic,central,Kenyon_Cell,KCg,MBp3,right,,KCg-m,
720575940619038061,intrinsic,central,Kenyon_Cell,KCg,MBp1,right,,KCg-m,
720575940619060321,intrinsic,central,Kenyon_Cell,,MBp2,right,,KCab,KCab-s
720575940619154891,intrinsic,central,Kenyon_Cell,KCg,MBp4,right,,KCg-m,
720575940619155541,intrinsic,central,Kenyon_Cell,,MBp1,left,,KCab,KCab-m
720575940619229761,intrinsic,central,Kenyon_Cell,,MBp1,left,,KCab,KCab-c
720575940619242081,intrinsic,central,Kenyon_Cell,,MBp4,left,,KCab,KCab-s
720575940619243691,afferent,sensory,olfactory,,,left,AN,ORN_DL5,
720575940619245121,intrinsic,central,Kenyon_Cell,KCg,MBp1,left,,KCg-m,
720575940619298731,afferent,sensory,olfactory,,,right,AN,ORN_VM5d,
720575940619358001,intrinsic,central,Kenyon_Cell,KCg,MBp4,left,,KCg-m,
720575940619373551,afferent,sensory,olfactory,,,left,AN,ORN_DL1,
720575940619375701,intrinsic,central,Kenyon_Cell,KCg,MBp4,right,,KCg-m,
720575940619430571,afferent,sensory,olfactory,,,left,AN,ORN_VC5,ORN_VC3m
720575940619597761,intrinsic,central,Kenyon_Cell,KCg,MBp3,right,,KCg-m,
720575940619667041,intrinsic,central,Kenyon_Cell,,MBp3,left,,KCab,KCab-s
720575940619701631,intrinsic,central,Kenyon_Cell,KCg,MBp3,right,,KCg-m,
720575940619798381,afferent,sensory,olfactory,,,left,AN,ORN_VM5d,
720575940619844261,intrinsic,central,DAN,,CREa2_medial,left,,PAM08,
720575940619891041,afferent,sensory,olfactory,,,left,AN,ORN_D,
720575940619896581,intrinsic,central,Kenyon_Cell,,MBp3,right,,KCapbp-m,KCab-m
720575940619954091,intrinsic,central,Kenyon_Cell,KCg,MBp4,right,,KCg-m,
720575940619973211,afferent,sensory,olfactory,pheromone,,left,AN,ORN_DL3,
720575940620012321,intrinsic,central,Kenyon_Cell,KCg,MBp2,right,,KCg-m,
720575940620015201,afferent,sensory,olfactory,,,right,AN,ORN_DM4,
720575940620023261,afferent,sensory,olfactory,,,left,AN,ORN_VM6l,ORN_VC5
720575940620045061,intrinsic,central,Kenyon_Cell,KCg,MBp1,left,,KCg-m,
720575940620096341,afferent,sensory,olfactory,pheromone,,left,AN,ORN_VA1v,
720575940620109191,intrinsic,central,Kenyon_Cell,,MBp1,right,,KCab,KCab-m
720575940620177601,afferent,sensory,olfactory,,,right,AN,ORN_VM6m,ORN_VC5
720575940620179821,intrinsic,central,Kenyon_Cell,,MBp3,right,,KCab,KCab-m
720575940620202111,afferent,sensory,olfactory,,,right,AN,ORN_DM4,
720575940620205951,intrinsic,central,Kenyon_Cell,KCg,MBp4,right,,KCg-d,
720575940620253311,afferent,sensory,olfactory,,,left,MxLbN,ORN_VM7d,
720575940620276801,intrinsic,central,Kenyon_Cell,,MBp3,right,,KCab,KCab-s
720575940620341931,intrinsic,central,DAN,,CREa2_medial,right,,PAM07,
720575940620354241,intrinsic,central,Kenyon_Cell,KCg,MBp2,right,,KCg-m,
720575940620363691,intrinsic,central,Kenyon_Cell,KCg,MBp3,right,,KCg-m,
720575940620411841,intrinsic,central,Kenyon_Cell,KCg,MBp2,right,,KCg-m,
720575940620424641,intrinsic,central,Kenyon_Cell,KCg,MBp1,right,,KCg-m,
720575940620434671,intrinsic,central,Kenyon_Cell,,MBp1,right,,KCab,KCab-m
720575940620464321,intrinsic,central,MBON,,putative_primary,left,,MBON04,
720575940620537071,intrinsic,central,Kenyon_Cell,KCg,MBp1,right,,KCg-m,
720575940620551901,intrinsic,central,Kenyon_Cell,KCg,MBp2,right,,KCg-m,
720575940620567661,intrinsic,central,Kenyon_Cell,KCg,MBp3,left,,KCg-m,
720575940620595821,afferent,sensory,olfactory,,,right,AN,ORN_VL1,
720575940620614571,afferent,sensory,olfactory,pheromone,,right,AN,ORN_VA1v,
720575940620623201,intrinsic,central,Kenyon_Cell,KCg,MBp2,left,,KCg-m,
720575940620675711,afferent,sensory,olfactory,,,left,MxLbN,ORN_VM7d,
720575940620682561,afferent,sensory,olfactory,pheromone,,left,AN,ORN_VA1v,
720575940620686761,intrinsic,central,Kenyon_Cell,KCg,MBp2,right,,KCg-m,
720575940620714921,afferent,sensory,olfactory,,,left,AN,ORN_VM6v,ORN_VC5
720575940620737121,intrinsic,central,Kenyon_Cell,KCg,MBp2,left,,KCg-m,
720575940620779841,intrinsic,central,Kenyon_Cell,,MBp4,left,,KCab,KCab-m
720575940620809381,afferent,sensory,olfactory,pheromone,,right,AN,ORN_VA1v,
720575940620816961,intrinsic,central,Kenyon_Cell,,MBp4,right,,KCab,KCab-s
720575940620947981,intrinsic,central,Kenyon_Cell,KCg,MBp4,right,,KCg-d,
720575940620996621,intrinsic,central,Kenyon_Cell,,MBp2,right,,KCapbp-ap1,KCab-ap1
720575940621017921,intrinsic,central,Kenyon_Cell,KCg,MBp4,right,,KCg-m,
720575940621023041,intrinsic,central,Kenyon_Cell,KCg,MBp3,right,,KCg-m,
720575940621044701,intrinsic,central,Kenyon_Cell,KCg,MBp2,right,,KCg-m,
720575940621084771,intrinsic,central,Kenyon_Cell,KCg,MBp2,right,,KCg-d,
720575940621122651,afferent,sensory,olfactory,pheromone,,right,AN,ORN_VA1d,
720575940621129181,intrinsic,central,Kenyon_Cell,,MBp1,right,,KCapbp-ap2,KCab-ap2
720575940621148781,afferent,sensory,olfactory,pheromone,,right,AN,ORN_VA1d,
720575940621163021,intrinsic,central,Kenyon_Cell,,MBp4,left,,KCab,KCab-m
720575940621165951,afferent,sensory,olfactory,,,right,AN,ORN_DA3,
720575940621280801,intrinsic,central,Kenyon_Cell,KCg,MBp3,left,,KCg-m,
720575940621321001,intrinsic,central,Kenyon_Cell,,MBp1,right,,KCab,KCab-c
720575940621331621,intrinsic,central,Kenyon_Cell,KCg,MBp2,left,,KCg-m,
720575940621335841,afferent,sensory,olfactory,pheromone,,right,AN,ORN_DA1,
720575940621388301,intrinsic,central,Kenyon_Cell,,MBp4,left,,KCab,KCab-c
720575940621392901,intrinsic,central,Kenyon_Cell,,MBp3,left,,KCab,KCab-c
720575940621538431,intrinsic,central,Kenyon_Cell,,MBp4,right,,KCapbp-ap1,KCab-ap1
720575940621581061,afferent,sensory,olfactory,,,left,AN,ORN_DL4,
720575940621594281,afferent,sensory,olfactory,,,right,AN,ORN_DL4,
720575940621648861,afferent,sensory,olfactory,,,right,AN,ORN_VM4,
720575940621729171,intrinsic,central,Kenyon_Cell,,MBp3,left,,KCab,KCab-m
720575940621741971,intrinsic,central,Kenyon_Cell,,MBp4,left,,KCab,KCab-s
720575940621777391,intrinsic,central,MBON,,putative_primary,right,,MBON21,
720575940621802751,intrinsic,central,Kenyon_Cell,,MBp3,right,,KCapbp-m,KCab-m
720575940621810871,intrinsic,central,Kenyon_Cell,KCg,MBp1,right,,KCg-d,
720575940621837601,intrinsic,central,Kenyon_Cell,,MBp1,right,,KCab,KCab-c
720575940621866861,intrinsic,central,Kenyon_Cell,KCg,MBp4,right,,KCg-d,
720575940621878021,intrinsic,central,Kenyon_Cell,,MBp1,right,,KCapbp-ap2,KCab-ap2
720575940621880541,intrinsic,central,Kenyon_Cell,KCg,MBp1,left,,KCg-m,
720575940621882401,intrinsic,central,Kenyon_Cell,,MBp4,right,,KCab,KCab-m
720575940621885191,intrinsic,central,Kenyon_Cell,,MBp3,right,,KCab,KCab-c
720575940621900321,intrinsic,central,DAN,,CREa1_dorsal,right,,PAM05,
720575940621914381,afferent,sensory,olfactory,,,right,AN,ORN_VA6,
720575940621921501,afferent,sensory,olfactory,,,left,AN,ORN_VL2a,
720575940621929471,afferent,sensory,olfactory,,,left,AN,ORN_DM6,
720575940621997921,intrinsic,central,Kenyon_Cell,,MBp1,left,,KCab-p,
720575940622039501,afferent,sensory,olfactory,pheromone,,right,AN,ORN_DC3,
720575940622039551,afferent,sensory,olfactory,,,left,AN,ORN_DM2,
720575940622052521,afferent,sensory,olfactory,,,left,AN,ORN_DA4m,
720575940622063871,afferent,sensory,olfactory,,,right,AN,ORN_VA2,
720575940622064041,intrinsic,central,Kenyon_Cell,,MBp4,left,,KCab,KCab-s
720575940622084681,afferent,sensory,olfactory,,,left,AN,ORN_VM6v,ORN_VC5
720575940622121991,intrinsic,central,Kenyon_Cell,,MBp1,left,,KCab,KCab-m
720575940622135501,intrinsic,central,Kenyon_Cell,,MBp3,right,,KCapbp-m,KCab-m
720575940622169471,intrinsic,central,Kenyon_Cell,KCg,MBp4,left,,KCg-m,
720575940622222921,intrinsic,central,Kenyon_Cell,,MBp1,right,,KCab,KCab-c
720575940622225811,intrinsic,central,Kenyon_Cell,,MBp2,left,,KCapbp-ap2,KCab-ap2
720575940622227381,intrinsic,central,Kenyon_Cell,,MBp4,left,,KCab,KCab-m
720575940622270391,intrinsic,central,Kenyon_Cell,,MBp3,left,,KCab,KCab-s
720575940622276791,afferent,sensory,olfactory,,,left,AN,ORN_DM1,
720575940622293091,intrinsic,central,Kenyon_Cell,,MBp4,left,,KCab,KCab-m
720575940622307051,intrinsic,central,Kenyon_Cell,,MBp3,left,,KCapbp-ap1,KCab-ap1
720575940622321251,intrinsic,central,Kenyon_Cell,,MBp1,left,,KCapbp-m,KCab-m
720575940622332771,afferent,sensory,olfactory,,,right,MxLbN,ORN_VA7l,
720575940622387981,intrinsic,central,DAN,,CREa1_dorsal,left,,PAM08,
720575940622402311,intrinsic,central,Kenyon_Cell,,MBp2,right,,KCab,KCab-m
720575940622403881,afferent,sensory,olfactory,,,right,AN,ORN_DC1,
720575940622501611,intrinsic,central,Kenyon_Cell,,MBp3,left,,KCab,KCab-m
720575940622528951,intrinsic,central,Kenyon_Cell,,MBp1,left,,KCapbp-ap2,KCab-ap2
720575940622538461,intrinsic,central,Kenyon_Cell,KCg,MBp3,right,,KCg-m,
720575940622547661,afferent,sensory,olfactory,,,right,AN,ORN_DL5,
720575940622550251,afferent,sensory,olfactory,,,right,AN,ORN_VL2a,
720575940622558941,intrinsic,central,Kenyon_Cell,KCg,MBp3,right,,KCg-m,
720575940622564621,afferent,sensory,olfactory,,,right,AN,ORN_DM1,
720575940622594601,intrinsic,central,Kenyon_Cell,KCg,MBp3,right,,KCg-m,
720575940622647501,intrinsic,central,Kenyon_Cell,KCg,MBp3,left,,KCg-m,
720575940622695861,afferent,sensory,olfactory,,,right,AN,ORN_DM5,
720575940622784611,intrinsic,central,Kenyon_Cell,,MBp1,right,,KCab,KCab-s
720575940622831541,afferent,sensory,olfactory,,,right,AN,ORN_DL1,
720575940622857801,intrinsic,central,Kenyon_Cell,,MBp3,left,,KCab,KCab-s
720575940622861971,intrinsic,central,Kenyon_Cell,,MBp4,right,,KCab,KCab-s
720575940622879501,intrinsic,central,Kenyon_Cell,KCg,MBp1,left,,KCg-m,
720575940622879891,intrinsic,central,DAN,,CREa2_medial,left,,PAM03,
720575940622944461,intrinsic,central,Kenyon_Cell,KCg,MBp4,right,,KCg-m,
720575940622996941,intrinsic,central,DAN,,CREa1_dorsal,left,,PAM06,
720575940623032781,intrinsic,central,Kenyon_Cell,KCg,MBp2,left,,KCg-m,
720575940623119871,intrinsic,central,Kenyon_Cell,,MBp4,left,,KCapbp-ap2,KCab-ap2
720575940623166471,intrinsic,central,Kenyon_Cell,,MBp3,right,,KCab,KCab-m
720575940623221161,intrinsic,central,Kenyon_Cell,,MBp2,left,,KCab,KCab-s
720575940623228771,afferent,sensory,olfactory,pheromone,,right,AN,ORN_VA1v,
720575940623276471,afferent,sensory,olfactory,,,right,AN,ORN_DL4,
720575940623289831,intrinsic,central,Kenyon_Cell,,MBp3,left,,KCab,KCab-m
720575940623317261,afferent,sensory,olfactory,pheromone,,right,AN,ORN_DA1,
720575940623328231,intrinsic,central,Kenyon_Cell,KCg,MBp2,right,,KCg-d,
720575940623344821,intrinsic,central,Kenyon_Cell,KCg,MBp3,left,,KCg-m,
720575940623379091,intrinsic,central,Kenyon_Cell,KCg,MBp4,left,,KCg-m,
720575940623438571,intrinsic,central,Kenyon_Cell,KCg,MBp1,right,,KCg-m,
720575940623453991,intrinsic,central,Kenyon_Cell,,MBp3,left,,KCapbp-ap2,KCab-ap2
720575940623472201,intrinsic,central,Kenyon_Cell,,MBp4,left,,KCab,KCab-s
720575940623496521,afferent,sensory,olfactory,,,right,AN,ORN_DC1,
720575940623503111,intrinsic,central,Kenyon_Cell,KCg,MBp2,right,,KCg-m,
720575940623767991,intrinsic,central,Kenyon_Cell,KCg,MBp1,left,,KCg-d,
720575940623786421,intrinsic,central,Kenyon_Cell,,MBp3,left,,KCab,KCab-m
720575940623797321,afferent,sensory,olfactory,pheromone,,right,AN,ORN_DA1,
720575940623822261,intrinsic,central,Kenyon_Cell,KCg,MBp3,right,,KCg-m,
720575940623854311,afferent,sensory,olfactory,,,left,AN,ORN_V,
720575940623881801,intrinsic,central,Kenyon_Cell,,MBp1,left,,KCapbp-m,KCab-m
720575940623888461,intrinsic,central,Kenyon_Cell,KCg,MBp4,right,,KCg-d,
720575940623904181,intrinsic,central,Kenyon_Cell,,MBp3,left,,KCapbp-m,KCab-m
720575940623940681,afferent,sensory,olfactory,,,left,AN,ORN_VL1,
720575940623941961,afferent,sensory,olfactory,,,left,AN,ORN_VL1,
720575940623959881,intrinsic,central,Kenyon_Cell,,MBp4,left,,KCab,KCab-s
720575940623973961,intrinsic,central,Kenyon_Cell,,MBp3,right,,KCab-p,
720575940623976521,intrinsic,central,Kenyon_Cell,KCg,MBp4,left,,KCg-m,
720575940623994701,intrinsic,central,Kenyon_Cell,,MBp4,left,,KCapbp-m,KCab-m
720575940624049661,intrinsic,central,Kenyon_Cell,KCg,MBp4,left,,KCg-m,
720575940624086251,intrinsic,central,Kenyon_Cell,,MBp4,right,,KCapbp-ap2,KCab-ap2
720575940624091061,afferent,sensory,olfactory,,,left,AN,ORN_VC5,ORN_VC3m
720575940624508341,afferent,sensory,olfactory,pheromone,,left,AN,ORN_VA1v,
720575940624527091,intrinsic,central,Kenyon_Cell,KCg,MBp2,right,,KCg-m,
720575940624601731,intrinsic,central,Kenyon_Cell,,MBp4,right,,KCab,KCab-c
720575940624609101,intrinsic,central,Kenyon_Cell,KCg,MBp3,right,,KCg-m,
720575940624661031,intrinsic,central,DAN,,CREa1_dorsal,right,,PAM10,
720575940624699981,intrinsic,central,Kenyon_Cell,KCg,MBp3,left,,KCg-m,
720575940624702541,afferent,sensory,olfactory,,,right,AN,ORN_VM4,
720575940624704551,intrinsic,central,Kenyon_Cell,KCg,MBp1,left,,KCg-m,
720575940624716581,intrinsic,central,Kenyon_Cell,KCg,MBp4,left,,KCg-m,
720575940624847491,intrinsic,central,Kenyon_Cell,,MBp2,left,,KCab,KCab-s
720575940624917031,afferent,sensory,olfactory,pheromone,,right,AN,ORN_DC3,
720575940624980261,afferent,sensory,olfactory,,,right,AN,ORN_VM4,
720575940624994941,intrinsic,central,Kenyon_Cell,,MBp3,right,,KCapbp-ap1,KCab-ap1
720575940625019481,intrinsic,central,Kenyon_Cell,,MBp2,left,,KCab,KCab-m
720575940625156901,intrinsic,central,Kenyon_Cell,KCg,MBp2,right,,KCg-m,
720575940625318531,intrinsic,central,Kenyon_Cell,,MBp3,left,,KCapbp-ap1,KCab-ap1
720575940625376841,intrinsic,central,Kenyon_Cell,,MBp2,right,,KCab,KCab-s
720575940625446181,intrinsic,central,Kenyon_Cell,KCg,MBp3,left,,KCg-m,
720575940625485181,intrinsic,central,Kenyon_Cell,,MBp3,left,,KCab,KCab-m
720575940625514621,intrinsic,central,Kenyon_Cell,,MBp1,left,,KCab,KCab-m
720575940625681171,intrinsic,central,Kenyon_Cell,,MBp1,left,,KCab,KCab-s
720575940625720341,intrinsic,central,Kenyon_Cell,,MBp3,right,,KCab,KCab-s
720575940625750671,intrinsic,central,Kenyon_Cell,KCg,MBp2,right,,KCg-m,
720575940625753621,intrinsic,central,Kenyon_Cell,KCg,MBp4,right,,KCg-m,
720575940625763601,intrinsic,central,Kenyon_Cell,KCg,MBp2,left,,KCg-m,
720575940625781541,intrinsic,central,Kenyon_Cell,,MBp1,right,,KCapbp-ap2,KCab-ap2
720575940625800741,intrinsic,central,Kenyon_Cell,KCg,MBp3,right,,KCg-m,
720575940625813081,afferent,sensory,olfactory,,,left,AN,ORN_VC5,ORN_VC3m
720575940625871741,intrinsic,central,Kenyon_Cell,,MBp4,left,,KCapbp-m,KCab-m
720575940625884541,afferent,sensory,olfactory,,,right,AN,ORN_VA6,
720575940625939801,intrinsic,central,Kenyon_Cell,,MBp2,right,,KCab,KCab-s
720575940625995251,intrinsic,central,Kenyon_Cell,,MBp2,right,,KCab,KCab-s
720575940626111761,afferent,sensory,olfactory,,,left,AN,ORN_VL2p,
720575940626147971,afferent,sensory,olfactory,,,right,AN,ORN_DM2,
720575940626161551,intrinsic,central,Kenyon_Cell,,MBp2,left,,KCab,KCab-c
720575940626217341,intrinsic,central,Kenyon_Cell,,MBp2,left,,KCapbp-m,KCab-m
720575940626225941,intrinsic,central,Kenyon_Cell,KCg,MBp1,right,,KCg-m,
720575940626253331,afferent,sensory,olfactory,,,left,AN,ORN_VC5,ORN_VC3m
720575940626363791,intrinsic,central,Kenyon_Cell,,MBp2,right,,KCapbp-ap1,KCab-ap1
720575940626364401,intrinsic,central,Kenyon_Cell,KCg,MBp1,right,,KCg-m,
720575940626423171,intrinsic,central,Kenyon_Cell,KCg,MBp3,left,,KCg-m,
720575940626464901,intrinsic,central,Kenyon_Cell,,MBp1,right,,KCab,KCab-m
720575940626497811,intrinsic,central,Kenyon_Cell,,MBp1,left,,KCab,KCab-m
720575940626510211,intrinsic,central,Kenyon_Cell,,MBp3,right,,KCab,KCab-c
720575940626513171,intrinsic,central,Kenyon_Cell,KCg,MBp1,right,,KCg-m,
720575940626524691,intrinsic,central,Kenyon_Cell,KCg,MBp3,left,,KCg-m,
720575940626560601,intrinsic,central,Kenyon_Cell,,MBp2,left,,KCab-p,
720575940626578161,intrinsic,central,Kenyon_Cell,,MBp2,left,,KCab,KCab-s
720575940626585481,afferent,sensory,olfactory,pheromone,,left,AN,ORN_DA1,
720575940626619411,afferent,sensory,olfactory,,,right,AN,ORN_DA4l,
720575940626631441,afferent,sensory,olfactory,,,right,AN,ORN_DC2,
720575940626632211,afferent,sensory,olfactory,pheromone,,right,AN,ORN_VA1d,
720575940626655321,intrinsic,central,Kenyon_Cell,,MBp1,right,,KCab,KCab-c
720575940626712921,intrinsic,central,Kenyon_Cell,KCg,MBp4,left,,KCg-m,
720575940626744921,intrinsic,central,MBON,,DL1_dorsal,right,,MBON16,
720575940626833021,intrinsic,central,MBON,,DL1_dorsal,left,,MBON19,
720575940626851471,afferent,sensory,olfactory,,,left,AN,ORN_VM1,
720575940626855171,intrinsic,central,Kenyon_Cell,,MBp2,right,,KCapbp-ap1,KCab-ap1
720575940626856721,afferent,sensory,olfactory,,,right,MxLbN,ORN_VM7d,
720575940626867081,afferent,sensory,olfactory,,,right,AN,ORN_DL5,
720575940626868361,afferent,sensory,olfactory,,,left,AN,ORN_VL2a,
720575940626904561,intrinsic,central,Kenyon_Cell,,MBp1,right,,KCapbp-m,KCab-m
720575940626932501,intrinsic,central,Kenyon_Cell,,MBp4,left,,KCab,KCab-m
720575940626951171,intrinsic,central,Kenyon_Cell,KCg,MBp2,right,,KCg-d,
720575940626951921,intrinsic,central,Kenyon_Cell,,MBp4,left,,KCab,KCab-m
720575940626979271,afferent,sensory,olfactory,pheromone,,right,AN,ORN_DL3,
720575940626991771,intrinsic,central,Kenyon_Cell,KCg,MBp1,right,,KCg-m,
720575940626993001,intrinsic,central,Kenyon_Cell,,MBp4,left,,KCapbp-ap1,KCab-ap1
720575940627082261,intrinsic,central,Kenyon_Cell,,MBp1,right,,KCapbp-ap2,KCab-ap2
720575940627082481,intrinsic,central,Kenyon_Cell,,MBp3,left,,KCab,KCab-m
720575940627090521,afferent,sensory,olfactory,pheromone,,left,AN,ORN_VA1d,
720575940627097361,intrinsic,central,Kenyon_Cell,,MBp2,right,,KCab,KCab-s
720575940627110931,intrinsic,central,DAN,,CREa1_dorsal,right,,PAM07,
720575940627194501,intrinsic,central,DAN,,CREa2_medial,right,,PAM07,
720575940627214891,afferent,sensory,olfactory,,,right,AN,ORN_DP1m,
720575940627226761,afferent,sensory,olfactory,,,left,AN,ORN_DA4l,
720575940627245701,intrinsic,central,Kenyon_Cell,,MBp3,right,,KCapbp-m,KCab-m
720575940627351751,intrinsic,central,Kenyon_Cell,KCg,MBp4,right,,KCg-m,
720575940627353031,intrinsic,central,Kenyon_Cell,KCg,MBp3,left,,KCg-m,
720575940627431311,afferent,sensory,olfactory,,,left,AN,ORN_DC1,
720575940627465871,afferent,sensory,olfactory,,,left,AN,ORN_DC1,
720575940627491861,intrinsic,central,Kenyon_Cell,KCg,MBp4,left,,KCg-m,
720575940627493141,intrinsic,central,Kenyon_Cell,KCg,MBp3,right,,KCg-m,
720575940627553691,intrinsic,central,Kenyon_Cell,,MBp3,right,,KCapbp-ap2,KCab-ap2
720575940627586091,afferent,sensory,olfactory,,,left,AN,ORN_V,
720575940627598891,afferent,sensory,olfactory,,,right,AN,ORN_DL1,
720575940627807761,afferent,sensory,olfactory,pheromone,,left,AN,ORN_VA1v,
720575940627890231,afferent,sensory,olfactory,,,left,AN,ORN_V,
720575940627920071,intrinsic,central,Kenyon_Cell,,MBp4,right,,KCapbp-ap2,KCab-ap2
720575940627948111,afferent,sensory,olfactory,,,left,AN,ORN_DM6,
720575940628009771,afferent,sensory,olfactory,,,left,AN,ORN_DM6,
720575940628072721,intrinsic,central,Kenyon_Cell,KCg,MBp4,left,,KCg-m,
720575940628145411,intrinsic,central,Kenyon_Cell,KCg,MBp3,left,,KCg-m,
720575940628239671,intrinsic,central,Kenyon_Cell,,MBp1,right,,KCab,KCab-m
720575940628244841,afferent,sensory,olfactory,pheromone,,left,AN,ORN_VA1v,
720575940628246121,afferent,sensory,olfactory,,,right,AN,ORN_DM6,
720575940628264721,afferent,sensory,olfactory,,,left,AN,ORN_DP1m,
720575940628269391,intrinsic,central,Kenyon_Cell,KCg,MBp4,right,,KCg-m,
720575940628280911,afferent,sensory,olfactory,pheromone,,right,AN,ORN_DL3,
720575940628350211,intrinsic,central,Kenyon_Cell,KCg,MBp4,right,,KCg-d,
720575940628374121,intrinsic,central,Kenyon_Cell,KCg,MBp4,right,,KCg-m,
720575940628390811,afferent,sensory,olfactory,,,right,AN,ORN_DM6,
720575940628398791,afferent,sensory,olfactory,pheromone,,left,AN,ORN_DL3,
720575940628431671,afferent,sensory,olfactory,,,left,AN,ORN_DL5,
720575940628433511,intrinsic,central,Kenyon_Cell,KCg,MBp2,right,,KCg-m,
720575940628447491,intrinsic,central,Kenyon_Cell,KCg,MBp2,right,,KCg-m,
720575940628452711,afferent,sensory,olfactory,,,right,MxLbN,ORN_VM7v,
720575940628478251,afferent,sensory,olfactory,,,left,MxLbN,ORN_VC1,
720575940628553731,afferent,sensory,olfactory,,,right,AN,ORN_VM1,
720575940628561111,intrinsic,central,Kenyon_Cell,KCg,MBp4,left,,KCg-m,
720575940628597291,afferent,sensory,olfactory,,,right,AN,ORN_DL5,
720575940628610811,intrinsic,central,Kenyon_Cell,,MBp3,right,,KCapbp-ap1,KCab-ap1
720575940628641871,afferent,sensory,olfactory,,,right,AN,ORN_VA2,
720575940628694991,intrinsic,central,Kenyon_Cell,,MBp4,right,,KCapbp-ap2,KCab-ap2
720575940628711631,intrinsic,central,Kenyon_Cell,,MBp4,right,,KCab,KCab-s
720575940628732471,intrinsic,central,Kenyon_Cell,KCg,MBp1,left,,KCg-m,
720575940628741881,intrinsic,central,Kenyon_Cell,KCg,MBp4,right,,KCg-m,
720575940628749111,afferent,sensory,olfactory,,,right,AN,ORN_DM1,
720575940628830551,intrinsic,central,Kenyon_Cell,,MBp4,right,,KCab,KCab-s
720575940628843931,intrinsic,central,Kenyon_Cell,,MBp3,left,,KCab,KCab-s
720575940628865641,afferent,sensory,olfactory,pheromone,,right,AN,ORN_VA1v,
720575940628874601,afferent,sensory,olfactory,pheromone,,left,AN,ORN_VA1d,
720575940628885591,intrinsic,central,Kenyon_Cell,,MBp1,right,,KCab,KCab-s
720575940628895831,intrinsic,central,Kenyon_Cell,,MBp1,right,,KCab,KCab-m
720575940629010331,intrinsic,central,Kenyon_Cell,,MBp1,right,,KCapbp-m,KCab-m
720575940629067351,intrinsic,central,Kenyon_Cell,,MBp2,left,,KCapbp-ap1,KCab-ap1
720575940629075191,afferent,sensory,olfactory,,,right,AN,ORN_VM1,
720575940629140071,intrinsic,central,Kenyon_Cell,,MBp4,right,,KCab,KCab-s
720575940629151031,afferent,sensory,olfactory,,,left,AN,ORN_VM1,
720575940629200631,intrinsic,central,Kenyon_Cell,KCg,MBp3,left,,KCg-m,
720575940629201871,intrinsic,central,Kenyon_Cell,,MBp4,left,,KCab,KCab-m
720575940629249591,afferent,sensory,olfactory,,,left,MxLbN,ORN_VC2,
720575940629282391,intrinsic,central,Kenyon_Cell,,MBp4,left,,KCapbp-m,KCab-m
720575940629326841,afferent,sensory,olfactory,,,left,MxLbN,ORN_VM7v,
720575940629328591,intrinsic,central,Kenyon_Cell,,MBp3,right,,KCapbp-ap2,KCab-ap2
720575940629338821,intrinsic,central,Kenyon_Cell,,MBp4,left,,KCab,KCab-s
720575940629347791,intrinsic,central,Kenyon_Cell,,MBp4,right,,KCapbp-ap2,KCab-ap2
720575940629497431,afferent,sensory,olfactory,,,right,AN,ORN_DM6,
720575940629587031,afferent,sensory,olfactory,,,left,AN,ORN_VL1,
720575940629620731,afferent,sensory,olfactory,,,right,AN,ORN_VA6,
720575940629638211,intrinsic,central,Kenyon_Cell,,MBp3,right,,KCab,KCab-s
720575940629671491,intrinsic,central,Kenyon_Cell,,MBp1,right,,KCapbp-m,KCab-m
720575940629724411,afferent,sensory,olfactory,,,left,AN,ORN_DM6,
720575940629725711,intrinsic,central,Kenyon_Cell,,MBp3,right,,KCab,KCab-s
720575940629765451,intrinsic,central,Kenyon_Cell,,MBp4,left,,KCab,KCab-c
720575940629767161,afferent,sensory,olfactory,,,right,AN,ORN_DM6,
720575940629774891,intrinsic,central,DAN,,CREa2_medial,left,,PAM02,
720575940629782091,intrinsic,central,Kenyon_Cell,KCg,MBp1,right,,KCg-m,
720575940629829391,afferent,sensory,olfactory,,,left,AN,ORN_VM4,
720575940629842681,afferent,sensory,olfactory,,,right,AN,ORN_DM3,
720575940629894391,intrinsic,central,Kenyon_Cell,KCg,MBp2,left,,KCg-m,
720575940629899511,intrinsic,central,Kenyon_Cell,KCg,MBp1,left,,KCg-m,
720575940629949751,intrinsic,central,Kenyon_Cell,KCg,MBp4,right,,KCg-m,
720575940629971191,intrinsic,central,Kenyon_Cell,KCg,MBp2,right,,KCg-m,
720575940629997561,intrinsic,central,Kenyon_Cell,,MBp4,right,,KCab,KCab-c
720575940630063671,intrinsic,central,Kenyon_Cell,KCg,MBp2,right,,KCg-m,
720575940630105851,afferent,sensory,olfactory,,,right,MxLbN,ORN_VA4,
720575940630105931,afferent,sensory,olfactory,,,left,AN,ORN_VM5d,
720575940630107131,afferent,sensory,olfactory,,,right,AN,ORN_VC5,ORN_VC3m
720575940630189911,intrinsic,central,Kenyon_Cell,KCg,MBp3,left,,KCg-m,
720575940630228271,intrinsic,central,Kenyon_Cell,,MBp3,right,,KCab,KCab-m
720575940630318951,intrinsic,central,DAN,,CREa2_medial,right,,PAM06,
720575940630323961,intrinsic,central,Kenyon_Cell,,MBp4,left,,KCab,KCab-s
720575940630371641,intrinsic,central,Kenyon_Cell,,MBp4,left,,KCab,KCab-s
720575940630424121,afferent,sensory,olfactory,,,right,AN,ORN_VC3,ORN_VC3l
720575940630427131,intrinsic,central,Kenyon_Cell,KCg,MBp2,left,,KCg-m,
720575940630428921,intrinsic,central,Kenyon_Cell,,MBp4,left,,KCapbp-ap1,KCab-ap1
720575940630443791,intrinsic,central,Kenyon_Cell,,MBp4,right,,KCab,KCab-s
720575940630464271,intrinsic,central,Kenyon_Cell,KCg,MBp4,left,,KCg-m,
720575940630498811,intrinsic,central,DAN,,CREa2_medial,right,,PAM01,aSP13
720575940630512471,intrinsic,central,Kenyon_Cell,KCg,MBp4,left,,KCg-m,
720575940630514191,afferent,sensory,olfactory,,,right,AN,ORN_VC5,ORN_VC3m
720575940630536441,intrinsic,central,DAN,,CREa1_dorsal,right,,PAM12,
720575940630616111,intrinsic,central,Kenyon_Cell,,MBp1,left,,KCab,KCab-s
720575940630617681,intrinsic,central,Kenyon_Cell,,MBp3,left,,KCab,KCab-m
720575940630650711,intrinsic,central,Kenyon_Cell,KCg,MBp2,right,,KCg-m,
720575940630668751,intrinsic,central,Kenyon_Cell,,MBp4,left,,KCab,KCab-m
720575940630696901,afferent,sensory,olfactory,,,left,AN,ORN_DL5,
720575940630738171,afferent,sensory,olfactory,,,left,AN,ORN_D,
720575940630764741,intrinsic,central,Kenyon_Cell,,MBp4,right,,KCab,KCab-c
720575940630775891,intrinsic,central,Kenyon_Cell,,MBp1,right,,KCab-p,
720575940630777631,intrinsic,central,DAN,,CREa2_medial,right,,PAM05,
720575940630789071,intrinsic,central,Kenyon_Cell,KCg,MBp1,left,,KCg-m,
720575940630849311,intrinsic,central,Kenyon_Cell,,MBp2,left,,KCab,KCab-s
720575940630868271,intrinsic,central,DAN,,CREa2_medial,right,,PAM11,
720575940630892631,intrinsic,central,DAN,,CREa1_dorsal,left,,PAM08,
720575940630913221,intrinsic,central,DAN,,putative_primary,left,,PPL204,
720575940630956601,afferent,sensory,olfactory,,,right,AN,ORN_VL1,
720575940630983471,afferent,sensory,olfactory,,,left,AN,ORN_DM5,
720575940630987091,intrinsic,central,Kenyon_Cell,,MBp3,left,,KCapbp-m,KCab-m
720575940631003151,intrinsic,central,Kenyon_Cell,KCg,MBp1,left,,KCg-m,
720575940631024911,intrinsic,central,Kenyon_Cell,KCg,MBp1,right,,KCg-m,
720575940631041071,afferent,sensory,olfactory,,,right,AN,ORN_DL1,
720575940631056971,intrinsic,central,Kenyon_Cell,,MBp1,left,,KCapbp-ap1,KCab-ap1
720575940631060291,afferent,sensory,olfactory,,,right,AN,ORN_DL4,
720575940631088121,afferent,sensory,olfactory,pheromone,,left,AN,ORN_VA1d,
720575940631167811,intrinsic,central,Kenyon_Cell,KCg,MBp2,left,,KCg-m,
720575940631174431,afferent,sensory,olfactory,,,left,AN,ORN_VA2,
720575940631186861,intrinsic,central,Kenyon_Cell,,MBp2,left,,KCab,KCab-m
720575940631201311,afferent,sensory,olfactory,,,right,AN,ORN_VM5d,
720575940631222841,intrinsic,central,DAN,,CREa1_dorsal,right,,PAM12,
720575940631247431,afferent,sensory,olfactory,,,left,MxLbN,ORN_VA4,
720575940631275821,intrinsic,central,Kenyon_Cell,,MBp3,left,,KCapbp-m,KCab-m
720575940631388231,intrinsic,central,Kenyon_Cell,,MBp1,right,,KCapbp-ap2,KCab-ap2
720575940631425361,afferent,sensory,olfactory,,,left,AN,ORN_VL2a,
720575940631448531,intrinsic,central,Kenyon_Cell,KCg,MBp4,right,,KCg-d,
720575940631450451,afferent,sensory,olfactory,,,left,AN,ORN_DC4,
720575940631458371,intrinsic,central,Kenyon_Cell,KCg,MBp4,right,,KCg-m,
720575940631463711,afferent,sensory,olfactory,,,left,AN,ORN_DM5,
720575940631467591,afferent,sensory,olfactory,,,right,AN,ORN_DA2,
720575940631485251,intrinsic,central,Kenyon_Cell,,MBp2,right,,KCab-p,
720575940631490371,intrinsic,central,Kenyon_Cell,KCg,MBp3,left,,KCg-d,
720575940631562031,intrinsic,central,Kenyon_Cell,KCg,MBp2,left,,KCg-m,
720575940631577901,intrinsic,central,DAN,,CREa2_medial,left,,PAM12,
720575940631620921,intrinsic,central,Kenyon_Cell,,MBp4,right,,KCapbp-ap2,KCab-ap2
720575940631624761,intrinsic,central,Kenyon_Cell,KCg,MBp3,right,,KCg-m,
720575940631630561,intrinsic,central,Kenyon_Cell,,MBp4,right,,KCab,KCab-c
720575940631650361,intrinsic,central,Kenyon_Cell,KCg,MBp1,left,,KCg-m,
720575940631661281,intrinsic,central,Kenyon_Cell,,MBp3,right,,KCapbp-ap1,KCab-ap1
720575940631665721,intrinsic,central,Kenyon_Cell,KCg,MBp2,left,,KCg-m,
720575940631711021,afferent,sensory,olfactory,,,right,AN,ORN_VL2a,
720575940631737261,afferent,sensory,olfactory,,,left,AN,ORN_VM5d,
720575940631759161,intrinsic,central,Kenyon_Cell,,MBp1,right,,KCab,KCab-m
720575940631764281,intrinsic,central,Kenyon_Cell,KCg,MBp1,right,,KCg-m,
720575940631801401,intrinsic,central,Kenyon_Cell,KCg,MBp4,right,,KCg-m,
720575940631801631,intrinsic,central,Kenyon_Cell,KCg,MBp4,right,,KCg-m,
720575940631911761,afferent,sensory,olfactory,,,right,AN,ORN_VM6m,ORN_VC5
720575940631964371,afferent,sensory,olfactory,,,right,AN,ORN_DL5,
720575940631998511,afferent,sensory,olfactory,,,left,AN,ORN_VA7m,
720575940632006481,intrinsic,central,Kenyon_Cell,KCg,MBp3,left,,KCg-m,
720575940632060641,intrinsic,central,Kenyon_Cell,,MBp3,left,,KCab,KCab-s
720575940632077081,intrinsic,central,Kenyon_Cell,,MBp1,left,,KCab,KCab-c
720575940632091951,afferent,sensory,olfactory,,,right,AN,ORN_DL2v,
720575940632172591,intrinsic,central,Kenyon_Cell,KCg,MBp2,right,,KCg-m,
720575940632224031,afferent,sensory,olfactory,,,left,AN,ORN_DM1,
720575940632239661,afferent,sensory,olfactory,,,right,AN,ORN_VM6l,ORN_VC5
720575940632364881,afferent,sensory,olfactory,,,right,AN,ORN_VL2a,
720575940632437331,intrinsic,central,Kenyon_Cell,,MBp1,right,,KCab-p,
720575940632437971,afferent,sensory,olfactory,pheromone,,left,AN,ORN_DL3,
720575940632453151,intrinsic,central,Kenyon_Cell,KCg,MBp2,left,,KCg-m,
720575940632525071,intrinsic,central,Kenyon_Cell,,MBp1,left,,KCab,KCab-s
720575940632528671,intrinsic,central,Kenyon_Cell,,MBp4,right,,KCapbp-ap1,KCab-ap1
720575940632531231,intrinsic,central,Kenyon_Cell,KCg,MBp1,left,,KCg-m,
720575940632532511,intrinsic,central,Kenyon_Cell,KCg,MBp1,left,,KCg-m,
720575940632583831,intrinsic,central,Kenyon_Cell,,MBp4,right,,KCab,KCab-s
720575940632704941,intrinsic,central,Kenyon_Cell,,MBp3,left,,KCapbp-ap1,KCab-ap1
720575940632718291,intrinsic,central,Kenyon_Cell,,MBp3,right,,KCab,KCab-m
720575940632733651,afferent,sensory,olfactory,,,right,AN,ORN_VM5d,
720575940632735021,intrinsic,central,Kenyon_Cell,KCg,MBp3,right,,KCg-m,
720575940632745261,intrinsic,central,Kenyon_Cell,KCg,MBp4,left,,KCg-m,
720575940632758041,intrinsic,central,Kenyon_Cell,,MBp3,left,,KCapbp-m,KCab-m
720575940632813741,intrinsic,central,Kenyon_Cell,,MBp1,left,,KCab,KCab-s
720575940632824531,afferent,sensory,olfactory,,,left,AN,ORN_DM3,
720575940632897561,afferent,sensory,olfactory,,,left,AN,ORN_VM3,
720575940632950241,intrinsic,central,Kenyon_Cell,,MBp4,left,,KCapbp-ap2,KCab-ap2
720575940633021631,intrinsic,central,Kenyon_Cell,,MBp1,left,,KCab,KCab-m
720575940633036371,afferent,sensory,olfactory,pheromone,,right,AN,ORN_VA1v,
720575940633102361,intrinsic,central,Kenyon_Cell,KCg,MBp1,left,,KCg-m,
720575940633163711,intrinsic,central,DAN,,CREa2_medial,left,,PAM12,
720575940633186771,intrinsic,central,Kenyon_Cell,KCg,MBp4,right,,KCg-m,
720575940633211031,afferent,sensory,olfactory,,,left,AN,ORN_DM6,
720575940633213591,afferent,sensory,olfactory,pheromone,,right,AN,ORN_DC3,
720575940633271191,intrinsic,central,Kenyon_Cell,,MBp3,left,,KCapbp-ap2,KCab-ap2
720575940633289111,intrinsic,central,Kenyon_Cell,KCg,MBp1,left,,KCg-m,
720575940633389281,afferent,sensory,olfactory,,,right,AN,ORN_DL1,
720575940633475991,afferent,sensory,olfactory,,,right,AN,ORN_VL2a,
720575940633509471,intrinsic,central,Kenyon_Cell,,MBp4,right,,KCapbp-m,KCab-m
720575940633642391,afferent,sensory,olfactory,,,right,AN,ORN_VL2p,
720575940633668031,afferent,sensory,olfactory,,,right,AN,ORN_VA2,
720575940633674521,intrinsic,central,Kenyon_Cell,KCg,MBp4,left,,KCg-m,
720575940633691161,intrinsic,central,Kenyon_Cell,KCg,MBp1,left,,KCg-m,
720575940633733401,intrinsic,central,DAN,,CREa2_medial,left,,PAM01,aSP13
720575940633799961,intrinsic,central,Kenyon_Cell,KCg,MBp3,left,,KCg-m,
720575940633932951,intrinsic,central,Kenyon_Cell,,MBp3,right,,KCapbp-ap2,KCab-ap2
720575940633940761,afferent,sensory,olfactory,pheromone,,right,AN,ORN_DL3,
720575940633996911,intrinsic,central,Kenyon_Cell,KCg,MBp4,right,,KCg-m,
720575940634294111,afferent,sensory,olfactory,,,left,AN,ORN_DM5,
720575940634296951,intrinsic,central,Kenyon_Cell,,MBp4,right,,KCapbp-ap1,KCab-ap1
720575940634399071,afferent,sensory,olfactory,,,left,AN,ORN_DA4l,
720575940634414231,afferent,sensory,olfactory,,,left,AN,ORN_DA4m,
720575940634442091,intrinsic,central,Kenyon_Cell,KCg,MBp1,right,,KCg-m,
720575940634607511,intrinsic,central,Kenyon_Cell,,MBp2,left,,KCab,KCab-c
720575940634608791,intrinsic,central,Kenyon_Cell,,MBp3,left,,KCab,KCab-s
720575940634655851,intrinsic,central,DAN,,CREa1_dorsal,right,,PAM01,aSP13
720575940634701431,intrinsic,central,Kenyon_Cell,,MBp4,left,,KCab,KCab-m
720575940634702431,afferent,sensory,olfactory,pheromone,,left,AN,ORN_DA1,
720575940634822751,intrinsic,central,MBON,,DL1_dorsal,right,,MBON17-like,
720575940634836671,intrinsic,central,Kenyon_Cell,KCg,MBp3,right,,KCg-m,
720575940634884971,afferent,sensory,olfactory,pheromone,,left,AN,ORN_VA1d,
720575940634913911,afferent,sensory,olfactory,,,left,MxLbN,ORN_VA7l,
720575940634937951,intrinsic,central,Kenyon_Cell,KCg,MBp1,right,,KCg-m,
720575940634959461,intrinsic,central,Kenyon_Cell,,MBp2,left,,KCapbp-ap2,KCab-ap2
720575940634969701,intrinsic,central,Kenyon_Cell,,MBp4,right,,KCab-p,
720575940634975851,intrinsic,central,Kenyon_Cell,KCg,MBp2,right,,KCg-m,
720575940635033701,intrinsic,central,Kenyon_Cell,,MBp4,right,,KCapbp-m,KCab-m
720575940635072111,afferent,sensory,olfactory,,,right,AN,ORN_DC1,
720575940635095321,afferent,sensory,olfactory,,,left,AN,ORN_VM2,
720575940635498871,intrinsic,central,Kenyon_Cell,KCg,MBp4,right,,KCg-m,
720575940635537271,intrinsic,central,Kenyon_Cell,KCg,MBp4,left,,KCg-m,
720575940635596901,afferent,sensory,olfactory,,,left,AN,ORN_VA6,
720575940635753071,intrinsic,central,Kenyon_Cell,,MBp3,left,,KCab,KCab-s
720575940635789431,intrinsic,central,DAN,,CREa2_medial,right,,PAM03,
720575940635800431,intrinsic,central,Kenyon_Cell,,MBp2,right,,KCapbp-ap2,KCab-ap2
720575940635884911,intrinsic,central,Kenyon_Cell,KCg,MBp4,right,,KCg-m,
720575940636069751,intrinsic,central,Kenyon_Cell,,MBp2,right,,KCab,KCab-s
720575940636093541,afferent,sensory,olfactory,,,right,AN,ORN_DM1,
720575940636291941,intrinsic,central,Kenyon_Cell,,MBp2,left,,KCapbp-ap1,KCab-ap1
720575940636302711,intrinsic,central,Kenyon_Cell,,MBp2,left,,KCapbp-ap2,KCab-ap2
720575940636363621,intrinsic,central,Kenyon_Cell,KCg,MBp4,left,,KCg-d,
720575940636381541,intrinsic,central,Kenyon_Cell,,MBp3,left,,KCab,KCab-s
720575940636547561,intrinsic,central,Kenyon_Cell,,MBp2,left,,KCab,KCab-s
720575940636561641,intrinsic,central,Kenyon_Cell,,MBp2,left,,KCapbp-ap1,KCab-ap1
720575940636562921,intrinsic,central,Kenyon_Cell,KCg,MBp4,left,,KCg-m,
720575940636898281,intrinsic,central,Kenyon_Cell,KCg,MBp1,right,,KCg-m,
720575940637255221,intrinsic,central,Kenyon_Cell,KCg,MBp2,left,,KCg-m,
720575940637320381,intrinsic,central,Kenyon_Cell,,MBp1,right,,KCab,KCab-s
720575940637352511,intrinsic,central,Kenyon_Cell,,MBp1,left,,KCab,KCab-s
720575940637374441,afferent,sensory,olfactory,,,right,AN,ORN_DA4m,
720575940637412841,intrinsic,central,Kenyon_Cell,,MBp1,left,,KCapbp-m,KCab-m
720575940637434601,intrinsic,central,Kenyon_Cell,KCg,MBp1,right,,KCg-m,
720575940637509941,intrinsic,central,Kenyon_Cell,KCg,MBp1,left,,KCg-m,
720575940637737021,intrinsic,central,Kenyon_Cell,KCg,MBp2,right,,KCg-m,
720575940637849151,intrinsic,central,Kenyon_Cell,KCg,MBp4,right,,KCg-m,
720575940637949161,intrinsic,central,Kenyon_Cell,KCg,MBp1,right,,KCg-m,
720575940637964521,intrinsic,central,Kenyon_Cell,KCg,MBp2,right,,KCg-m,
720575940637965621,afferent,sensory,olfactory,pheromone,,left,AN,ORN_DL3,
720575940637970921,intrinsic,central,Kenyon_Cell,KCg,MBp3,left,,KCg-m,
720575940638034751,intrinsic,central,Kenyon_Cell,KCg,MBp4,left,,KCg-m,
720575940638410611,afferent,sensory,olfactory,,,right,AN,ORN_VA2,
720575940638444861,intrinsic,central,Kenyon_Cell,KCg,MBp2,left,,KCg-m,
720575940638480061,intrinsic,central,Kenyon_Cell,KCg,MBp2,right,,KCg-m,
720575940638548021,intrinsic,central,DAN,,CREa1_dorsal,left,,PAM07,
720575940638962851,intrinsic,central,Kenyon_Cell,,MBp3,left,,KCab,KCab-s
720575940638964131,intrinsic,central,Kenyon_Cell,KCg,MBp1,right,,KCg-m,
720575940639023011,intrinsic,central,Kenyon_Cell,KCg,MBp4,left,,KCg-m,
720575940639056061,intrinsic,central,Kenyon_Cell,KCg,MBp4,right,,KCg-m,
720575940639089571,afferent,sensory,olfactory,pheromone,,left,AN,ORN_DL3,
720575940639093411,afferent,sensory,olfactory,,,right,AN,ORN_VM6l,ORN_VC5
720575940639127861,intrinsic,central,Kenyon_Cell,KCg,MBp3,left,,KCg-m,
720575940639534451,intrinsic,central,Kenyon_Cell,KCg,MBp4,right,,KCg-m,
720575940639688611,intrinsic,central,Kenyon_Cell,,MBp2,right,,KCab,KCab-s
720575940639727861,intrinsic,central,Kenyon_Cell,,MBp1,right,,KCapbp-ap2,KCab-ap2
720575940639730851,intrinsic,central,Kenyon_Cell,,MBp2,left,,KCab,KCab-m
720575940639733211,intrinsic,central,Kenyon_Cell,KCg,MBp1,right,,KCg-m,
720575940639889141,intrinsic,central,Kenyon_Cell,KCg,MBp1,left,,KCg-m,
720575940640292571,intrinsic,central,Kenyon_Cell,,MBp3,right,,KCab,KCab-s
720575940640604951,afferent,sensory,olfactory,,,right,AN,ORN_VL1,
720575940640756621,intrinsic,central,Kenyon_Cell,,MBp1,right,,KCab,KCab-c
720575940640883931,intrinsic,central,Kenyon_Cell,,MBp3,right,,KCab,KCab-m
720575940640923381,intrinsic,central,Kenyon_Cell,KCg,MBp1,left,,KCg-d,
720575940641062901,intrinsic,central,DAN,,CREa2_medial,left,,PAM01,aSP13
720575940641358811,intrinsic,central,Kenyon_Cell,,MBp2,left,,KCab,KCab-s
720575940641360091,intrinsic,central,Kenyon_Cell,,MBp1,right,,KCapbp-m,KCab-m
720575940641403021,afferent,sensory,olfactory,,,left,AN,ORN_DA2,
720575940641743501,intrinsic,central,Kenyon_Cell,KCg,MBp2,left,,KCg-m,
720575940641786101,afferent,sensory,olfactory,pheromone,,right,AN,ORN_VA1d,
720575940642108301,intrinsic,central,Kenyon_Cell,,MBp1,right,,KCapbp-ap2,KCab-ap2
720575940642142861,intrinsic,central,MBON,,EBa1,left,,MBON10,
720575940643311501,intrinsic,central,DAN,,CREa1_dorsal,left,,PAM10,
720575940643418391,intrinsic,central,Kenyon_Cell,,MBp3,left,,KCab,KCab-s
720575940644237591,afferent,sensory,olfactory,,,left,AN,ORN_DM2,
720575940644512791,afferent,sensory,olfactory,,,right,AN,ORN_D,
720575940644677411,intrinsic,central,Kenyon_Cell,KCg,MBp4,left,,KCg-d,
720575940644683031,afferent,sensory,olfactory,pheromone,,left,AN,ORN_DA1,
720575940644843031,intrinsic,central,Kenyon_Cell,KCg,MBp3,right,,KCg-m,
720575940644946211,intrinsic,central,Kenyon_Cell,,MBp2,right,,KCapbp-ap2,KCab-ap2
720575940645682211,intrinsic,central,Kenyon_Cell,KCg,MBp3,left,,KCg-m,
720575940645714211,intrinsic,central,Kenyon_Cell,KCg,MBp2,left,,KCg-m,
720575940645808931,afferent,sensory,olfactory,,,right,AN,ORN_VM6v,ORN_VC5
720575940646263331,intrinsic,central,Kenyon_Cell,KCg,MBp3,right,,KCg-m,
720575940646354211,intrinsic,central,Kenyon_Cell,KCg,MBp3,left,,KCg-m,
720575940648235641,intrinsic,central,Kenyon_Cell,,MBp2,right,,KCab,KCab-s
720575940649008761,intrinsic,central,Kenyon_Cell,KCg,MBp4,left,,KCg-m,
720575940649022841,intrinsic,central,Kenyon_Cell,,MBp1,right,,KCab-p,
720575940649428601,afferent,sensory,olfactory,pheromone,,right,AN,ORN_DC3,
720575940649536121,intrinsic,central,Kenyon_Cell,KCg,MBp2,left,,KCg-m,
720575940649650041,intrinsic,central,Kenyon_Cell,,MBp2,right,,KCapbp-ap2,KCab-ap2
720575940649692281,intrinsic,central,Kenyon_Cell,,MBp1,left,,KCab,KCab-s
720575940653339041,intrinsic,central,Kenyon_Cell,KCg,MBp3,right,,KCg-m,
720575940653351841,intrinsic,central,Kenyon_Cell,,MBp1,left,,KCapbp-ap1,KCab-ap1
720575940654661281,intrinsic,central,DAN,,CREa2_medial,right,,PAM01,aSP13
720575940656078241,intrinsic,central,Kenyon_Cell,KCg,MBp2,right,,KCg-m,
720575940658101121,intrinsic,central,Kenyon_Cell,,MBp2,right,,KCapbp-ap2,KCab-ap2
720575940659274881,afferent,sensory,olfactory,,,right,AN,ORN_VM3,
720575940659323521,intrinsic,central,Kenyon_Cell,KCg,MBp1,left,,KCg-m,
720575940659765121,intrinsic,central,Kenyon_Cell,,MBp2,right,,KCab,KCab-m
720575940659879041,intrinsic,central,Kenyon_Cell,KCg,MBp3,left,,KCg-m,
720575940660053121,intrinsic,central,DAN,,CREa2_medial,left,,PAM06,
720575940661296001,afferent,sensory,olfactory,,,left,AN,ORN_DC2,
720575940603084972,intrinsic,central,Kenyon_Cell,,MBp4,right,,KCab,KCab-s
720575940603111392,intrinsic,central,Kenyon_Cell,KCg,MBp3,right,,KCg-m,
720575940603430112,afferent,sensory,olfactory,,,left,AN,ORN_VM5d,
720575940603520172,intrinsic,central,Kenyon_Cell,,MBp1,left,,KCapbp-ap1,KCab-ap1
720575940603642982,intrinsic,central,Kenyon_Cell,,MBp4,right,,KCab,KCab-c
720575940603719712,intrinsic,central,Kenyon_Cell,KCg,MBp1,right,,KCg-m,
720575940603751782,intrinsic,central,Kenyon_Cell,,MBp2,right,,KCab,KCab-m
720575940603883232,intrinsic,central,Kenyon_Cell,KCg,MBp3,left,,KCg-m,
720575940604008672,intrinsic,central,Kenyon_Cell,KCg,MBp1,right,,KCg-m,
720575940604402092,intrinsic,central,Kenyon_Cell,,MBp1,left,,KCab,KCab-m
720575940604439072,afferent,sensory,olfactory,,,right,AN,ORN_DM5,
720575940604466912,intrinsic,central,Kenyon_Cell,,MBp2,left,,KCab,KCab-m
720575940604557792,intrinsic,central,Kenyon_Cell,,MBp2,left,,KCab,KCab-m
720575940604620512,intrinsic,central,Kenyon_Cell,,MBp2,left,,KCab,KCab-s
720575940604626912,intrinsic,central,Kenyon_Cell,,MBp1,left,,KCab,KCab-c
720575940604860332,intrinsic,central,Kenyon_Cell,KCg,MBp3,right,,KCg-m,
720575940604908972,intrinsic,central,Kenyon_Cell,KCg,MBp4,left,,KCg-m,
720575940604934572,intrinsic,central,Kenyon_Cell,,MBp3,right,,KCab,KCab-s
720575940604963942,intrinsic,central,Kenyon_Cell,KCg,MBp1,right,,KCg-m,
720575940604997152,intrinsic,central,Kenyon_Cell,KCg,MBp4,right,,KCg-m,
720575940605184102,intrinsic,central,Kenyon_Cell,KCg,MBp4,right,,KCg-m,
720575940605309542,afferent,sensory,olfactory,,,left,AN,ORN_VA5,
720575940605436262,intrinsic,central,Kenyon_Cell,,MBp4,left,,KCapbp-ap2,KCab-ap2
720575940605441312,intrinsic,central,Kenyon_Cell,,MBp4,left,,KCapbp-ap1,KCab-ap1
720575940605451552,intrinsic,central,Kenyon_Cell,,MBp3,right,,KCab,KCab-c
720575940605491302,intrinsic,central,Kenyon_Cell,,MBp2,left,,KCab,KCab-s
720575940605528422,intrinsic,central,Kenyon_Cell,KCg,MBp2,left,,KCg-m,
720575940605552742,intrinsic,central,Kenyon_Cell,KCg,MBp2,right,,KCg-m,
720575940605664702,intrinsic,central,Kenyon_Cell,KCg,MBp2,left,,KCg-m,
720575940605742002,afferent,sensory,olfactory,,,right,AN,ORN_DC1,
720575940605817522,intrinsic,central,Kenyon_Cell,,MBp2,right,,KCapbp-ap2,KCab-ap2
720575940605915872,afferent,sensory,olfactory,,,right,AN,ORN_DM2,
720575940605985202,intrinsic,central,Kenyon_Cell,,MBp2,left,,KCab,KCab-s
720575940606108862,afferent,sensory,olfactory,,,left,AN,ORN_VA2,
720575940606167142,afferent,sensory,olfactory,pheromone,,right,AN,ORN_DA1,
720575940606357122,afferent,sensory,olfactory,,,right,AN,ORN_VL2a,
720575940606515292,intrinsic,central,Kenyon_Cell,KCg,MBp3,right,,KCg-d,
720575940606621362,intrinsic,central,Kenyon_Cell,KCg,MBp1,right,,KCg-m,
720575940606662322,intrinsic,central,Kenyon_Cell,KCg,MBp3,left,,KCg-m,
720575940606691932,intrinsic,central,Kenyon_Cell,KCg,MBp4,left,,KCg-d,
720575940606698882,afferent,sensory,olfactory,,,left,AN,ORN_DM2,
720575940606783362,intrinsic,central,Kenyon_Cell,,MBp4,right,,KCapbp-ap1,KCab-ap1
720575940606796722,intrinsic,central,Kenyon_Cell,KCg,MBp1,left,,KCg-m,
720575940606892162,intrinsic,central,Kenyon_Cell,,MBp4,right,,KCab,KCab-m
720575940606949042,afferent,sensory,olfactory,pheromone,,right,AN,ORN_DA1,
720575940606967682,intrinsic,central,Kenyon_Cell,KCg,MBp2,right,,KCg-m,
720575940606968962,intrinsic,central,Kenyon_Cell,KCg,MBp1,right,,KCg-m,
720575940607146162,intrinsic,central,Kenyon_Cell,KCg,MBp4,left,,KCg-m,
720575940607180722,intrinsic,central,Kenyon_Cell,KCg,MBp3,left,,KCg-m,
720575940607697282,afferent,sensory,olfactory,pheromone,,right,AN,ORN_VA1v,
720575940608053852,afferent,sensory,olfactory,,,right,AN,ORN_DL5,
720575940608090972,afferent,sensory,olfactory,,,right,AN,ORN_DL4,
720575940608277852,intrinsic,central,Kenyon_Cell,,MBp2,left,,KCapbp-m,KCab-m
720575940608376132,afferent,sensory,olfactory,,,left,AN,ORN_DP1m,
720575940608631342,intrinsic,central,Kenyon_Cell,KCg,MBp1,right,,KCg-m,
720575940609006712,intrinsic,central,Kenyon_Cell,,MBp4,left,,KCab,KCab-m
720575940609132642,intrinsic,central,Kenyon_Cell,KCg,MBp2,right,,KCg-d,
720575940609133102,intrinsic,central,Kenyon_Cell,KCg,MBp2,right,,KCg-m,
720575940609143672,intrinsic,central,Kenyon_Cell,,MBp2,right,,KCapbp-m,KCab-m
720575940609169762,intrinsic,central,Kenyon_Cell,KCg,MBp2,right,,KCg-d,
720575940609226702,intrinsic,central,Kenyon_Cell,KCg,MBp3,right,,KCg-m,
720575940609393732,afferent,sensory,olfactory,pheromone,,left,AN,ORN_VA1v,
720575940609555922,intrinsic,central,Kenyon_Cell,KCg,MBp2,left,,KCg-d,
720575940609573842,intrinsic,central,Kenyon_Cell,,MBp4,left,,KCab,KCab-s
720575940610029432,intrinsic,central,Kenyon_Cell,KCg,MBp4,right,,KCg-m,
720575940610108002,afferent,sensory,olfactory,,,left,AN,ORN_DM4,
720575940610131012,afferent,sensory,olfactory,,,right,AN,ORN_DA4m,
720575940610318542,afferent,sensory,olfactory,,,right,MxLbN,ORN_VA4,
720575940610393842,intrinsic,central,Kenyon_Cell,,MBp4,left,,KCab,KCab-c
720575940610686162,afferent,sensory,olfactory,,,right,AN,ORN_DP1l,
720575940610690162,intrinsic,central,Kenyon_Cell,,MBp2,right,,KCab,KCab-s
720575940610743282,intrinsic,central,Kenyon_Cell,KCg,MBp3,right,,KCg-m,
720575940610847842,intrinsic,central,Kenyon_Cell,,MBp1,left,,KCapbp-ap2,KCab-ap2
720575940610849742,intrinsic,central,Kenyon_Cell,KCg,MBp3,left,,KCg-m,
720575940610921642,intrinsic,central,Kenyon_Cell,,MBp4,left,,KCapbp-ap1,KCab-ap1
720575940610922202,afferent,sensory,olfactory,,,right,AN,ORN_VA2,
720575940610926762,afferent,sensory,olfactory,,,right,AN,ORN_VM4,
720575940610944022,intrinsic,central,Kenyon_Cell,KCg,MBp2,right,,KCg-m,
720575940611160952,afferent,sensory,olfactory,pheromone,,left,AN,ORN_VA1v,
720575940611228462,intrinsic,central,Kenyon_Cell,,MBp2,left,,KCapbp-ap1,KCab-ap1
720575940611390742,intrinsic,central,Kenyon_Cell,,MBp2,left,,KCab,KCab-s
720575940611424882,intrinsic,central,Kenyon_Cell,,MBp1,left,,KCapbp-m,KCab-m
720575940611696042,intrinsic,central,Kenyon_Cell,KCg,MBp2,right,,KCg-m,
720575940611873242,intrinsic,central,Kenyon_Cell,,MBp1,left,,KCapbp-m,KCab-m
720575940611946482,intrinsic,central,Kenyon_Cell,KCg,MBp2,right,,KCg-m,
720575940611960872,intrinsic,central,Kenyon_Cell,,MBp1,right,,KCapbp-ap2,KCab-ap2
720575940611983322,intrinsic,central,Kenyon_Cell,KCg,MBp2,left,,KCg-m,
720575940612019442,afferent,sensory,olfactory,,,left,AN,ORN_DA2,
720575940612024342,afferent,sensory,olfactory,,,right,AN,ORN_VM3,
720575940612231282,intrinsic,central,Kenyon_Cell,,MBp3,left,,KCab,KCab-c
720575940612432602,intrinsic,central,Kenyon_Cell,,MBp1,left,,KCapbp-ap1,KCab-ap1
720575940612590102,intrinsic,central,Kenyon_Cell,KCg,MBp1,left,,KCg-m,
720575940612647282,intrinsic,central,Kenyon_Cell,KCg,MBp4,right,,KCg-m,
720575940612650792,intrinsic,central,Kenyon_Cell,,MBp4,left,,KCapbp-ap2,KCab-ap2
720575940612661782,intrinsic,central,Kenyon_Cell,KCg,MBp3,left,,KCg-m,
720575940612664482,intrinsic,central,Kenyon_Cell,,MBp3,right,,KCab,KCab-m
720575940612692672,intrinsic,central,Kenyon_Cell,KCg,MBp4,left,,KCg-m,
720575940612704802,afferent,sensory,olfactory,,,left,AN,ORN_V,
720575940612717202,intrinsic,central,Kenyon_Cell,KCg,MBp1,right,,KCg-m,
720575940612754582,intrinsic,central,Kenyon_Cell,KCg,MBp3,right,,KCg-m,
720575940612763542,intrinsic,central,Kenyon_Cell,,MBp3,right,,KCapbp-ap1,KCab-ap1
720575940612766102,intrinsic,central,Kenyon_Cell,,MBp2,right,,KCapbp-m,KCab-m
720575940612844202,afferent,sensory,olfactory,pheromone,,,AN,ORN_VA1v,
720575940612846962,intrinsic,central,Kenyon_Cell,,MBp1,right,,KCapbp-ap2,KCab-ap2
720575940612924522,intrinsic,central,Kenyon_Cell,,MBp3,right,,KCab,KCab-c
720575940613338152,intrinsic,central,DAN,,CREa2_medial,right,,PAM04,
720575940613478422,intrinsic,central,Kenyon_Cell,,MBp4,right,,KCab,KCab-s
720575940613622312,intrinsic,central,Kenyon_Cell,,MBp4,left,,KCapbp-m,KCab-m
720575940613637782,afferent,sensory,olfactory,,,right,AN,ORN_DP1l,
720575940613793602,intrinsic,central,Kenyon_Cell,KCg,MBp2,left,,KCg-m,
720575940613824012,intrinsic,central,Kenyon_Cell,KCg,MBp2,right,,KCg-d,
720575940613858922,afferent,sensory,olfactory,pheromone,,right,AN,ORN_DL3,
720575940613867682,intrinsic,central,Kenyon_Cell,KCg,MBp2,right,,KCg-m,
720575940613941042,intrinsic,central,Kenyon_Cell,,MBp2,right,,KCab,KCab-m
720575940613978892,intrinsic,central,Kenyon_Cell,,MBp4,left,,KCapbp-ap1,KCab-ap1
720575940614019112,afferent,sensory,olfactory,,,left,AN,ORN_DA4m,
720575940614033932,intrinsic,central,Kenyon_Cell,,MBp3,left,,KCab,KCab-c
720575940614105342,afferent,sensory,olfactory,,,right,AN,ORN_DM4,
720575940614130482,intrinsic,central,Kenyon_Cell,,MBp2,left,,KCab,KCab-m
720575940614143942,intrinsic,central,Kenyon_Cell,,MBp4,left,,KCab,KCab-c
720575940614155882,afferent,sensory,olfactory,,,right,MxLbN,ORN_VC1,
720575940614186602,intrinsic,central,Kenyon_Cell,,MBp1,right,,KCab,KCab-c
720575940614255522,afferent,sensory,olfactory,pheromone,,left,AN,ORN_VA1d,
720575940614258082,afferent,sensory,olfactory,,,right,AN,ORN_VL2a,
720575940614304012,intrinsic,central,Kenyon_Cell,,MBp3,left,,KCapbp-m,KCab-m
720575940614308002,intrinsic,central,Kenyon_Cell,,MBp4,left,,KCapbp-ap1,KCab-ap1
720575940614311842,intrinsic,central,Kenyon_Cell,KCg,MBp4,right,,KCg-d,
720575940614318482,intrinsic,central,Kenyon_Cell,KCg,MBp4,right,,KCg-m,
720575940614327202,intrinsic,central,Kenyon_Cell,KCg,MBp4,right,,KCg-m,
720575940614327442,afferent,sensory,olfactory,,,right,AN,ORN_DC2,
720575940614428722,intrinsic,central,Kenyon_Cell,,MBp1,right,,KCab,KCab-s
720575940614430102,afferent,sensory,olfactory,,,right,AN,ORN_VC5,ORN_VC3m
720575940614447922,intrinsic,central,Kenyon_Cell,KCg,MBp2,right,,KCg-m,
720575940614486322,intrinsic,central,Kenyon_Cell,KCg,MBp4,left,,KCg-m,
720575940614674282,intrinsic,central,Kenyon_Cell,KCg,MBp4,left,,KCg-m,
720575940614735372,afferent,sensory,olfactory,,,left,AN,ORN_DM2,
720575940614783042,intrinsic,central,Kenyon_Cell,,MBp3,left,,KCab,KCab-c
720575940614811222,intrinsic,central,Kenyon_Cell,KCg,MBp2,right,,KCg-m,
720575940614822742,intrinsic,central,Kenyon_Cell,KCg,MBp2,right,,KCg-m,
720575940614825622,intrinsic,central,Kenyon_Cell,KCg,MBp3,left,,KCg-m,
720575940614845802,intrinsic,central,Kenyon_Cell,KCg,MBp1,right,,KCg-m,
720575940614871402,intrinsic,central,Kenyon_Cell,KCg,MBp2,left,,KCg-m,
720575940614890642,afferent,sensory,olfactory,,,left,AN,ORN_VL2p,
720575940614890902,intrinsic,central,Kenyon_Cell,,MBp3,right,,KCapbp-m,KCab-m
720575940614892182,intrinsic,central,MBON,,DL1_dorsal,right,,MBON28,
720575940614993932,afferent,sensory,olfactory,,,left,AN,ORN_DL1,
720575940615101452,intrinsic,central,Kenyon_Cell,KCg,MBp1,right,,KCg-m,
720575940615146562,afferent,sensory,olfactory,,,right,AN,ORN_DC4,
720575940615228502,intrinsic,central,Kenyon_Cell,,MBp3,left,,KCab,KCab-s
720575940615244082,intrinsic,central,Kenyon_Cell,,MBp4,left,,KCapbp-ap1,KCab-ap1
720575940615257942,intrinsic,central,Kenyon_Cell,KCg,MBp2,left,,KCg-m,
720575940615270962,intrinsic,central,Kenyon_Cell,,MBp1,right,,KCab,KCab-s
720575940615490502,afferent,sensory,olfactory,,,left,AN,ORN_DA4l,
720575940615577542,intrinsic,central,Kenyon_Cell,KCg,MBp2,left,,KCg-m,
720575940615713292,intrinsic,central,Kenyon_Cell,KCg,MBp3,left,,KCg-d,
720575940615728102,intrinsic,central,Kenyon_Cell,,MBp1,right,,KCab,KCab-m
720575940615750562,intrinsic,central,DAN,,putative_primary,right,,PPL108,
720575940615757362,afferent,sensory,olfactory,,,left,AN,ORN_DL1,
720575940615764422,intrinsic,central,Kenyon_Cell,KCg,MBp2,right,,KCg-m,
720575940615838662,intrinsic,central,Kenyon_Cell,KCg,MBp3,right,,KCg-m,
720575940615868102,intrinsic,central,Kenyon_Cell,KCg,MBp2,left,,KCg-m,
720575940615914982,intrinsic,central,Kenyon_Cell,,MBp1,left,,KCab,KCab-s
720575940615953202,intrinsic,central,DAN,,putative_primary,left,,PPL107,
720575940615959252,intrinsic,central,Kenyon_Cell,KCg,MBp2,left,,KCg-m,
720575940615978802,intrinsic,central,Kenyon_Cell,KCg,MBp3,left,,KCg-m,
720575940616105302,intrinsic,central,Kenyon_Cell,KCg,MBp4,right,,KCg-m,
720575940616377942,afferent,sensory,olfactory,,,right,AN,ORN_D,
720575940616460322,intrinsic,central,Kenyon_Cell,KCg,MBp4,left,,KCg-d,
720575940616475732,afferent,sensory,olfactory,,,left,MxLbN,ORN_VA4,
720575940616480852,afferent,sensory,olfactory,,,left,MxLbN,ORN_VC2,
720575940616526292,afferent,sensory,olfactory,pheromone,,left,AN,ORN_DA1,
720575940616580182,intrinsic,central,Kenyon_Cell,,MBp4,left,,KCab,KCab-s
720575940616589142,intrinsic,central,Kenyon_Cell,KCg,MBp2,left,,KCg-m,
720575940616670242,afferent,sensory,olfactory,pheromone,,right,AN,ORN_DA1,
720575940616672822,intrinsic,central,Kenyon_Cell,,MBp3,right,,KCab,KCab-m
720575940616702262,intrinsic,central,Kenyon_Cell,KCg,MBp1,right,,KCg-m,
720575940616848192,intrinsic,central,Kenyon_Cell,KCg,MBp1,right,,KCg-d,
720575940616910822,intrinsic,central,Kenyon_Cell,KCg,MBp3,left,,KCg-m,
720575940616911262,intrinsic,central,Kenyon_Cell,KCg,MBp4,right,,KCg-m,
720575940616913822,intrinsic,central,Kenyon_Cell,KCg,MBp3,right,,KCg-m,
720575940616924902,intrinsic,central,Kenyon_Cell,,MBp2,left,,KCapbp-m,KCab-m
720575940617036352,intrinsic,central,Kenyon_Cell,,MBp1,left,,KCapbp-ap2,KCab-ap2
720575940617090082,intrinsic,central,Kenyon_Cell,,MBp4,right,,KCab,KCab-c
720575940617166882,afferent,sensory,olfactory,,,right,AN,ORN_VM2,
720575940617368532,intrinsic,central,Kenyon_Cell,,MBp4,left,,KCapbp-m,KCab-m
720575940617374262,intrinsic,central,Kenyon_Cell,,MBp1,left,,KCab,KCab-c
720575940617395412,intrinsic,central,Kenyon_Cell,KCg,MBp4,right,,KCg-m,
720575940617433142,afferent,sensory,olfactory,,,left,AN,ORN_DP1m,
720575940617493222,intrinsic,central,Kenyon_Cell,,MBp3,left,,KCab,KCab-c
720575940617576422,intrinsic,central,Kenyon_Cell,KCg,MBp4,right,,KCg-d,
720575940617598182,intrinsic,central,Kenyon_Cell,KCg,MBp3,left,,KCg-m,
720575940617623632,intrinsic,central,Kenyon_Cell,KCg,MBp4,left,,KCg-m,
720575940617628962,intrinsic,central,Kenyon_Cell,KCg,MBp2,right,,KCg-m,
720575940617645652,afferent,sensory,olfactory,,,left,AN,ORN_DM2,
720575940617650722,intrinsic,central,Kenyon_Cell,,MBp4,right,,KCab,KCab-s
720575940617681822,afferent,sensory,olfactory,,,left,AN,ORN_VA2,
720575940617692962,intrinsic,central,Kenyon_Cell,KCg,MBp3,left,,KCg-m,
720575940617695572,afferent,sensory,olfactory,,,left,AN,ORN_D,
720575940617924432,intrinsic,central,Kenyon_Cell,,MBp2,right,,KCab,KCab-c
720575940618133072,intrinsic,central,Kenyon_Cell,,MBp3,left,,KCab,KCab-m
720575940618211742,intrinsic,central,Kenyon_Cell,KCg,MBp1,left,,KCg-m,
720575940618258742,intrinsic,central,Kenyon_Cell,,MBp2,right,,KCab,KCab-s
720575940618299712,intrinsic,central,Kenyon_Cell,,MBp4,right,,KCapbp-ap1,KCab-ap1
720575940618306112,intrinsic,central,Kenyon_Cell,,MBp1,right,,KCapbp-ap1,KCab-ap1
720575940618326292,intrinsic,central,Kenyon_Cell,,MBp1,right,,KCapbp-ap1,KCab-ap1
720575940618341952,intrinsic,central,Kenyon_Cell,,MBp1,right,,KCab-p,
720575940618422592,intrinsic,central,Kenyon_Cell,KCg,MBp4,right,,KCg-m,
720575940618427712,intrinsic,central,Kenyon_Cell,,MBp3,left,,KCab,KCab-c
720575940618436672,intrinsic,central,Kenyon_Cell,KCg,MBp4,right,,KCg-m,
720575940618526912,intrinsic,central,Kenyon_Cell,,MBp1,right,,KCab,KCab-m
720575940618539422,afferent,sensory,olfactory,,,right,AN,ORN_DM1,
720575940618572422,intrinsic,central,Kenyon_Cell,,MBp3,right,,KCapbp-ap2,KCab-ap2
720575940618576542,afferent,sensory,olfactory,,,left,AN,ORN_DL4,
720575940618640542,afferent,sensory,olfactory,,,right,AN,ORN_DL5,
720575940618691742,intrinsic,central,Kenyon_Cell,,MBp1,right,,KCapbp-ap1,KCab-ap1
720575940618817182,intrinsic,central,Kenyon_Cell,KCg,MBp4,right,,KCg-d,
720575940618839942,intrinsic,central,Kenyon_Cell,KCg,MBp2,left,,KCg-m,
720575940618876062,intrinsic,central,Kenyon_Cell,,MBp4,right,,KCab,KCab-m
720575940619008192,intrinsic,central,Kenyon_Cell,,MBp2,left,,KCab,KCab-m
720575940619031572,intrinsic,central,Kenyon_Cell,,MBp1,left,,KCab,KCab-c
720575940619078592,intrinsic,central,Kenyon_Cell,,MBp1,right,,KCab,KCab-m
720575940619101062,intrinsic,central,DAN,,CREa2_medial,left,,PAM11,
720575940619112102,intrinsic,central,Kenyon_Cell,KCg,MBp1,left,,KCg-m,
720575940619119782,intrinsic,central,Kenyon_Cell,KCg,MBp4,left,,KCg-m,
720575940619155182,intrinsic,central,Kenyon_Cell,KCg,MBp3,left,,KCg-d,
720575940619304212,afferent,sensory,olfactory,pheromone,,left,AN,ORN_DL3,
720575940619319512,intrinsic,central,Kenyon_Cell,KCg,MBp1,left,,KCg-m,
720575940619336942,intrinsic,central,Kenyon_Cell,KCg,MBp1,right,,KCg-m,
720575940619360532,afferent,sensory,olfactory,,,right,AN,ORN_VA2,
720575940619388062,afferent,sensory,olfactory,,,,AN,ORN_DA4l,
720575940619404982,intrinsic,central,Kenyon_Cell,,MBp4,right,,KCab,KCab-m
720575940619414132,intrinsic,central,Kenyon_Cell,,MBp1,right,,KCab,KCab-m
720575940619439792,intrinsic,central,Kenyon_Cell,,MBp2,left,,KCab,KCab-m
720575940619445382,afferent,sensory,olfactory,,,right,AN,ORN_VM5d,
720575940619539182,afferent,sensory,olfactory,,,left,AN,ORN_DA2,
720575940619576912,afferent,sensory,olfactory,,,left,AN,ORN_VM2,
720575940619591872,afferent,sensory,olfactory,pheromone,,left,AN,ORN_DA1,
720575940619668212,intrinsic,central,Kenyon_Cell,,MBp3,right,,KCab,KCab-c
720575940619731392,intrinsic,central,Kenyon_Cell,,MBp4,right,,KCab,KCab-m
720575940619761072,afferent,sensory,olfactory,,,right,AN,ORN_DL1,
720575940619785492,intrinsic,central,DAN,,CREa1_dorsal,left,,PAM01,aSP13
720575940619793012,intrinsic,central,Kenyon_Cell,,MBp3,left,,KCab,KCab-s
720575940619794512,intrinsic,central,Kenyon_Cell,KCg,MBp4,right,,KCg-m,
720575940619804582,afferent,sensory,olfactory,,,left,MxLbN,ORN_VA4,
720575940619856822,intrinsic,central,Kenyon_Cell,,MBp3,left,,KCab,KCab-s
720575940619864912,intrinsic,central,Kenyon_Cell,,MBp2,right,,KCapbp-ap2,KCab-ap2
720575940619872372,intrinsic,central,Kenyon_Cell,KCg,MBp4,right,,KCg-m,
720575940619873472,afferent,sensory,olfactory,pheromone,,left,AN,ORN_DA1,
720575940619876702,intrinsic,central,Kenyon_Cell,,MBp4,right,,KCapbp-ap2,KCab-ap2
720575940619996582,afferent,sensory,olfactory,,,left,AN,ORN_VM2,
720575940620071872,afferent,sensory,olfactory,,,left,AN,ORN_DM1,
720575940620134932,afferent,sensory,olfactory,pheromone,,left,AN,ORN_VA1d,
720575940620156692,intrinsic,central,Kenyon_Cell,,MBp3,left,,KCab,KCab-s
720575940620172272,intrinsic,central,Kenyon_Cell,KCg,MBp2,left,,KCg-m,
720575940620193472,afferent,sensory,olfactory,,,right,AN,ORN_VM6v,ORN_VC5
720575940620211622,intrinsic,central,Kenyon_Cell,,MBp1,right,,KCab,KCab-c
720575940620217782,afferent,sensory,olfactory,,,left,AN,ORN_DC2,
720575940620255092,afferent,sensory,olfactory,pheromone,,left,AN,ORN_DL3,
720575940620272832,intrinsic,central,Kenyon_Cell,KCg,MBp2,right,,KCg-m,
720575940620303732,afferent,sensory,olfactory,,,left,AN,ORN_DC4,
720575940620305502,intrinsic,central,Kenyon_Cell,,MBp4,left,,KCapbp-ap1,KCab-ap1
720575940620329152,intrinsic,central,Kenyon_Cell,,MBp2,left,,KCapbp-ap2,KCab-ap2
720575940620337072,afferent,sensory,olfactory,,,left,AN,ORN_DA4m,
720575940620348342,afferent,sensory,olfactory,pheromone,,right,AN,ORN_DL3,
720575940620349632,intrinsic,central,Kenyon_Cell,KCg,MBp4,left,,KCg-m,
720575940620386742,afferent,sensory,olfactory,,,left,AN,ORN_VC3,ORN_VC3l
720575940620390822,intrinsic,central,DAN,,CREa2_medial,right,,PAM03,
720575940620418032,afferent,sensory,olfactory,,,right,AN,ORN_VA3,
720575940620448532,afferent,sensory,olfactory,pheromone,,right,AN,ORN_VA1d,
720575940620469742,intrinsic,central,Kenyon_Cell,KCg,MBp1,right,,KCg-m,
720575940620474582,intrinsic,central,Kenyon_Cell,,MBp2,right,,KCab,KCab-c
720575940620507862,intrinsic,central,Kenyon_Cell,KCg,MBp1,right,,KCg-m,
720575940620511732,afferent,sensory,olfactory,,,left,AN,ORN_V,
720575940620530812,intrinsic,central,Kenyon_Cell,,MBp2,left,,KCab,KCab-s
720575940620544182,intrinsic,central,Kenyon_Cell,,MBp2,left,,KCab,KCab-m
720575940620555252,afferent,sensory,olfactory,,,right,AN,ORN_VA2,
720575940620577652,intrinsic,central,Kenyon_Cell,,MBp3,right,,KCapbp-ap1,KCab-ap1
720575940620607982,intrinsic,central,Kenyon_Cell,KCg,MBp2,right,,KCg-m,
720575940620611822,intrinsic,central,Kenyon_Cell,KCg,MBp3,left,,KCg-m,
720575940620671512,afferent,sensory,olfactory,,,left,MxLbN,ORN_VC2,
720575940620682662,intrinsic,central,Kenyon_Cell,KCg,MBp4,right,,KCg-m,
720575940620705012,afferent,sensory,olfactory,,,right,AN,ORN_VC5,ORN_VC3m
720575940620746662,intrinsic,central,Kenyon_Cell,,MBp4,left,,KCab,KCab-m
720575940620828912,intrinsic,central,Kenyon_Cell,KCg,MBp3,right,,KCg-m,
720575940620847342,afferent,sensory,olfactory,,,right,AN,ORN_DM6,
720575940620889302,intrinsic,central,Kenyon_Cell,,MBp4,left,,KCab,KCab-s
720575940621003102,afferent,sensory,olfactory,,,left,AN,ORN_DA3,
720575940621051312,intrinsic,central,Kenyon_Cell,KCg,MBp1,left,,KCg-m,
720575940621085622,intrinsic,central,DAN,,CREa2_medial,right,,PAM08,
720575940621106102,afferent,sensory,olfactory,,,left,AN,ORN_DA2,
720575940621149812,intrinsic,central,Kenyon_Cell,,MBp1,left,,KCapbp-ap2,KCab-ap2
720575940621174192,intrinsic,central,Kenyon_Cell,,MBp1,right,,KCab,KCab-c
720575940621174742,intrinsic,central,Kenyon_Cell,KCg,MBp4,left,,KCg-d,
720575940621175472,intrinsic,central,Kenyon_Cell,,MBp3,right,,KCapbp-m,KCab-m
720575940621216982,intrinsic,central,DAN,,CREa2_medial,right,,PAM08,
720575940621285452,afferent,sensory,olfactory,,,left,AN,ORN_VA6,
720575940621291852,afferent,sensory,olfactory,,,right,AN,ORN_VA6,
720575940621321412,intrinsic,central,Kenyon_Cell,KCg,MBp4,right,,KCg-m,
720575940621343142,afferent,sensory,olfactory,,,left,AN,ORN_VA6,
720575940621358472,intrinsic,central,Kenyon_Cell,KCg,MBp2,left,,KCg-m,
720575940621359142,intrinsic,central,Kenyon_Cell,,MBp1,right,,KCab,KCab-m
720575940621382852,intrinsic,central,Kenyon_Cell,,MBp1,right,,KCab,KCab-s
720575940621399462,afferent,sensory,olfactory,pheromone,,left,AN,ORN_DL3,
720575940621411822,intrinsic,central,Kenyon_Cell,,MBp1,left,,KCab,KCab-m
720575940621419032,intrinsic,central,Kenyon_Cell,,MBp4,left,,KCab,KCab-s
720575940621462512,intrinsic,central,DAN,,CREa1_dorsal,right,,PAM01,aSP13
720575940621471732,intrinsic,central,Kenyon_Cell,KCg,MBp2,right,,KCg-m,
720575940621477402,intrinsic,central,Kenyon_Cell,KCg,MBp4,right,,KCg-m,
720575940621531312,afferent,sensory,olfactory,pheromone,,left,AN,ORN_VA1v,
720575940621549592,intrinsic,central,Kenyon_Cell,,MBp4,left,,KCab,KCab-m
720575940621552372,intrinsic,central,Kenyon_Cell,,MBp3,left,,KCab,KCab-m
720575940621560052,intrinsic,central,Kenyon_Cell,KCg,MBp4,right,,KCg-m,
720575940621567472,intrinsic,central,Kenyon_Cell,,MBp1,right,,KCab,KCab-m
720575940621577152,intrinsic,central,Kenyon_Cell,,MBp2,left,,KCapbp-ap2,KCab-ap2
720575940621581802,intrinsic,central,Kenyon_Cell,KCg,MBp1,right,,KCg-m,
720575940621658502,intrinsic,central,Kenyon_Cell,KCg,MBp1,right,,KCg-m,
720575940621709132,intrinsic,central,Kenyon_Cell,KCg,MBp3,right,,KCg-m,
720575940621736662,intrinsic,central,Kenyon_Cell,KCg,MBp3,left,,KCg-m,
720575940621786602,intrinsic,central,Kenyon_Cell,KCg,MBp4,left,,KCg-d,
720575940621802612,afferent,sensory,olfactory,,,right,AN,ORN_DM5,
720575940621817322,intrinsic,central,Kenyon_Cell,,MBp2,left,,KCab,KCab-s
720575940621832542,intrinsic,central,Kenyon_Cell,KCg,MBp4,right,,KCg-m,
720575940621892122,intrinsic,central,Kenyon_Cell,KCg,MBp1,right,,KCg-m,
720575940621914392,afferent,sensory,olfactory,pheromone,,left,AN,ORN_DL3,
720575940621920452,intrinsic,central,Kenyon_Cell,,MBp1,right,,KCab,KCab-m
720575940621936362,intrinsic,central,Kenyon_Cell,KCg,MBp2,left,,KCg-d,
720575940622015612,intrinsic,central,Kenyon_Cell,KCg,MBp4,left,,KCg-m,
720575940622023262,intrinsic,central,Kenyon_Cell,KCg,MBp4,right,,KCg-m,
720575940622069492,afferent,sensory,olfactory,pheromone,,right,AN,ORN_VA1d,
720575940622204612,afferent,sensory,olfactory,,,right,AN,ORN_DL1,
720575940622210892,intrinsic,central,Kenyon_Cell,,MBp3,left,,KCab,KCab-m
720575940622228812,intrinsic,central,Kenyon_Cell,KCg,MBp3,right,,KCg-m,
720575940622263832,intrinsic,central,Kenyon_Cell,,MBp1,left,,KCapbp-m,KCab-m
720575940622288152,intrinsic,central,Kenyon_Cell,KCg,MBp2,right,,KCg-m,
720575940622295832,intrinsic,central,Kenyon_Cell,KCg,MBp1,left,,KCg-m,
720575940622335112,intrinsic,central,Kenyon_Cell,,MBp4,right,,KCab,KCab-c
720575940622342852,afferent,sensory,olfactory,,,left,AN,ORN_VA6,
720575940622350472,intrinsic,central,Kenyon_Cell,,MBp4,right,,KCapbp-ap1,KCab-ap1
720575940622353622,intrinsic,central,Kenyon_Cell,,MBp1,left,,KCapbp-m,KCab-m
720575940622363332,afferent,sensory,olfactory,,,left,AN,ORN_VA6,
720575940622399172,afferent,sensory,olfactory,,,left,AN,ORN_VM2,
720575940622421542,afferent,sensory,olfactory,,,right,AN,ORN_DL4,
720575940622462472,intrinsic,central,Kenyon_Cell,,MBp3,right,,KCab,KCab-m
720575940622495092,intrinsic,central,DAN,,CREa1_dorsal,right,,PAM01,aSP13
720575940622512522,afferent,sensory,olfactory,,,right,AN,ORN_V,
720575940622519372,afferent,sensory,olfactory,,,right,AN,ORN_V,
720575940622557022,intrinsic,central,Kenyon_Cell,KCg,MBp2,left,,KCg-m,
720575940622641132,intrinsic,central,Kenyon_Cell,,MBp4,right,,KCab,KCab-c
720575940622655782,afferent,sensory,olfactory,,,right,AN,ORN_VM5d,
720575940622694182,intrinsic,central,Kenyon_Cell,KCg,MBp2,right,,KCg-m,
720575940622727572,intrinsic,central,Kenyon_Cell,,MBp2,right,,KCab,KCab-m
720575940622737812,intrinsic,central,Kenyon_Cell,,MBp2,right,,KCapbp-ap2,KCab-ap2
720575940622768152,intrinsic,central,Kenyon_Cell,,MBp3,left,,KCapbp-ap1,KCab-ap1
720575940622771082,intrinsic,central,Kenyon_Cell,KCg,MBp1,right,,KCg-m,
720575940622837482,intrinsic,central,Kenyon_Cell,KCg,MBp4,right,,KCg-m,
720575940622926472,intrinsic,central,Kenyon_Cell,KCg,MBp3,right,,KCg-m,
720575940622948872,intrinsic,central,Kenyon_Cell,,MBp3,right,,KCapbp-m,KCab-m
720575940622981902,intrinsic,central,Kenyon_Cell,KCg,MBp4,right,,KCg-m,
720575940623032102,afferent,sensory,olfactory,,,right,MxLbN,ORN_VM7v,
720575940623041772,intrinsic,central,Kenyon_Cell,KCg,MBp1,left,,KCg-m,
720575940623067942,intrinsic,central,Kenyon_Cell,KCg,MBp4,right,,KCg-m,
720575940623080132,afferent,sensory,olfactory,pheromone,,left,AN,ORN_DA1,
720575940623090412,afferent,sensory,olfactory,,,left,AN,ORN_DL2d,
720575940623116012,intrinsic,central,Kenyon_Cell,KCg,MBp1,left,,KCg-m,
720575940623203012,intrinsic,central,Kenyon_Cell,,MBp3,right,,KCapbp-m,KCab-m
720575940623369412,intrinsic,central,Kenyon_Cell,KCg,MBp3,right,,KCg-m,
720575940623377802,intrinsic,central,MBON,,DL1_dorsal,left,,MBON16,
720575940623386762,intrinsic,central,Kenyon_Cell,KCg,MBp3,left,,KCg-m,
720575940623393002,intrinsic,central,Kenyon_Cell,KCg,MBp1,left,,KCg-d,
720575940623462072,intrinsic,central,Kenyon_Cell,KCg,MBp3,left,,KCg-m,
720575940623510762,intrinsic,central,Kenyon_Cell,KCg,MBp1,left,,KCg-m,
720575940623542972,intrinsic,central,Kenyon_Cell,KCg,MBp1,right,,KCg-m,
720575940623643832,intrinsic,central,Kenyon_Cell,,MBp1,left,,KCab,KCab-m
720575940623750852,afferent,sensory,olfactory,pheromone,,left,AN,ORN_VA1d,
720575940623879312,intrinsic,central,Kenyon_Cell,,MBp4,left,,KCab,KCab-s
720575940623881872,intrinsic,central,Kenyon_Cell,,MBp3,left,,KCab,KCab-s
720575940623943572,intrinsic,central,Kenyon_Cell,,MBp4,right,,KCab,KCab-s
720575940623966612,intrinsic,central,Kenyon_Cell,,MBp2,left,,KCab,KCab-c
720575940624037052,afferent,sensory,olfactory,,,right,AN,ORN_DM4,
720575940624062612,afferent,sensory,olfactory,,,left,AN,ORN_VM5v,
720575940624154632,intrinsic,central,Kenyon_Cell,KCg,MBp4,left,,KCg-m,
720575940624158352,intrinsic,central,Kenyon_Cell,KCg,MBp1,right,,KCg-m,
720575940624168712,intrinsic,central,Kenyon_Cell,KCg,MBp2,left,,KCg-m,
720575940624229322,intrinsic,central,Kenyon_Cell,,MBp2,left,,KCab,KCab-c
720575940624243982,intrinsic,central,Kenyon_Cell,KCg,MBp2,left,,KCg-m,
720575940624264462,intrinsic,central,Kenyon_Cell,KCg,MBp4,left,,KCg-m,
720575940624265572,intrinsic,central,Kenyon_Cell,KCg,MBp2,right,,KCg-m,
720575940624267022,intrinsic,central,Kenyon_Cell,,MBp3,left,,KCab,KCab-m
720575940624294072,intrinsic,central,Kenyon_Cell,,MBp2,right,,KCapbp-m,KCab-m
720575940624304432,afferent,sensory,olfactory,,,right,AN,ORN_DL5,
720575940624467812,intrinsic,central,Kenyon_Cell,KCg,MBp4,left,,KCg-m,
720575940624482452,intrinsic,central,Kenyon_Cell,KCg,MBp2,left,,KCg-m,
720575940624487572,intrinsic,central,Kenyon_Cell,KCg,MBp4,right,,KCg-m,
720575940624491402,afferent,sensory,olfactory,,,left,AN,ORN_VC3,ORN_VC3l
720575940624492802,intrinsic,central,Kenyon_Cell,,MBp3,right,,KCab,KCab-m
720575940624521022,intrinsic,central,Kenyon_Cell,,MBp1,left,,KCab,KCab-m
720575940624547622,intrinsic,central,MBIN,,putative_primary,left,,APL,
720575940624572052,intrinsic,central,Kenyon_Cell,,MBp1,right,,KCab,KCab-c
720575940624574922,intrinsic,central,Kenyon_Cell,,MBp4,right,,KCapbp-ap1,KCab-ap1
720575940624593132,intrinsic,central,Kenyon_Cell,KCg,MBp1,right,,KCg-m,
720575940624595132,afferent,sensory,olfactory,,,right,MxLbN,ORN_VC2,
720575940624642492,intrinsic,central,Kenyon_Cell,,MBp4,right,,KCapbp-m,KCab-m
720575940624704002,intrinsic,central,Kenyon_Cell,,MBp1,right,,KCab,KCab-m
720575940624738232,intrinsic,central,Kenyon_Cell,KCg,MBp4,left,,KCg-m,
720575940624773182,intrinsic,central,Kenyon_Cell,KCg,MBp2,left,,KCg-m,
720575940624793272,intrinsic,central,Kenyon_Cell,,MBp4,left,,KCab,KCab-m
720575940624859032,intrinsic,central,Kenyon_Cell,KCg,MBp2,right,,KCg-m,
720575940624878992,afferent,sensory,olfactory,,,right,AN,ORN_VL2p,
720575940624882702,intrinsic,central,Kenyon_Cell,,MBp3,left,,KCab-p,
720575940624894052,intrinsic,central,Kenyon_Cell,,MBp1,left,,KCapbp-ap1,KCab-ap1
720575940624935182,intrinsic,central,Kenyon_Cell,,MBp2,left,,KCab,KCab-s
720575940624964362,afferent,sensory,olfactory,,,right,AN,ORN_V,
720575940624990782,afferent,sensory,olfactory,,,left,AN,ORN_VL2a,
720575940625022352,afferent,sensory,olfactory,,,left,AN,ORN_DL4,
720575940625146882,intrinsic,central,Kenyon_Cell,,MBp2,left,,KCapbp-ap1,KCab-ap1
720575940625309882,intrinsic,central,Kenyon_Cell,KCg,MBp3,left,,KCg-m,
720575940625333822,intrinsic,central,Kenyon_Cell,KCg,MBp3,right,,KCg-m,
720575940625405072,intrinsic,central,Kenyon_Cell,,MBp2,left,,KCab,KCab-s
720575940625430302,intrinsic,central,Kenyon_Cell,,MBp3,left,,KCapbp-ap2,KCab-ap2
720575940625442192,afferent,sensory,olfactory,pheromone,,left,AN,ORN_DC3,
720575940625484602,intrinsic,central,Kenyon_Cell,KCg,MBp3,left,,KCg-m,
720575940625486692,intrinsic,central,Kenyon_Cell,KCg,MBp2,right,,KCg-m,
720575940625496762,afferent,sensory,olfactory,,,right,AN,ORN_DM5,
720575940625520412,afferent,sensory,olfactory,,,left,AN,ORN_VM2,
720575940625525912,intrinsic,central,Kenyon_Cell,,MBp1,left,,KCapbp-m,KCab-m
720575940625537822,intrinsic,central,Kenyon_Cell,KCg,MBp3,right,,KCg-m,
720575940625598802,intrinsic,central,Kenyon_Cell,KCg,MBp4,right,,KCg-d,
720575940625647882,intrinsic,central,Kenyon_Cell,,MBp3,left,,KCab,KCab-m
720575940625670602,afferent,sensory,olfactory,pheromone,,left,AN,ORN_VA1v,
720575940625670842,afferent,sensory,olfactory,,,right,AN,ORN_VM6m,ORN_VC5
720575940625724072,intrinsic,central,Kenyon_Cell,KCg,MBp4,right,,KCg-m,
720575940625890712,afferent,sensory,olfactory,,,left,AN,ORN_VM3,
720575940625901002,intrinsic,central,Kenyon_Cell,KCg,MBp4,right,,KCg-m,
720575940625902282,intrinsic,central,Kenyon_Cell,KCg,MBp2,left,,KCg-m,
720575940626007102,intrinsic,central,Kenyon_Cell,,MBp3,left,,KCab,KCab-s
720575940626031132,afferent,sensory,olfactory,pheromone,,right,AN,ORN_DA1,
720575940626071482,intrinsic,central,DAN,,CREa2_medial,right,,PAM04,
720575940626135122,intrinsic,central,DAN,,CREa2_medial,right,,PAM05,
720575940626158692,intrinsic,central,Kenyon_Cell,,MBp3,left,,KCapbp-m,KCab-m
720575940626197532,afferent,sensory,olfactory,,,right,AN,ORN_VL2a,
720575940626201512,intrinsic,central,Kenyon_Cell,,MBp2,left,,KCapbp-m,KCab-m
720575940626213642,afferent,sensory,olfactory,,,right,MxLbN,ORN_VM7d,
720575940626227202,intrinsic,central,Kenyon_Cell,,MBp2,left,,KCab,KCab-m
720575940626240522,afferent,sensory,olfactory,,,right,AN,ORN_VC3,ORN_VC3l
720575940626252062,afferent,sensory,olfactory,,,left,AN,ORN_VL1,
720575940626274822,intrinsic,central,Kenyon_Cell,,MBp3,right,,KCab,KCab-m
720575940626277382,intrinsic,central,Kenyon_Cell,,MBp1,right,,KCab,KCab-m
720575940626307922,afferent,sensory,olfactory,,,right,AN,ORN_VM5d,
720575940626316802,intrinsic,central,Kenyon_Cell,KCg,MBp1,right,,KCg-m,
720575940626321482,intrinsic,central,Kenyon_Cell,KCg,MBp2,right,,KCg-m,
720575940626326952,intrinsic,central,Kenyon_Cell,,MBp2,right,,KCab,KCab-c
720575940626371842,intrinsic,central,Kenyon_Cell,KCg,MBp1,left,,KCg-m,
720575940626506472,intrinsic,central,DAN,,CREa1_dorsal,left,,PAM11,
720575940626540042,intrinsic,central,Kenyon_Cell,KCg,MBp3,left,,KCg-m,
720575940626569112,intrinsic,central,Kenyon_Cell,,MBp4,left,,KCab,KCab-s
720575940626571592,afferent,sensory,olfactory,,,left,AN,ORN_VA2,
720575940626582842,intrinsic,central,Kenyon_Cell,KCg,MBp3,right,,KCg-m,
720575940626697802,intrinsic,central,Kenyon_Cell,,MBp2,left,,KCab,KCab-s
720575940626702232,intrinsic,central,Kenyon_Cell,KCg,MBp2,right,,KCg-m,
720575940626779722,intrinsic,central,Kenyon_Cell,KCg,MBp4,left,,KCg-m,
720575940626793502,intrinsic,central,Kenyon_Cell,,MBp3,left,,KCab,KCab-m
720575940626800792,afferent,sensory,olfactory,pheromone,,right,AN,ORN_VA1d,
720575940626812072,afferent,sensory,olfactory,,,left,AN,ORN_VC5,ORN_VC3m
720575940626829992,afferent,sensory,olfactory,,,right,AN,ORN_VM6l,ORN_VC5
720575940626834762,intrinsic,central,Kenyon_Cell,,MBp1,right,,KCapbp-ap2,KCab-ap2
720575940626867742,intrinsic,central,Kenyon_Cell,,MBp2,left,,KCapbp-m,KCab-m
720575940626895442,intrinsic,central,Kenyon_Cell,KCg,MBp1,left,,KCg-m,
720575940626906142,intrinsic,central,Kenyon_Cell,,MBp3,right,,KCab,KCab-s
720575940626911262,intrinsic,central,Kenyon_Cell,,MBp1,right,,KCab,KCab-m
720575940626953732,intrinsic,central,Kenyon_Cell,KCg,MBp4,right,,KCg-d,
720575940626965002,intrinsic,central,Kenyon_Cell,KCg,MBp3,left,,KCg-m,
720575940626976522,afferent,sensory,olfactory,,,right,AN,ORN_DM1,
720575940626996252,afferent,sensory,olfactory,,,right,AN,ORN_DA4l,
720575940626996632,afferent,sensory,olfactory,pheromone,,left,AN,ORN_DL3,
720575940626997912,afferent,sensory,olfactory,,,left,AN,ORN_VC4,
720575940626999882,intrinsic,central,Kenyon_Cell,,MBp4,left,,KCapbp-ap2,KCab-ap2
720575940627000582,afferent,sensory,olfactory,,,right,AN,ORN_DP1m,
720575940627015942,intrinsic,central,Kenyon_Cell,KCg,MBp2,left,,KCg-m,
720575940627045642,intrinsic,central,Kenyon_Cell,,MBp2,left,,KCapbp-m,KCab-m
720575940627048522,intrinsic,central,Kenyon_Cell,,MBp1,left,,KCab-p,
720575940627077032,intrinsic,central,Kenyon_Cell,KCg,MBp4,right,,KCg-m,
720575940627103802,intrinsic,central,Kenyon_Cell,KCg,MBp2,left,,KCg-m,
720575940627129672,afferent,sensory,olfactory,,,right,AN,ORN_VL2a,
720575940627164242,intrinsic,central,Kenyon_Cell,KCg,MBp3,right,,KCg-m,
720575940627166522,intrinsic,central,Kenyon_Cell,KCg,MBp4,right,,KCg-m,
720575940627173192,intrinsic,central,Kenyon_Cell,,MBp2,left,,KCapbp-m,KCab-m
720575940627243322,intrinsic,central,Kenyon_Cell,,MBp2,left,,KCapbp-m,KCab-m
720575940627263162,intrinsic,central,Kenyon_Cell,,MBp1,right,,KCab,KCab-m
720575940627264082,intrinsic,central,Kenyon_Cell,,MBp3,right,,KCapbp-ap2,KCab-ap2
720575940627282002,intrinsic,central,Kenyon_Cell,KCg,MBp4,right,,KCg-m,
720575940627295802,intrinsic,central,Kenyon_Cell,,MBp4,right,,KCapbp-ap2,KCab-ap2
720575940627334782,afferent,sensory,olfactory,,,right,AN,ORN_VA6,
720575940627435592,intrinsic,central,Kenyon_Cell,,MBp2,left,,KCab,KCab-m
720575940627558662,intrinsic,central,Kenyon_Cell,KCg,MBp3,right,,KCg-m,
720575940627571972,intrinsic,central,Kenyon_Cell,,MBp4,left,,KCapbp-ap1,KCab-ap1
720575940627572742,intrinsic,central,Kenyon_Cell,KCg,MBp4,left,,KCg-m,
720575940627584262,intrinsic,central,Kenyon_Cell,,MBp1,left,,KCab,KCab-c
720575940627648522,afferent,sensory,olfactory,pheromone,,right,AN,ORN_VA1d,
720575940627741562,intrinsic,central,Kenyon_Cell,,MBp2,right,,KCab,KCab-s
720575940627808232,intrinsic,central,Kenyon_Cell,KCg,MBp1,left,,KCg-m,
720575940627870952,afferent,sensory,olfactory,pheromone,,left,AN,ORN_VA1v,
720575940627912492,intrinsic,central,Kenyon_Cell,KCg,MBp3,right,,KCg-m,
720575940627932412,intrinsic,central,Kenyon_Cell,KCg,MBp3,left,,KCg-m,
720575940627941242,intrinsic,central,Kenyon_Cell,,MBp3,left,,KCapbp-m,KCab-m
720575940627947792,intrinsic,central,Kenyon_Cell,KCg,MBp2,left,,KCg-m,
720575940627950312,afferent,sensory,olfactory,pheromone,,left,AN,ORN_VA1v,
720575940627985402,intrinsic,central,Kenyon_Cell,,MBp2,left,,KCab,KCab-s
720575940628002822,intrinsic,central,Kenyon_Cell,,MBp4,right,,KCapbp-ap1,KCab-ap1
720575940628012332,intrinsic,central,Kenyon_Cell,,MBp4,right,,KCab,KCab-s
720575940628079872,intrinsic,central,Kenyon_Cell,,MBp4,left,,KCab,KCab-m
720575940628080902,intrinsic,central,Kenyon_Cell,KCg,MBp2,left,,KCg-d,
720575940628163402,intrinsic,central,Kenyon_Cell,KCg,MBp3,right,,KCg-m,
720575940628188732,intrinsic,central,Kenyon_Cell,,MBp4,right,,KCab,KCab-s
720575940628209212,intrinsic,central,Kenyon_Cell,,MBp2,right,,KCab,KCab-s
720575940628219692,intrinsic,central,Kenyon_Cell,,MBp2,left,,KCab,KCab-c
720575940628225852,intrinsic,central,Kenyon_Cell,KCg,MBp3,right,,KCg-m,
720575940628240122,intrinsic,central,Kenyon_Cell,,MBp2,left,,KCab,KCab-s
720575940628295242,intrinsic,central,Kenyon_Cell,KCg,MBp1,right,,KCg-m,
720575940628363642,intrinsic,central,Kenyon_Cell,,MBp2,left,,KCapbp-ap1,KCab-ap1
720575940628405882,intrinsic,central,Kenyon_Cell,KCg,MBp4,left,,KCg-d,
720575940628411002,intrinsic,central,Kenyon_Cell,,MBp4,left,,KCab-p,
720575940628411612,intrinsic,central,Kenyon_Cell,KCg,MBp2,right,,KCg-d,
720575940628412892,intrinsic,central,Kenyon_Cell,KCg,MBp2,right,,KCg-m,
720575940628431042,intrinsic,central,Kenyon_Cell,,MBp4,left,,KCab-p,
720575940628471392,intrinsic,central,Kenyon_Cell,,MBp3,right,,KCapbp-ap2,KCab-ap2
720575940628491792,intrinsic,central,Kenyon_Cell,KCg,MBp4,right,,KCg-m,
720575940628499322,afferent,sensory,olfactory,,,left,AN,ORN_V,
720575940628506732,intrinsic,central,Kenyon_Cell,,MBp4,right,,KCab,KCab-c
720575940628538112,intrinsic,central,Kenyon_Cell,KCg,MBp3,left,,KCg-m,
720575940628608272,intrinsic,central,Kenyon_Cell,,MBp2,right,,KCapbp-ap1,KCab-ap1
720575940628610012,intrinsic,central,Kenyon_Cell,,MBp4,left,,KCab,KCab-s
720575940628612112,intrinsic,central,Kenyon_Cell,,MBp2,right,,KCab,KCab-s
720575940628632702,afferent,sensory,olfactory,,,left,AN,ORN_DM4,
720575940628651792,intrinsic,central,Kenyon_Cell,,MBp3,right,,KCapbp-m,KCab-m
720575940628683002,afferent,sensory,olfactory,,,right,AN,ORN_DA3,
720575940628697872,intrinsic,central,Kenyon_Cell,KCg,MBp1,left,,KCg-m,
720575940628697982,intrinsic,central,Kenyon_Cell,KCg,MBp4,right,,KCg-m,
720575940628743362,intrinsic,central,DAN,,CREa2_medial,right,,PAM03,
720575940628769662,afferent,sensory,olfactory,,,right,AN,ORN_VL2p,
720575940628787962,intrinsic,central,Kenyon_Cell,KCg,MBp3,right,,KCg-m,
720575940628790142,afferent,sensory,olfactory,,,left,AN,ORN_VM2,
720575940628800762,intrinsic,central,Kenyon_Cell,,MBp3,right,,KCapbp-ap1,KCab-ap1
720575940628802042,intrinsic,central,Kenyon_Cell,KCg,MBp3,left,,KCg-m,
720575940628818682,intrinsic,central,Kenyon_Cell,KCg,MBp3,left,,KCg-m,
720575940628836412,intrinsic,central,DAN,,CREa1_dorsal,right,,PAM08,
720575940628868352,afferent,sensory,olfactory,,,left,AN,ORN_VL2a,
720575940628906622,intrinsic,central,Kenyon_Cell,,MBp3,left,,KCapbp-ap2,KCab-ap2
720575940628958842,afferent,sensory,olfactory,,,left,AN,ORN_VA7m,
720575940628975482,intrinsic,central,Kenyon_Cell,KCg,MBp4,right,,KCg-m,
720575940628989562,afferent,sensory,olfactory,,,right,AN,ORN_VL1,
720575940629129472,intrinsic,central,Kenyon_Cell,,MBp3,left,,KCab,KCab-m
720575940629148672,intrinsic,central,Kenyon_Cell,,MBp1,left,,KCab,KCab-s
720575940629166592,intrinsic,central,Kenyon_Cell,KCg,MBp3,right,,KCg-m,
720575940629182402,afferent,sensory,olfactory,pheromone,,right,AN,ORN_DA1,
720575940629232492,afferent,sensory,olfactory,,,left,AN,ORN_VA2,
720575940629236242,intrinsic,central,Kenyon_Cell,,MBp3,right,,KCab,KCab-c
720575940629239852,afferent,sensory,olfactory,,,right,AN,ORN_VL2p,
720575940629263872,afferent,sensory,olfactory,,,right,AN,ORN_VA2,
720575940629265602,afferent,sensory,olfactory,,,right,MxLbN,ORN_VA7l,
720575940629350782,afferent,sensory,olfactory,,,left,AN,ORN_DM1,
720575940629406012,intrinsic,central,Kenyon_Cell,KCg,MBp3,right,,KCg-m,
720575940629438202,intrinsic,central,Kenyon_Cell,,MBp1,left,,KCab,KCab-m
720575940629471682,afferent,sensory,olfactory,pheromone,,left,AN,ORN_DA1,
720575940629477882,intrinsic,central,Kenyon_Cell,,MBp1,left,,KCab,KCab-s
720575940629482362,intrinsic,central,Kenyon_Cell,,MBp2,left,,KCapbp-ap1,KCab-ap1
720575940629492862,intrinsic,central,Kenyon_Cell,,MBp2,left,,KCab,KCab-s
720575940629500542,intrinsic,central,Kenyon_Cell,,MBp2,right,,KCab,KCab-c
720575940629518892,afferent,sensory,olfactory,,,right,MxLbN,ORN_VC1,
720575940629524342,afferent,sensory,olfactory,,,right,AN,ORN_VM5d,
720575940629529722,intrinsic,central,MBON,,EBa1,left,,MBON10,
720575940629532542,intrinsic,central,Kenyon_Cell,,MBp1,left,,KCab,KCab-m
720575940629557292,afferent,sensory,olfactory,,,right,AN,ORN_DC2,
720575940629585602,intrinsic,central,MBON,,EBa1,right,,MBON10,
720575940629624702,intrinsic,central,Kenyon_Cell,KCg,MBp4,right,,KCg-m,
720575940629673692,afferent,sensory,olfactory,,,right,AN,ORN_DA4l,
720575940629728732,afferent,sensory,olfactory,,,right,AN,ORN_DM1,
720575940629734442,intrinsic,central,Kenyon_Cell,,MBp2,left,,KCab,KCab-c
720575940629788012,intrinsic,central,Kenyon_Cell,KCg,MBp4,right,,KCg-m,
720575940629789292,intrinsic,central,Kenyon_Cell,KCg,MBp3,right,,KCg-m,
720575940629832252,afferent,sensory,olfactory,,,right,AN,ORN_DA4l,
720575940629853292,intrinsic,central,Kenyon_Cell,KCg,MBp2,left,,KCg-m,
720575940629893162,intrinsic,central,Kenyon_Cell,,MBp2,left,,KCapbp-ap2,KCab-ap2
720575940629916972,intrinsic,central,Kenyon_Cell,,MBp3,left,,KCab,KCab-s
720575940629917482,intrinsic,central,Kenyon_Cell,,MBp2,right,,KCab,KCab-s
720575940629918762,afferent,sensory,olfactory,,,left,AN,ORN_DM1,
720575940629951292,intrinsic,central,Kenyon_Cell,KCg,MBp2,right,,KCg-m,
720575940629960192,intrinsic,central,DAN,,CREa2_medial,left,,PAM10,
720575940630033962,afferent,sensory,olfactory,pheromone,,right,AN,ORN_DL3,
720575940630036332,intrinsic,central,Kenyon_Cell,KCg,MBp1,left,,KCg-m,
720575940630192682,intrinsic,central,Kenyon_Cell,,MBp1,left,,KCapbp-m,KCab-m
720575940630210682,afferent,sensory,olfactory,,,left,AN,ORN_VA5,
720575940630218552,intrinsic,central,Kenyon_Cell,KCg,MBp3,right,,KCg-d,
720575940630257772,afferent,sensory,olfactory,,,right,AN,ORN_DA2,
720575940630265952,intrinsic,central,Kenyon_Cell,,MBp1,right,,KCab,KCab-c
720575940630276972,afferent,sensory,olfactory,pheromone,,right,AN,ORN_VA1d,
720575940630432932,intrinsic,central,Kenyon_Cell,KCg,MBp3,right,,KCg-m,
720575940630450852,intrinsic,central,Kenyon_Cell,,MBp2,right,,KCapbp-ap1,KCab-ap1
720575940630462572,afferent,sensory,olfactory,,,left,AN,ORN_VL1,
720575940630493292,intrinsic,central,Kenyon_Cell,KCg,MBp1,left,,KCg-m,
720575940630497142,intrinsic,central,Kenyon_Cell,KCg,MBp3,left,,KCg-m,
720575940630511222,intrinsic,central,Kenyon_Cell,,MBp2,left,,KCab,KCab-m
720575940630538752,afferent,sensory,olfactory,pheromone,,left,AN,ORN_VA1d,
720575940630620812,intrinsic,central,Kenyon_Cell,KCg,MBp1,left,,KCg-m,
720575940630754252,intrinsic,central,Kenyon_Cell,,MBp2,left,,KCapbp-ap1,KCab-ap1
720575940630769962,intrinsic,central,Kenyon_Cell,KCg,MBp4,left,,KCg-m,
720575940630869522,afferent,sensory,olfactory,,,right,AN,ORN_DM3,
720575940630912512,intrinsic,central,Kenyon_Cell,KCg,MBp3,right,,KCg-d,
720575940630990732,afferent,sensory,olfactory,pheromone,,right,AN,ORN_DL3,
720575940630996072,afferent,sensory,olfactory,pheromone,,right,AN,ORN_DA1,
720575940631017932,intrinsic,central,Kenyon_Cell,,MBp3,right,,KCab,KCab-s
720575940631024682,intrinsic,central,Kenyon_Cell,KCg,MBp4,right,,KCg-m,
720575940631088402,intrinsic,central,Kenyon_Cell,,MBp3,right,,KCab,KCab-c
720575940631216682,intrinsic,central,Kenyon_Cell,,MBp2,right,,KCab,KCab-s
720575940631217782,afferent,sensory,olfactory,,,right,AN,ORN_DM1,
720575940631284012,intrinsic,central,Kenyon_Cell,,MBp4,right,,KCab,KCab-c
720575940631292202,intrinsic,central,Kenyon_Cell,KCg,MBp1,left,,KCg-m,
720575940631434722,intrinsic,central,Kenyon_Cell,KCg,MBp2,right,,KCg-m,
720575940631453922,intrinsic,central,Kenyon_Cell,,MBp4,right,,KCab,KCab-c
720575940631487652,afferent,sensory,olfactory,,,right,AN,ORN_VL1,
720575940631595562,afferent,sensory,olfactory,,,right,AN,ORN_VC4,
720575940631620712,afferent,sensory,olfactory,,,right,MxLbN,ORN_VA4,
720575940631625272,intrinsic,central,Kenyon_Cell,KCg,MBp1,right,,KCg-m,
720575940631687332,intrinsic,central,Kenyon_Cell,KCg,MBp1,left,,KCg-m,
720575940631741032,intrinsic,central,Kenyon_Cell,,MBp4,left,,KCapbp-m,KCab-m
720575940631775032,intrinsic,central,Kenyon_Cell,,MBp1,right,,KCapbp-ap2,KCab-ap2
720575940631782712,intrinsic,central,Kenyon_Cell,,MBp1,right,,KCapbp-ap1,KCab-ap1
720575940631791672,intrinsic,central,Kenyon_Cell,KCg,MBp2,left,,KCg-m,
720575940631844492,intrinsic,central,DAN,,CREa2_medial,right,,PAM13,
720575940631925132,afferent,sensory,olfactory,,,left,AN,ORN_DM2,
720575940632002152,afferent,sensory,olfactory,,,right,AN,ORN_DM3,
720575940632030412,intrinsic,central,Kenyon_Cell,,MBp1,left,,KCapbp-ap2,KCab-ap2
720575940632031372,intrinsic,central,Kenyon_Cell,,MBp2,left,,KCab,KCab-m
720575940632043832,afferent,sensory,olfactory,,,left,AN,ORN_DA4m,
720575940632182692,intrinsic,central,Kenyon_Cell,KCg,MBp4,right,,KCg-d,
720575940632495052,intrinsic,central,Kenyon_Cell,KCg,MBp4,right,,KCg-m,
720575940632576482,afferent,sensory,olfactory,,,left,AN,ORN_DM3,
720575940632651932,intrinsic,central,Kenyon_Cell,,MBp1,left,,KCab,KCab-m
720575940632932762,intrinsic,central,Kenyon_Cell,,MBp4,right,,KCab,KCab-c
720575940632940442,intrinsic,central,Kenyon_Cell,,MBp4,right,,KCab,KCab-c
720575940632946272,intrinsic,central,Kenyon_Cell,,MBp3,left,,KCab,KCab-s
720575940633207962,intrinsic,central,Kenyon_Cell,KCg,MBp1,right,,KCg-d,
720575940633312482,intrinsic,central,Kenyon_Cell,,MBp1,right,,KCab,KCab-c
720575940633402082,intrinsic,central,Kenyon_Cell,KCg,MBp3,right,,KCg-m,
720575940633416162,intrinsic,central,Kenyon_Cell,KCg,MBp1,left,,KCg-m,
720575940633659802,intrinsic,central,Kenyon_Cell,,MBp4,left,,KCab,KCab-m
720575940633742432,intrinsic,central,Kenyon_Cell,,MBp2,left,,KCab,KCab-s
720575940633763832,intrinsic,central,Kenyon_Cell,KCg,MBp4,left,,KCg-m,
720575940633830392,intrinsic,central,Kenyon_Cell,,MBp3,left,,KCab,KCab-c
720575940633934772,intrinsic,central,Kenyon_Cell,KCg,MBp4,left,,KCg-m,
720575940634004892,intrinsic,central,Kenyon_Cell,,MBp1,left,,KCapbp-ap1,KCab-ap1
720575940634107292,intrinsic,central,Kenyon_Cell,KCg,MBp3,left,,KCg-m,
720575940634163552,intrinsic,central,Kenyon_Cell,KCg,MBp1,left,,KCg-m,
720575940634199732,intrinsic,central,Kenyon_Cell,,MBp3,left,,KCapbp-ap2,KCab-ap2
720575940634771892,afferent,sensory,olfactory,,,right,AN,ORN_DL1,
720575940634800282,intrinsic,central,Kenyon_Cell,,MBp4,right,,KCab,KCab-m
720575940634842292,intrinsic,central,Kenyon_Cell,,MBp2,left,,KCab,KCab-m
720575940634868472,intrinsic,central,Kenyon_Cell,,MBp2,left,,KCapbp-ap1,KCab-ap1
720575940634914552,intrinsic,central,Kenyon_Cell,KCg,MBp1,right,,KCg-m,
720575940634942362,intrinsic,central,Kenyon_Cell,KCg,MBp4,right,,KCg-m,
720575940634967962,intrinsic,central,Kenyon_Cell,KCg,MBp1,right,,KCg-m,
720575940634984372,afferent,sensory,olfactory,,,left,AN,ORN_DA4m,
720575940635026272,afferent,sensory,olfactory,,,left,AN,ORN_VL1,
720575940635126452,afferent,sensory,olfactory,,,right,AN,ORN_DM3,
720575940635159982,afferent,sensory,olfactory,,,left,MxLbN,ORN_VM7d,
720575940635353592,intrinsic,central,Kenyon_Cell,KCg,MBp3,left,,KCg-m,
720575940635489272,intrinsic,central,Kenyon_Cell,,MBp2,left,,KCab,KCab-c
720575940635614942,intrinsic,central,Kenyon_Cell,KCg,MBp2,right,,KCg-m,
720575940635668592,intrinsic,central,Kenyon_Cell,,MBp2,left,,KCab,KCab-m
720575940635803822,afferent,sensory,olfactory,,,right,AN,ORN_DL4,
720575940636048862,intrinsic,central,Kenyon_Cell,,MBp3,left,,KCapbp-ap1,KCab-ap1
720575940636224142,intrinsic,central,Kenyon_Cell,,MBp2,right,,KCab,KCab-m
720575940636272862,intrinsic,central,Kenyon_Cell,,MBp4,left,,KCab,KCab-s
720575940636323982,intrinsic,central,Kenyon_Cell,,MBp2,left,,KCab,KCab-m
720575940636422372,intrinsic,central,Kenyon_Cell,KCg,MBp2,right,,KCg-m,
720575940636431022,intrinsic,central,Kenyon_Cell,KCg,MBp3,left,,KCg-m,
720575940636513882,intrinsic,central,Kenyon_Cell,KCg,MBp4,right,,KCg-d,
720575940636555182,intrinsic,central,Kenyon_Cell,KCg,MBp4,left,,KCg-d,
720575940636599182,afferent,sensory,olfactory,pheromone,,left,AN,ORN_DC3,
720575940636640602,intrinsic,central,Kenyon_Cell,,MBp2,right,,KCapbp-m,KCab-m
720575940636665262,intrinsic,central,Kenyon_Cell,,MBp3,right,,KCapbp-ap1,KCab-ap1
720575940636695982,intrinsic,central,Kenyon_Cell,,MBp4,left,,KCab,KCab-s
720575940636920542,intrinsic,central,Kenyon_Cell,,MBp3,right,,KCab,KCab-c
720575940636942302,afferent,sensory,olfactory,pheromone,,left,AN,ORN_VA1d,
720575940636975582,afferent,sensory,olfactory,,,right,MxLbN,ORN_VM7d,
720575940637124422,intrinsic,central,Kenyon_Cell,,MBp1,left,,KCapbp-ap1,KCab-ap1
720575940637143262,intrinsic,central,Kenyon_Cell,KCg,MBp4,left,,KCg-m,
720575940637211462,intrinsic,central,Kenyon_Cell,,MBp4,right,,KCab,KCab-s
720575940637226212,afferent,sensory,olfactory,pheromone,,left,AN,ORN_DC3,
720575940637389902,intrinsic,central,Kenyon_Cell,,MBp3,left,,KCab,KCab-m
720575940637390302,intrinsic,central,DAN,,CREa2_medial,right,,PAM01,aSP13
720575940637391582,intrinsic,central,DAN,,CREa1_dorsal,right,,PAM01,aSP13
720575940637446622,intrinsic,central,Kenyon_Cell,KCg,MBp3,right,,KCg-m,
720575940637540952,intrinsic,central,Kenyon_Cell,KCg,MBp3,right,,KCg-d,
720575940637725272,intrinsic,central,Kenyon_Cell,KCg,MBp2,right,,KCg-m,
720575940637733702,intrinsic,central,Kenyon_Cell,KCg,MBp3,right,,KCg-m,
720575940637887872,afferent,sensory,olfactory,,,right,AN,ORN_VM6v,ORN_VC5
720575940637906502,afferent,sensory,olfactory,,,right,AN,ORN_VM4,
720575940637954532,intrinsic,central,Kenyon_Cell,KCg,MBp2,right,,KCg-m,
720575940637964772,intrinsic,central,Kenyon_Cell,KCg,MBp2,left,,KCg-m,
720575940638026842,afferent,sensory,olfactory,,,left,AN,ORN_V,
720575940638202852,afferent,sensory,olfactory,pheromone,,left,AN,ORN_VA1d,
720575940638351332,afferent,sensory,olfactory,pheromone,,right,AN,ORN_VA1d,
720575940638474112,intrinsic,central,Kenyon_Cell,KCg,MBp3,left,,KCg-m,
720575940638513752,afferent,sensory,olfactory,,,right,AN,ORN_DP1m,
720575940638561102,intrinsic,central,Kenyon_Cell,,MBp2,right,,KCapbp-m,KCab-m
720575940638593102,intrinsic,central,Kenyon_Cell,KCg,MBp3,left,,KCg-m,
720575940638645592,afferent,sensory,olfactory,,,right,AN,ORN_VM5d,
720575940638662352,intrinsic,central,Kenyon_Cell,,MBp4,right,,KCapbp-ap1,KCab-ap1
720575940638860672,afferent,sensory,olfactory,,,right,AN,ORN_VM5d,
720575940639004032,afferent,sensory,olfactory,,,left,AN,ORN_VC5,ORN_VC3m
720575940639024462,afferent,sensory,olfactory,,,right,AN,ORN_DM2,
720575940639028312,afferent,sensory,olfactory,,,left,AN,ORN_DA3,
720575940639068112,afferent,sensory,olfactory,,,left,AN,ORN_DL1,
720575940639099992,intrinsic,central,Kenyon_Cell,,MBp2,left,,KCapbp-ap2,KCab-ap2
720575940639117912,intrinsic,central,Kenyon_Cell,KCg,MBp3,left,,KCg-m,
720575940639197262,intrinsic,central,Kenyon_Cell,KCg,MBp3,left,,KCg-m,
720575940639202532,intrinsic,central,Kenyon_Cell,,MBp4,right,,KCapbp-m,KCab-m
720575940639212632,intrinsic,central,Kenyon_Cell,,MBp1,left,,KCab,KCab-m
720575940639260032,afferent,sensory,olfactory,,,left,AN,ORN_DA4m,
720575940639309902,intrinsic,central,Kenyon_Cell,KCg,MBp4,left,,KCg-m,
720575940639619792,afferent,sensory,olfactory,,,left,AN,ORN_VC4,
720575940639686232,intrinsic,central,Kenyon_Cell,,MBp3,right,,KCapbp-ap2,KCab-ap2
720575940639905232,intrinsic,central,Kenyon_Cell,,MBp4,left,,KCapbp-m,KCab-m
720575940639964032,intrinsic,central,Kenyon_Cell,KCg,MBp1,left,,KCg-m,
720575940639974272,intrinsic,central,Kenyon_Cell,KCg,MBp2,left,,KCg-m,
720575940639988352,intrinsic,central,Kenyon_Cell,KCg,MBp3,right,,KCg-m,
720575940640688592,intrinsic,central,Kenyon_Cell,KCg,MBp2,right,,KCg-m,
720575940641372112,afferent,sensory,olfactory,,,left,AN,ORN_VA2,
720575940641866912,intrinsic,central,Kenyon_Cell,,MBp2,right,,KCab,KCab-s
720575940641889952,intrinsic,central,Kenyon_Cell,,MBp3,right,,KCab,KCab-m
720575940642780832,afferent,sensory,olfactory,,,right,AN,ORN_VC4,
720575940643266852,intrinsic,central,Kenyon_Cell,,MBp2,right,,KCab,KCab-s
720575940643281262,intrinsic,central,Kenyon_Cell,KCg,MBp2,right,,KCg-m,
720575940643497632,intrinsic,central,Kenyon_Cell,,MBp4,right,,KCapbp-m,KCab-m
720575940643501472,intrinsic,central,Kenyon_Cell,,MBp1,right,,KCapbp-ap2,KCab-ap2
720575940643757422,afferent,sensory,olfactory,,,left,MxLbN,ORN_VC2,
720575940643824072,intrinsic,central,Kenyon_Cell,,MBp3,left,,KCab,KCab-m
720575940643919982,intrinsic,central,Kenyon_Cell,,MBp2,left,,KCab,KCab-m
720575940644028452,afferent,sensory,olfactory,,,right,AN,ORN_VA2,
720575940644191012,afferent,sensory,olfactory,pheromone,,left,AN,ORN_DA1,
720575940644413732,intrinsic,central,Kenyon_Cell,,MBp1,right,,KCab-p,
720575940644448292,intrinsic,central,Kenyon_Cell,KCg,MBp2,left,,KCg-m,
720575940644747572,intrinsic,central,Kenyon_Cell,,MBp4,right,,KCab,KCab-c
720575940645210222,intrinsic,central,Kenyon_Cell,,MBp1,right,,KCab,KCab-s
720575940645221742,intrinsic,central,Kenyon_Cell,KCg,MBp4,left,,KCg-m,
720575940645226862,intrinsic,central,Kenyon_Cell,KCg,MBp2,left,,KCg-m,
720575940645345332,afferent,sensory,olfactory,,,left,AN,ORN_VC3,ORN_VC3l
720575940645559662,afferent,sensory,olfactory,pheromone,,,AN,ORN_DL3,
720575940645728132,afferent,sensory,olfactory,,,right,AN,ORN_DP1m,
720575940645917492,afferent,sensory,olfactory,,,left,AN,ORN_VM2,
720575940645941102,afferent,sensory,olfactory,,,left,MxLbN,ORN_VC2,
720575940646583172,afferent,sensory,olfactory,pheromone,,left,AN,ORN_DA1,
720575940646602372,intrinsic,central,Kenyon_Cell,KCg,MBp2,right,,KCg-m,
720575940646604932,intrinsic,central,Kenyon_Cell,KCg,MBp4,left,,KCg-m,
720575940646682932,intrinsic,central,Kenyon_Cell,,MBp3,right,,KCab,KCab-s
720575940647097732,afferent,sensory,olfactory,,,left,AN,ORN_DM2,
720575940650519542,intrinsic,central,Kenyon_Cell,,MBp2,left,,KCab,KCab-c
720575940650740982,intrinsic,central,Kenyon_Cell,,MBp3,left,,KCapbp-ap2,KCab-ap2
720575940651864822,intrinsic,central,Kenyon_Cell,,MBp3,left,,KCapbp-ap2,KCab-ap2
720575940652064502,afferent,sensory,olfactory,,,right,AN,ORN_VC3,ORN_VC3l
720575940652101622,afferent,sensory,olfactory,,,right,MxLbN,ORN_VC2,
720575940604766153,intrinsic,central,Kenyon_Cell,,MBp2,right,,KCab,KCab-m
720575940605997513,intrinsic,central,Kenyon_Cell,,MBp3,right,,KCab,KCab-s
720575940606433713,intrinsic,central,Kenyon_Cell,,MBp3,left,,KCapbp-m,KCab-m
720575940606460873,afferent,sensory,olfactory,,,right,AN,ORN_VM6l,ORN_VC5
720575940606483723,intrinsic,central,Kenyon_Cell,,MBp3,right,,KCab,KCab-c
720575940606666953,intrinsic,central,Kenyon_Cell,,MBp3,right,,KCapbp-ap1,KCab-ap1
720575940606700043,intrinsic,central,Kenyon_Cell,,MBp2,left,,KCab,KCab-c
720575940606747593,intrinsic,central,Kenyon_Cell,,MBp3,left,,KCab,KCab-c
720575940606869513,afferent,sensory,olfactory,,,left,MxLbN,ORN_VM7d,
720575940606954763,intrinsic,central,Kenyon_Cell,,MBp3,left,,KCapbp-m,KCab-m
720575940607066123,intrinsic,central,DAN,,CREa2_medial,left,,PAM05,
720575940607085323,afferent,sensory,olfactory,,,left,AN,ORN_VM6m,ORN_VC5
720575940607168523,intrinsic,central,Kenyon_Cell,,MBp1,left,,KCab-p,
720575940607310603,afferent,sensory,olfactory,,,left,AN,ORN_DM5,
720575940607337923,intrinsic,central,Kenyon_Cell,,MBp2,right,,KCab,KCab-m
720575940607352003,intrinsic,central,Kenyon_Cell,,MBp3,right,,KCab,KCab-c
720575940607626453,afferent,sensory,olfactory,,,left,AN,ORN_VL1,
720575940607674563,intrinsic,central,Kenyon_Cell,,MBp3,left,,KCab,KCab-c
720575940607721923,intrinsic,central,Kenyon_Cell,,MBp3,left,,KCab,KCab-c
720575940607794443,intrinsic,central,DAN,,CREa2_medial,left,,PAM06,
720575940607828233,intrinsic,central,Kenyon_Cell,KCg,MBp1,right,,KCg-m,
720575940607896843,afferent,sensory,olfactory,,,left,AN,ORN_VL1,
720575940607948483,afferent,sensory,olfactory,,,right,AN,ORN_DM6,
720575940607960843,afferent,sensory,olfactory,,,left,AN,ORN_DC4,
720575940608007893,afferent,sensory,olfactory,,,left,AN,ORN_DL4,
720575940608148693,intrinsic,central,Kenyon_Cell,,MBp3,right,,KCapbp-ap2,KCab-ap2
720575940608273163,afferent,sensory,olfactory,,,left,AN,ORN_VC4,
720575940608312533,intrinsic,central,Kenyon_Cell,KCg,MBp4,right,,KCg-d,
720575940608328713,intrinsic,central,Kenyon_Cell,KCg,MBp4,right,,KCg-m,
720575940608383243,intrinsic,central,Kenyon_Cell,KCg,MBp3,right,,KCg-m,
720575940608413193,intrinsic,central,Kenyon_Cell,KCg,MBp2,left,,KCg-d,
720575940608442633,intrinsic,central,DAN,,CREa1_dorsal,right,,PAM06,
720575940608471563,intrinsic,central,Kenyon_Cell,KCg,MBp4,left,,KCg-m,
720575940608524483,intrinsic,central,Kenyon_Cell,KCg,MBp1,right,,KCg-m,
720575940608525763,intrinsic,central,Kenyon_Cell,KCg,MBp3,left,,KCg-m,
720575940608564233,intrinsic,central,Kenyon_Cell,KCg,MBp2,left,,KCg-m,
720575940608615363,afferent,sensory,olfactory,pheromone,,left,AN,ORN_DL3,
720575940608682453,intrinsic,central,Kenyon_Cell,KCg,MBp1,left,,KCg-m,
720575940608768213,intrinsic,central,Kenyon_Cell,KCg,MBp3,right,,KCg-m,
720575940609871253,intrinsic,central,Kenyon_Cell,,MBp1,right,,KCab,KCab-m
720575940609940373,intrinsic,central,Kenyon_Cell,,MBp1,right,,KCab,KCab-m
720575940609941653,intrinsic,central,Kenyon_Cell,,MBp1,right,,KCab,KCab-s
720575940610417893,intrinsic,central,Kenyon_Cell,KCg,MBp1,right,,KCg-d,
720575940610562713,intrinsic,central,Kenyon_Cell,KCg,MBp2,left,,KCg-m,
720575940610617753,intrinsic,central,Kenyon_Cell,,MBp2,left,,KCab,KCab-c
720575940610676403,intrinsic,central,Kenyon_Cell,,MBp2,right,,KCab,KCab-s
720575940610864533,afferent,sensory,olfactory,,,right,AN,ORN_DC4,
720575940610877363,afferent,sensory,olfactory,,,left,AN,ORN_DM5,
720575940611068053,afferent,sensory,olfactory,,,left,AN,ORN_VC3,ORN_VC3l
720575940611204323,intrinsic,central,Kenyon_Cell,,MBp2,right,,KCapbp-m,KCab-m
720575940611437973,afferent,sensory,olfactory,,,left,AN,ORN_DA2,
720575940611454833,intrinsic,central,Kenyon_Cell,KCg,MBp3,left,,KCg-m,
720575940611559653,afferent,sensory,olfactory,,,left,AN,ORN_DA3,
720575940611586453,intrinsic,central,Kenyon_Cell,,MBp4,right,,KCab,KCab-s
720575940611685273,intrinsic,central,Kenyon_Cell,KCg,MBp3,left,,KCg-m,
720575940611704813,intrinsic,central,Kenyon_Cell,,MBp1,right,,KCab,KCab-c
720575940611728563,intrinsic,central,Kenyon_Cell,KCg,MBp4,left,,KCg-m,
720575940612009903,intrinsic,central,Kenyon_Cell,KCg,MBp3,right,,KCg-m,
720575940612023983,intrinsic,central,Kenyon_Cell,KCg,MBp3,right,,KCg-d,
720575940612079853,intrinsic,central,Kenyon_Cell,,MBp3,left,,KCab,KCab-s
720575940612099053,intrinsic,central,Kenyon_Cell,KCg,MBp3,left,,KCg-m,
720575940612160153,afferent,sensory,olfactory,,,left,AN,ORN_DL5,
720575940612166553,afferent,sensory,olfactory,,,right,AN,ORN_VM2,
720575940612190693,intrinsic,central,Kenyon_Cell,KCg,MBp4,right,,KCg-m,
720575940612194983,intrinsic,central,Kenyon_Cell,,MBp2,left,,KCab,KCab-m
720575940612204723,afferent,sensory,olfactory,,,left,AN,ORN_VA6,
720575940612266213,intrinsic,central,Kenyon_Cell,KCg,MBp4,right,,KCg-m,
720575940612287283,intrinsic,central,Kenyon_Cell,,MBp2,left,,KCab,KCab-m
720575940612337203,intrinsic,central,Kenyon_Cell,,MBp1,right,,KCab,KCab-m
720575940612344293,intrinsic,central,Kenyon_Cell,,MBp1,left,,KCab,KCab-m
720575940612352423,intrinsic,central,Kenyon_Cell,KCg,MBp3,right,,KCg-m,
720575940612362663,intrinsic,central,Kenyon_Cell,,MBp3,right,,KCapbp-ap2,KCab-ap2
720575940612453603,intrinsic,central,Kenyon_Cell,KCg,MBp2,right,,KCg-m,
720575940612490723,intrinsic,central,Kenyon_Cell,KCg,MBp1,right,,KCg-m,
720575940612590503,intrinsic,central,Kenyon_Cell,KCg,MBp2,left,,KCg-m,
720575940612602163,intrinsic,central,Kenyon_Cell,,MBp4,left,,KCab,KCab-s
720575940612606673,intrinsic,central,Kenyon_Cell,,MBp2,right,,KCapbp-m,KCab-m
720575940612607953,intrinsic,central,Kenyon_Cell,KCg,MBp4,right,,KCg-m,
720575940612737233,intrinsic,central,Kenyon_Cell,,MBp1,left,,KCapbp-ap2,KCab-ap2
720575940612800153,afferent,sensory,olfactory,,,left,AN,ORN_VL2p,
720575940612817583,intrinsic,central,Kenyon_Cell,KCg,MBp2,left,,KCg-m,
720575940612829863,intrinsic,central,Kenyon_Cell,KCg,MBp1,left,,KCg-m,
720575940612872173,intrinsic,central,Kenyon_Cell,,MBp2,right,,KCapbp-ap1,KCab-ap1
720575940612879853,intrinsic,central,Kenyon_Cell,,MBp3,left,,KCapbp-ap2,KCab-ap2
720575940613041123,intrinsic,central,Kenyon_Cell,,MBp1,right,,KCapbp-ap1,KCab-ap1
720575940613042403,intrinsic,central,Kenyon_Cell,KCg,MBp3,right,,KCg-m,
720575940613053393,afferent,sensory,olfactory,,,left,AN,ORN_VC4,
720575940613127343,afferent,sensory,olfactory,,,left,AN,ORN_DA4m,
720575940613284063,intrinsic,central,Kenyon_Cell,,MBp1,right,,KCab,KCab-c
720575940613383633,intrinsic,central,Kenyon_Cell,KCg,MBp1,right,,KCg-m,
720575940613593503,intrinsic,central,Kenyon_Cell,,MBp3,right,,KCab,KCab-m
720575940613743023,intrinsic,central,Kenyon_Cell,KCg,MBp3,left,,KCg-m,
720575940613776543,intrinsic,central,Kenyon_Cell,,MBp1,right,,KCapbp-ap1,KCab-ap1
720575940613863903,intrinsic,central,Kenyon_Cell,KCg,MBp3,left,,KCg-d,
720575940613961403,intrinsic,central,Kenyon_Cell,,MBp3,left,,KCab,KCab-m
720575940613999263,afferent,sensory,olfactory,,,left,AN,ORN_VM4,
720575940614026193,intrinsic,central,MBON,,FLAa2,right,,MBON14,
720575940614037533,afferent,sensory,olfactory,,,left,AN,ORN_V,
720575940614122803,afferent,sensory,olfactory,,,right,AN,ORN_VL1,
720575940614148283,intrinsic,central,Kenyon_Cell,,MBp1,right,,KCab,KCab-c
720575940614174943,afferent,sensory,olfactory,,,left,AN,ORN_VA6,
720575940614378463,afferent,sensory,olfactory,,,right,AN,ORN_DM6,
720575940614495093,intrinsic,central,Kenyon_Cell,KCg,MBp2,right,,KCg-m,
720575940614522043,intrinsic,central,Kenyon_Cell,,MBp1,left,,KCapbp-ap1,KCab-ap1
720575940614548253,afferent,sensory,olfactory,,,left,AN,ORN_V,
720575940614559163,afferent,sensory,olfactory,,,left,AN,ORN_DM1,
720575940614614203,intrinsic,central,Kenyon_Cell,,MBp2,right,,KCapbp-ap2,KCab-ap2
720575940614749883,intrinsic,central,Kenyon_Cell,,MBp3,left,,KCab,KCab-c
720575940614772383,intrinsic,central,Kenyon_Cell,,MBp4,right,,KCab,KCab-c
720575940614925963,intrinsic,central,Kenyon_Cell,,MBp4,right,,KCab,KCab-s
720575940615068383,intrinsic,central,Kenyon_Cell,KCg,MBp1,left,,KCg-m,
720575940615072373,intrinsic,central,Kenyon_Cell,,MBp3,right,,KCapbp-m,KCab-m
720575940615196063,intrinsic,central,Kenyon_Cell,,MBp4,right,,KCab-p,
720575940615263903,intrinsic,central,Kenyon_Cell,KCg,MBp4,right,,KCg-m,
720575940615346363,intrinsic,central,Kenyon_Cell,KCg,MBp1,right,,KCg-m,
720575940615394463,afferent,sensory,olfactory,pheromone,,,AN,ORN_VA1v,
720575940615401433,intrinsic,central,Kenyon_Cell,,MBp2,right,,KCab,KCab-c
720575940615448793,intrinsic,central,Kenyon_Cell,KCg,MBp1,right,,KCg-d,
720575940615465433,intrinsic,central,Kenyon_Cell,,MBp1,right,,KCab,KCab-c
720575940615569723,intrinsic,central,Kenyon_Cell,KCg,MBp4,right,,KCg-m,
720575940615604363,intrinsic,central,Kenyon_Cell,KCg,MBp3,left,,KCg-m,
720575940615608123,intrinsic,central,Kenyon_Cell,KCg,MBp4,right,,KCg-d,
720575940615629173,afferent,sensory,olfactory,,,left,AN,ORN_DL2d,
720575940615711093,afferent,sensory,olfactory,pheromone,,right,AN,ORN_DA1,
720575940615750843,afferent,sensory,olfactory,,,right,AN,ORN_DM5,
720575940615754613,intrinsic,central,Kenyon_Cell,KCg,MBp4,left,,KCg-m,
720575940615768693,intrinsic,central,Kenyon_Cell,,MBp1,right,,KCapbp-m,KCab-m
720575940615780353,intrinsic,central,Kenyon_Cell,,MBp4,right,,KCapbp-m,KCab-m
720575940615894173,intrinsic,central,Kenyon_Cell,,MBp2,right,,KCab,KCab-m
720575940615931293,intrinsic,central,Kenyon_Cell,KCg,MBp1,right,,KCg-m,
720575940615957433,intrinsic,central,Kenyon_Cell,,MBp2,left,,KCapbp-ap2,KCab-ap2
720575940615962043,intrinsic,central,Kenyon_Cell,KCg,MBp1,left,,KCg-m,
720575940615974493,intrinsic,central,Kenyon_Cell,KCg,MBp1,right,,KCg-m,
720575940615987083,afferent,sensory,olfactory,,,left,AN,ORN_VM3,
720575940616041913,intrinsic,central,Kenyon_Cell,,MBp1,right,,KCapbp-ap2,KCab-ap2
720575940616087323,intrinsic,central,Kenyon_Cell,KCg,MBp1,right,,KCg-m,
720575940616092603,intrinsic,central,Kenyon_Cell,KCg,MBp2,left,,KCg-m,
720575940616097163,intrinsic,central,Kenyon_Cell,KCg,MBp1,right,,KCg-m,
720575940616162373,intrinsic,central,Kenyon_Cell,KCg,MBp3,right,,KCg-m,
720575940616228213,afferent,sensory,olfactory,,,left,AN,ORN_DA4m,
720575940616270453,intrinsic,central,Kenyon_Cell,,MBp4,left,,KCab,KCab-c
720575940616309563,intrinsic,central,Kenyon_Cell,KCg,MBp3,left,,KCg-m,
720575940616311513,afferent,sensory,olfactory,,,right,AN,ORN_D,
720575940616345403,intrinsic,central,Kenyon_Cell,,MBp1,right,,KCab,KCab-s
720575940616360633,afferent,sensory,olfactory,,,right,AN,ORN_DM3,
720575940616363963,afferent,sensory,olfactory,pheromone,,right,AN,ORN_VA1v,
720575940616398303,intrinsic,central,MBON,,SMPad3,left,,MBON25,MBON34
720575940616482363,afferent,sensory,olfactory,,,right,AN,ORN_DC1,
720575940616546333,afferent,sensory,olfactory,,,right,AN,ORN_DM1,
720575940616551563,afferent,sensory,olfactory,,,left,AN,ORN_DM6,
720575940616588683,intrinsic,central,Kenyon_Cell,,MBp1,right,,KCab,KCab-m
720575940616646873,intrinsic,central,Kenyon_Cell,KCg,MBp1,left,,KCg-m,
720575940616649433,intrinsic,central,Kenyon_Cell,KCg,MBp4,left,,KCg-m,
720575940616713473,afferent,sensory,olfactory,,,left,AN,ORN_DM2,
720575940616746123,intrinsic,central,Kenyon_Cell,,MBp2,right,,KCapbp-m,KCab-m
720575940616750363,intrinsic,central,Kenyon_Cell,,MBp2,left,,KCab-p,
720575940616756993,afferent,sensory,olfactory,,,left,AN,ORN_VM4,
720575940616786833,intrinsic,central,Kenyon_Cell,KCg,MBp1,left,,KCg-m,
720575940616790713,intrinsic,central,Kenyon_Cell,KCg,MBp3,left,,KCg-m,
720575940616804753,intrinsic,central,Kenyon_Cell,KCg,MBp2,left,,KCg-m,
720575940616821393,intrinsic,central,Kenyon_Cell,KCg,MBp2,right,,KCg-m,
720575940616852763,intrinsic,central,Kenyon_Cell,,MBp2,left,,KCapbp-m,KCab-m
720575940616899073,afferent,sensory,olfactory,,,left,AN,ORN_DL4,
720575940616902213,intrinsic,central,Kenyon_Cell,KCg,MBp2,left,,KCg-d,
720575940616915753,afferent,sensory,olfactory,,,left,AN,ORN_VM6m,ORN_VC5
720575940616923433,afferent,sensory,olfactory,,,left,AN,ORN_VM6m,ORN_VC5
720575940617007453,afferent,sensory,olfactory,,,right,AN,ORN_VC3,ORN_VC3l
720575940617034013,afferent,sensory,olfactory,,,left,AN,ORN_VA6,
720575940617034753,intrinsic,central,Kenyon_Cell,KCg,MBp4,right,,KCg-m,
720575940617038593,afferent,sensory,olfactory,,,right,AN,ORN_VC4,
720575940617043713,intrinsic,central,Kenyon_Cell,,MBp2,left,,KCab,KCab-s
720575940617093533,intrinsic,central,Kenyon_Cell,,MBp2,right,,KCab,KCab-m
720575940617112123,intrinsic,central,Kenyon_Cell,,MBp3,left,,KCab,KCab-m
720575940617145483,afferent,sensory,olfactory,pheromone,,right,AN,ORN_VA1v,
720575940617172573,intrinsic,central,Kenyon_Cell,,MBp1,left,,KCapbp-ap1,KCab-ap1
720575940617175413,intrinsic,central,Kenyon_Cell,,MBp2,left,,KCab-p,
720575940617176413,intrinsic,central,Kenyon_Cell,KCg,MBp1,right,,KCg-m,
720575940617201113,intrinsic,central,Kenyon_Cell,KCg,MBp1,right,,KCg-m,
720575940617221403,intrinsic,central,Kenyon_Cell,KCg,MBp2,left,,KCg-m,
720575940617225083,intrinsic,central,Kenyon_Cell,,MBp2,left,,KCab,KCab-c
720575940617266833,intrinsic,central,Kenyon_Cell,KCg,MBp1,left,,KCg-d,
720575940617308673,afferent,sensory,olfactory,,,left,AN,ORN_DM6,
720575940617321243,intrinsic,central,Kenyon_Cell,,MBp3,right,,KCab,KCab-c
720575940617324433,intrinsic,central,Kenyon_Cell,KCg,MBp4,left,,KCg-m,
720575940617427713,intrinsic,central,Kenyon_Cell,KCg,MBp4,right,,KCg-m,
720575940617485083,intrinsic,central,Kenyon_Cell,KCg,MBp4,left,,KCg-m,
720575940617514653,afferent,sensory,olfactory,,,right,AN,ORN_DA4m,
720575940617701633,intrinsic,central,DAN,,CREa2_medial,left,,PAM10,
720575940617733593,afferent,sensory,olfactory,,,left,AN,ORN_VL1,
720575940617734603,intrinsic,central,Kenyon_Cell,,MBp2,right,,KCab,KCab-c
720575940617737873,afferent,sensory,olfactory,,,left,AN,ORN_DL4,
720575940617739333,afferent,sensory,olfactory,,,left,AN,ORN_DC2,
720575940617750173,intrinsic,central,Kenyon_Cell,,MBp4,right,,KCab-p,
720575940617754653,afferent,sensory,olfactory,,,left,AN,ORN_VA5,
720575940617795073,intrinsic,central,Kenyon_Cell,,MBp3,left,,KCab,KCab-m
720575940617825563,afferent,sensory,olfactory,,,right,AN,ORN_DM1,
720575940617855133,intrinsic,central,Kenyon_Cell,KCg,MBp1,right,,KCg-m,
720575940617857053,intrinsic,central,Kenyon_Cell,,MBp1,right,,KCapbp-ap2,KCab-ap2
720575940617899403,intrinsic,central,Kenyon_Cell,,MBp3,left,,KCab,KCab-s
720575940617903643,intrinsic,central,DAN,,CREa1_dorsal,right,,PAM08,aSP13
720575940617971613,afferent,sensory,olfactory,,,left,AN,ORN_VL1,
720575940617972253,intrinsic,central,Kenyon_Cell,KCg,MBp3,left,,KCg-m,
720575940617990953,afferent,sensory,olfactory,,,left,AN,ORN_VM6m,ORN_VC5
720575940618015773,intrinsic,central,Kenyon_Cell,KCg,MBp4,right,,KCg-m,
720575940618075733,intrinsic,central,Kenyon_Cell,KCg,MBp3,left,,KCg-m,
720575940618125893,intrinsic,central,Kenyon_Cell,KCg,MBp4,left,,KCg-m,
720575940618130833,intrinsic,central,DAN,,putative_primary,left,,PPL203,
720575940618163013,intrinsic,central,Kenyon_Cell,KCg,MBp2,left,,KCg-d,
720575940618203783,intrinsic,central,Kenyon_Cell,,MBp4,right,,KCab,KCab-m
720575940618236283,afferent,sensory,olfactory,pheromone,,right,AN,ORN_DA1,
720575940618242353,afferent,sensory,olfactory,,,right,AN,ORN_DM6,
720575940618293883,afferent,sensory,olfactory,,,right,AN,ORN_DP1m,
720575940618294853,intrinsic,central,Kenyon_Cell,KCg,MBp4,left,,KCg-m,
720575940618349703,intrinsic,central,Kenyon_Cell,,MBp3,left,,KCab,KCab-m
720575940618379723,intrinsic,central,Kenyon_Cell,KCg,MBp2,left,,KCg-m,
720575940618394453,intrinsic,central,Kenyon_Cell,,MBp2,right,,KCapbp-ap1,KCab-ap1
720575940618470383,intrinsic,central,Kenyon_Cell,,MBp4,right,,KCapbp-m,KCab-m
720575940618533403,afferent,sensory,olfactory,pheromone,,right,AN,ORN_DA1,
720575940618544623,intrinsic,central,Kenyon_Cell,,MBp4,right,,KCab,KCab-s
720575940618545903,intrinsic,central,Kenyon_Cell,,MBp1,right,,KCab,KCab-c
720575940618565313,intrinsic,central,Kenyon_Cell,,MBp1,left,,KCab,KCab-s
720575940618606983,afferent,sensory,olfactory,,,left,MxLbN,ORN_VM7v,
720575940618630193,intrinsic,central,Kenyon_Cell,,MBp2,left,,KCapbp-m,KCab-m
720575940618645963,afferent,sensory,olfactory,,,left,AN,ORN_VA6,
720575940618667143,intrinsic,central,Kenyon_Cell,KCg,MBp4,right,,KCg-m,
720575940618700573,intrinsic,central,Kenyon_Cell,,MBp3,left,,KCapbp-m,KCab-m
720575940618701703,afferent,sensory,olfactory,,,left,AN,ORN_DM3,
720575940618707183,intrinsic,central,Kenyon_Cell,,MBp1,left,,KCab,KCab-m
720575940618738853,afferent,sensory,olfactory,,,right,AN,ORN_V,
720575940618775943,intrinsic,central,DAN,,CREa1_dorsal,left,,PAM12,
720575940618776833,intrinsic,central,Kenyon_Cell,KCg,MBp3,right,,KCg-d,
720575940618802123,afferent,sensory,olfactory,,,left,AN,ORN_VM4,
720575940618844353,intrinsic,central,Kenyon_Cell,,MBp1,right,,KCapbp-ap1,KCab-ap1
720575940618868273,intrinsic,central,Kenyon_Cell,KCg,MBp1,left,,KCg-m,
720575940618873723,intrinsic,central,Kenyon_Cell,,MBp3,right,,KCapbp-m,KCab-m
720575940619041133,intrinsic,central,Kenyon_Cell,,MBp1,right,,KCab,KCab-m
720575940619111883,afferent,sensory,olfactory,,,left,AN,ORN_VC3,ORN_VC3l
720575940619163783,afferent,sensory,olfactory,,,right,AN,ORN_VM2,
720575940619205103,intrinsic,central,Kenyon_Cell,,MBp4,left,,KCab,KCab-s
720575940619247713,intrinsic,central,Kenyon_Cell,,MBp2,left,,KCab,KCab-m
720575940619277733,afferent,sensory,olfactory,,,right,AN,ORN_DM2,
720575940619297073,intrinsic,central,Kenyon_Cell,KCg,MBp3,left,,KCg-m,
720575940619297963,afferent,sensory,olfactory,,,right,AN,ORN_VM5d,
720575940619331163,afferent,sensory,olfactory,,,right,AN,ORN_VL2a,
720575940619367083,afferent,sensory,olfactory,pheromone,,left,AN,ORN_DL3,
720575940619382833,intrinsic,central,Kenyon_Cell,,MBp1,left,,KCab,KCab-c
720575940619385583,afferent,sensory,olfactory,,,left,AN,ORN_DL2v,
720575940619410123,afferent,sensory,olfactory,,,left,AN,ORN_VM6l,ORN_VC5
720575940619429803,afferent,sensory,olfactory,,,left,AN,ORN_VC5,ORN_VC3m
720575940619451233,afferent,sensory,olfactory,,,right,AN,ORN_DM1,
720575940619506993,intrinsic,central,DAN,,CREa2_medial,right,,PAM06,
720575940619535563,intrinsic,central,Kenyon_Cell,,MBp2,right,,KCapbp-ap2,KCab-ap2
720575940619599213,intrinsic,central,Kenyon_Cell,,MBp2,left,,KCapbp-m,KCab-m
720575940619616193,intrinsic,central,Kenyon_Cell,,MBp1,left,,KCab,KCab-s
720575940619658433,intrinsic,central,Kenyon_Cell,KCg,MBp3,right,,KCg-m,
720575940619665023,intrinsic,central,Kenyon_Cell,,MBp2,right,,KCab,KCab-s
720575940619668053,intrinsic,central,Kenyon_Cell,KCg,MBp2,right,,KCg-m,
720575940619693003,intrinsic,central,Kenyon_Cell,,MBp4,right,,KCab,KCab-m
720575940619695553,intrinsic,central,Kenyon_Cell,KCg,MBp4,right,,KCg-m,
720575940619705983,intrinsic,central,Kenyon_Cell,KCg,MBp2,right,,KCg-m,
720575940619761473,afferent,sensory,olfactory,,,right,AN,ORN_V,
720575940619766613,intrinsic,central,Kenyon_Cell,,MBp2,left,,KCab,KCab-s
720575940619795883,intrinsic,central,Kenyon_Cell,KCg,MBp3,right,,KCg-m,
720575940619809263,intrinsic,central,Kenyon_Cell,KCg,MBp4,left,,KCg-m,
720575940619835733,intrinsic,central,Kenyon_Cell,,MBp1,left,,KCapbp-m,KCab-m
720575940619901063,intrinsic,central,Kenyon_Cell,,MBp2,left,,KCapbp-ap2,KCab-ap2
720575940619902343,intrinsic,central,Kenyon_Cell,,MBp1,left,,KCab,KCab-s
720575940619974193,afferent,sensory,olfactory,,,,AN,ORN_VA3,
720575940620139503,afferent,sensory,olfactory,,,left,AN,ORN_VL1,
720575940620146523,afferent,sensory,olfactory,,,left,AN,ORN_DM6,
720575940620167083,afferent,sensory,olfactory,pheromone,,right,AN,ORN_DL3,
720575940620232363,intrinsic,central,Kenyon_Cell,KCg,MBp1,right,,KCg-m,
720575940620263233,intrinsic,central,Kenyon_Cell,KCg,MBp1,left,,KCg-m,
720575940620268123,intrinsic,central,Kenyon_Cell,,MBp4,left,,KCapbp-ap1,KCab-ap1
720575940620273023,intrinsic,central,Kenyon_Cell,KCg,MBp1,right,,KCg-m,
720575940620379233,intrinsic,central,DAN,,CREa2_medial,left,,PAM04,
720575940620393643,intrinsic,central,Kenyon_Cell,KCg,MBp2,right,,KCg-m,
720575940620421153,afferent,sensory,olfactory,,,left,AN,ORN_DL2v,
720575940620423533,intrinsic,central,DAN,,CREa2_medial,right,,PAM10,
720575940620424813,intrinsic,central,DAN,,CREa1_dorsal,left,,PAM14,
720575940620488513,intrinsic,central,DAN,,CREa1_dorsal,right,,PAM06,
720575940620520513,intrinsic,central,Kenyon_Cell,,MBp2,right,,KCapbp-m,KCab-m
720575940620572933,afferent,sensory,olfactory,,,left,AN,ORN_VA2,
720575940620588653,intrinsic,central,Kenyon_Cell,KCg,MBp4,right,,KCg-m,
720575940620591273,intrinsic,central,Kenyon_Cell,,MBp1,left,,KCapbp-ap2,KCab-ap2
720575940620679233,afferent,sensory,olfactory,,,left,AN,ORN_DM2,
720575940620719743,afferent,sensory,olfactory,,,right,AN,ORN_DL5,
720575940620746093,intrinsic,central,Kenyon_Cell,,MBp3,right,,KCab,KCab-s
720575940620775233,intrinsic,central,Kenyon_Cell,,MBp2,left,,KCapbp-ap1,KCab-ap1
720575940620811073,intrinsic,central,Kenyon_Cell,KCg,MBp1,right,,KCg-m,
720575940620814463,afferent,sensory,olfactory,,,left,AN,ORN_VM4,
720575940620822593,intrinsic,central,Kenyon_Cell,,MBp3,right,,KCapbp-ap2,KCab-ap2
720575940620827713,intrinsic,central,Kenyon_Cell,KCg,MBp3,right,,KCg-m,
720575940620862273,intrinsic,central,Kenyon_Cell,KCg,MBp4,right,,KCg-m,
720575940620880333,intrinsic,central,Kenyon_Cell,,MBp3,right,,KCab,KCab-m
720575940620889153,intrinsic,central,Kenyon_Cell,,MBp3,left,,KCapbp-m,KCab-m
720575940620955613,intrinsic,central,Kenyon_Cell,,MBp3,left,,KCab,KCab-s
720575940620956173,intrinsic,central,Kenyon_Cell,,MBp2,right,,KCab,KCab-s
720575940620993193,afferent,sensory,olfactory,,,right,AN,ORN_VM5d,
720575940621044863,afferent,sensory,olfactory,,,right,AN,ORN_VA3,
720575940621071203,intrinsic,central,Kenyon_Cell,KCg,MBp3,right,,KCg-m,
720575940621094093,intrinsic,central,Kenyon_Cell,KCg,MBp2,left,,KCg-m,
720575940621124033,afferent,sensory,olfactory,,,right,AN,ORN_VA3,
720575940621137833,afferent,sensory,olfactory,,,left,AN,ORN_VC5,ORN_VC3m
720575940621209513,afferent,sensory,olfactory,,,right,AN,ORN_DA3,
720575940621312033,intrinsic,central,Kenyon_Cell,,MBp1,left,,KCab,KCab-m
720575940621315293,afferent,sensory,olfactory,,,left,AN,ORN_V,
720575940621374633,afferent,sensory,olfactory,pheromone,,right,AN,ORN_DL3,
720575940621397253,intrinsic,central,DAN,,CREa1_dorsal,left,,PAM06,
720575940621400163,intrinsic,central,Kenyon_Cell,,MBp1,left,,KCab-p,
720575940621449933,afferent,sensory,olfactory,,,right,AN,ORN_DA4m,
720575940621521663,intrinsic,central,Kenyon_Cell,KCg,MBp3,left,,KCg-m,
720575940621529053,afferent,sensory,olfactory,,,right,AN,ORN_VM4,
720575940621554693,afferent,sensory,olfactory,pheromone,,left,AN,ORN_VA1d,
720575940621576063,intrinsic,central,Kenyon_Cell,,MBp1,left,,KCab-p,
720575940621594723,intrinsic,central,Kenyon_Cell,,MBp2,right,,KCapbp-ap1,KCab-ap1
720575940621650303,intrinsic,central,Kenyon_Cell,KCg,MBp3,left,,KCg-m,
720575940621680133,intrinsic,central,Kenyon_Cell,KCg,MBp3,right,,KCg-m,
720575940621740493,afferent,sensory,olfactory,,,left,AN,ORN_DP1l,
720575940621749253,intrinsic,central,Kenyon_Cell,KCg,MBp4,left,,KCg-m,
720575940621811803,intrinsic,central,DAN,,CREa2_medial,left,,PAM14,
720575940621828443,intrinsic,central,MBON,,FLAa2,left,,MBON12,
720575940621829813,intrinsic,central,Kenyon_Cell,,MBp2,right,,KCab,KCab-m
720575940621853353,intrinsic,central,Kenyon_Cell,,MBp1,left,,KCab,KCab-m
720575940621857313,intrinsic,central,Kenyon_Cell,KCg,MBp3,right,,KCg-m,
720575940621896653,afferent,sensory,olfactory,,,left,AN,ORN_VM4,
720575940621924103,intrinsic,central,Kenyon_Cell,KCg,MBp1,right,,KCg-m,
720575940621944583,intrinsic,central,Kenyon_Cell,KCg,MBp4,right,,KCg-m,
720575940621951453,intrinsic,central,Kenyon_Cell,,MBp1,right,,KCapbp-ap2,KCab-ap2
720575940622022583,intrinsic,central,Kenyon_Cell,KCg,MBp3,left,,KCg-d,
720575940622046633,afferent,sensory,olfactory,,,left,AN,ORN_VL2a,
720575940622061803,intrinsic,central,Kenyon_Cell,,MBp2,right,,KCab,KCab-s
720575940622067113,intrinsic,central,Kenyon_Cell,KCg,MBp4,right,,KCg-m,
720575940622102763,intrinsic,central,Kenyon_Cell,,MBp1,right,,KCab,KCab-c
720575940622217033,intrinsic,central,Kenyon_Cell,,MBp3,right,,KCab,KCab-m
720575940622242253,afferent,sensory,olfactory,,,left,AN,ORN_DP1m,
720575940622262593,afferent,sensory,olfactory,,,right,AN,ORN_DM1,
720575940622451273,intrinsic,central,Kenyon_Cell,KCg,MBp1,right,,KCg-m,
720575940622467293,intrinsic,central,Kenyon_Cell,,MBp1,left,,KCapbp-m,KCab-m
720575940622509203,afferent,sensory,olfactory,,,left,AN,ORN_VC3,ORN_VC3l
720575940622540713,afferent,sensory,olfactory,,,left,AN,ORN_DM3,
720575940622629193,intrinsic,central,Kenyon_Cell,,MBp1,left,,KCab,KCab-s
720575940622633203,intrinsic,central,Kenyon_Cell,,MBp4,right,,KCab,KCab-m
720575940622666933,intrinsic,central,Kenyon_Cell,,MBp2,left,,KCapbp-ap2,KCab-ap2
720575940622671613,intrinsic,central,Kenyon_Cell,,MBp3,right,,KCab,KCab-c
720575940622673703,intrinsic,central,Kenyon_Cell,,MBp2,right,,KCab,KCab-s
720575940622710733,afferent,sensory,olfactory,,,right,AN,ORN_DM5,
720575940622723683,intrinsic,central,Kenyon_Cell,KCg,MBp2,right,,KCg-m,
720575940622732493,intrinsic,central,Kenyon_Cell,,MBp3,right,,KCapbp-ap2,KCab-ap2
720575940622776013,intrinsic,central,Kenyon_Cell,KCg,MBp3,left,,KCg-d,
720575940622800653,intrinsic,central,Kenyon_Cell,KCg,MBp2,right,,KCg-m,
720575940622812003,intrinsic,central,Kenyon_Cell,KCg,MBp4,right,,KCg-m,
720575940622844003,intrinsic,central,Kenyon_Cell,KCg,MBp2,right,,KCg-m,
720575940622844903,intrinsic,central,Kenyon_Cell,KCg,MBp2,right,,KCg-m,
720575940622891923,afferent,sensory,olfactory,,,right,AN,ORN_DM1,
720575940622944403,intrinsic,central,DAN,,CREa1_dorsal,right,,PAM13,
720575940622976973,intrinsic,central,Kenyon_Cell,KCg,MBp4,right,,KCg-m,
720575940622997453,intrinsic,central,MBON,,DL1_dorsal,right,,MBON18,
720575940623010253,intrinsic,central,Kenyon_Cell,KCg,MBp1,right,,KCg-m,
720575940623031223,afferent,sensory,olfactory,,,right,AN,ORN_DA3,
720575940623036903,intrinsic,central,Kenyon_Cell,,MBp2,left,,KCab,KCab-c
720575940623037283,afferent,sensory,olfactory,pheromone,,right,AN,ORN_DA1,
720575940623099943,intrinsic,central,Kenyon_Cell,,MBp1,left,,KCab,KCab-c
720575940623105023,intrinsic,central,Kenyon_Cell,KCg,MBp3,right,,KCg-m,
720575940623111463,intrinsic,central,Kenyon_Cell,,MBp2,left,,KCab,KCab-c
720575940623131433,intrinsic,central,Kenyon_Cell,,MBp2,left,,KCapbp-ap2,KCab-ap2
720575940623145513,intrinsic,central,Kenyon_Cell,,MBp1,left,,KCab-p,
720575940623174953,intrinsic,central,Kenyon_Cell,,MBp4,left,,KCapbp-ap2,KCab-ap2
720575940623201023,intrinsic,central,DAN,,CREa2_medial,left,,PAM04,
720575940623201833,intrinsic,central,MBON,,putative_primary,left,,MBON11,
720575940623205303,intrinsic,central,Kenyon_Cell,KCg,MBp3,left,,KCg-m,
720575940623298253,afferent,sensory,olfactory,pheromone,,right,AN,ORN_VA1v,
720575940623334143,afferent,sensory,olfactory,,,right,AN,ORN_V,
720575940623351443,intrinsic,central,Kenyon_Cell,,MBp1,right,,KCapbp-ap1,KCab-ap1
720575940623353013,intrinsic,central,Kenyon_Cell,,MBp4,right,,KCapbp-ap2,KCab-ap2
720575940623356493,intrinsic,central,Kenyon_Cell,,MBp1,right,,KCab,KCab-c
720575940623396093,intrinsic,central,Kenyon_Cell,KCg,MBp2,left,,KCg-m,
720575940623403773,intrinsic,central,Kenyon_Cell,KCg,MBp2,right,,KCg-m,
720575940623426633,intrinsic,central,Kenyon_Cell,KCg,MBp3,right,,KCg-m,
720575940623442173,intrinsic,central,DAN,,CREa2_medial,left,,PAM01,aSP13
720575940623444203,intrinsic,central,Kenyon_Cell,,MBp1,left,,KCab,KCab-m
720575940623464683,afferent,sensory,olfactory,,,left,AN,ORN_VL2p,
720575940623543303,intrinsic,central,Kenyon_Cell,KCg,MBp2,right,,KCg-m,
720575940623721703,afferent,sensory,olfactory,,,right,AN,ORN_VC3,ORN_VC3l
720575940623808693,intrinsic,central,Kenyon_Cell,,MBp3,left,,KCab,KCab-s
720575940623841463,intrinsic,central,MBON,,DL1_dorsal,left,,MBON19,
720575940623906633,intrinsic,central,Kenyon_Cell,KCg,MBp3,left,,KCg-d,
720575940623965513,intrinsic,central,Kenyon_Cell,,MBp2,right,,KCapbp-ap1,KCab-ap1
720575940623979593,intrinsic,central,DAN,,CREa1_dorsal,right,,PAM02,
720575940623991333,intrinsic,central,Kenyon_Cell,,MBp1,right,,KCab,KCab-c
720575940624021483,intrinsic,central,Kenyon_Cell,,MBp2,left,,KCapbp-m,KCab-m
720575940624044873,intrinsic,central,Kenyon_Cell,KCg,MBp4,left,,KCg-m,
720575940624046153,intrinsic,central,Kenyon_Cell,KCg,MBp4,left,,KCg-m,
720575940624357413,intrinsic,central,Kenyon_Cell,,MBp1,left,,KCab,KCab-s
720575940624366323,afferent,sensory,olfactory,,,right,AN,ORN_VL2p,
720575940624426533,intrinsic,central,Kenyon_Cell,,MBp3,right,,KCab,KCab-c
720575940624432103,afferent,sensory,olfactory,pheromone,,right,AN,ORN_DA1,
720575940624494373,intrinsic,central,Kenyon_Cell,KCg,MBp4,right,,KCg-m,
720575940624577613,intrinsic,central,Kenyon_Cell,KCg,MBp1,right,,KCg-m,
720575940624626563,intrinsic,central,Kenyon_Cell,,MBp3,right,,KCab,KCab-m
720575940624629223,intrinsic,central,DAN,,CREa1_dorsal,left,,PAM07,
720575940624659943,intrinsic,central,MBON,,SMPad3,left,,MBON25,MBON34
720575940624660313,intrinsic,central,Kenyon_Cell,,MBp1,right,,KCapbp-m,KCab-m
720575940624694503,intrinsic,central,MBON,,putative_primary,left,,MBON03,
720575940624754983,intrinsic,central,Kenyon_Cell,,MBp1,right,,KCab,KCab-m
720575940624830503,intrinsic,central,Kenyon_Cell,KCg,MBp4,right,,KCg-m,
720575940625030233,intrinsic,central,Kenyon_Cell,,MBp4,left,,KCapbp-ap2,KCab-ap2
720575940625044743,afferent,sensory,olfactory,,,left,AN,ORN_DL1,
720575940625058173,intrinsic,central,Kenyon_Cell,,MBp3,right,,KCab,KCab-s
720575940625154283,afferent,sensory,olfactory,,,right,AN,ORN_DP1m,
720575940625185613,intrinsic,central,DAN,,CREa1_dorsal,left,,PAM04,
720575940625235033,intrinsic,central,Kenyon_Cell,,MBp2,right,,KCapbp-ap1,KCab-ap1
720575940625288423,afferent,sensory,olfactory,pheromone,,left,AN,ORN_VA1v,
720575940625290003,intrinsic,central,Kenyon_Cell,,MBp4,right,,KCab,KCab-m
720575940625318163,intrinsic,central,Kenyon_Cell,,MBp3,right,,KCab,KCab-s
720575940625346023,intrinsic,central,Kenyon_Cell,,MBp2,left,,KCapbp-m,KCab-m
720575940625372293,intrinsic,central,Kenyon_Cell,KCg,MBp2,right,,KCg-d,
720575940625428093,intrinsic,central,Kenyon_Cell,,MBp4,left,,KCab,KCab-s
720575940625499153,intrinsic,central,Kenyon_Cell,,MBp4,right,,KCapbp-m,KCab-m
720575940625508733,intrinsic,central,Kenyon_Cell,KCg,MBp4,left,,KCg-m,
720575940625589593,afferent,sensory,olfactory,,,left,AN,ORN_VA6,
720575940625632893,intrinsic,central,Kenyon_Cell,KCg,MBp4,left,,KCg-d,
720575940625678613,intrinsic,central,Kenyon_Cell,KCg,MBp4,right,,KCg-m,
720575940625715733,intrinsic,central,Kenyon_Cell,KCg,MBp2,right,,KCg-m,
720575940625733413,intrinsic,central,Kenyon_Cell,,MBp1,left,,KCab,KCab-s
720575940625754643,afferent,sensory,olfactory,,,left,MxLbN,ORN_VC1,
720575940625757053,afferent,sensory,olfactory,,,left,AN,ORN_VA2,
720575940625768073,intrinsic,central,Kenyon_Cell,,MBp1,right,,KCab,KCab-m
720575940625795453,afferent,sensory,olfactory,,,right,AN,ORN_V,
720575940625855833,afferent,sensory,olfactory,,,left,AN,ORN_VA6,
720575940625898633,intrinsic,central,DAN,,CREa2_medial,left,,PAM08,
720575940625926693,intrinsic,central,DAN,,putative_primary,right,,PPL201,
720575940625937173,intrinsic,central,Kenyon_Cell,,MBp1,left,,KCab,KCab-c
720575940626012433,afferent,sensory,olfactory,,,left,MxLbN,ORN_VA4,
720575940626031493,intrinsic,central,Kenyon_Cell,KCg,MBp2,left,,KCg-m,
720575940626124743,intrinsic,central,Kenyon_Cell,,MBp1,right,,KCapbp-m,KCab-m
720575940626183443,afferent,sensory,olfactory,pheromone,,right,AN,ORN_VA1v,
720575940626216573,intrinsic,central,Kenyon_Cell,KCg,MBp3,left,,KCg-m,
720575940626223633,intrinsic,central,Kenyon_Cell,KCg,MBp4,left,,KCg-m,
720575940626225173,intrinsic,central,Kenyon_Cell,,MBp4,right,,KCapbp-ap2,KCab-ap2
720575940626252273,intrinsic,central,Kenyon_Cell,KCg,MBp3,right,,KCg-m,
720575940626282633,afferent,sensory,olfactory,,,right,AN,ORN_DM4,
720575940626311623,intrinsic,central,Kenyon_Cell,,MBp4,left,,KCab,KCab-c
720575940626329993,afferent,sensory,olfactory,,,left,AN,ORN_V,
720575940626494663,intrinsic,central,Kenyon_Cell,,MBp3,left,,KCab,KCab-m
720575940626553993,afferent,sensory,olfactory,,,right,AN,ORN_VM6v,ORN_VC5
720575940626586823,intrinsic,central,Kenyon_Cell,KCg,MBp2,right,,KCg-d,
720575940626589053,afferent,sensory,olfactory,,,right,AN,ORN_DL5,
720575940626601093,afferent,sensory,olfactory,,,left,AN,ORN_VA7m,
720575940626606223,afferent,sensory,olfactory,pheromone,,left,AN,ORN_DA1,
720575940626649433,intrinsic,central,Kenyon_Cell,KCg,MBp4,right,,KCg-d,
720575940626653273,intrinsic,central,Kenyon_Cell,KCg,MBp3,left,,KCg-d,
720575940626680453,afferent,sensory,olfactory,pheromone,,right,AN,ORN_DL3,
720575940626688893,intrinsic,central,Kenyon_Cell,KCg,MBp3,right,,KCg-m,
720575940626698633,intrinsic,central,Kenyon_Cell,,MBp2,left,,KCapbp-m,KCab-m
720575940626733693,intrinsic,central,Kenyon_Cell,,MBp3,right,,KCapbp-m,KCab-m
720575940626787313,intrinsic,central,Kenyon_Cell,,MBp4,left,,KCab,KCab-c
720575940626811023,afferent,sensory,olfactory,,,right,AN,ORN_DP1m,
720575940626825853,intrinsic,central,Kenyon_Cell,,MBp2,right,,KCapbp-m,KCab-m
720575940626838513,intrinsic,central,Kenyon_Cell,,MBp4,left,,KCab-p,
720575940626843773,intrinsic,central,Kenyon_Cell,KCg,MBp3,right,,KCg-m,
720575940626849423,afferent,sensory,olfactory,,,right,AN,ORN_VM4,
720575940626867593,afferent,sensory,olfactory,,,left,AN,ORN_DL4,
720575940626869013,afferent,sensory,olfactory,pheromone,,right,AN,ORN_DA1,
720575940626872593,afferent,sensory,olfactory,pheromone,,right,AN,ORN_DL3,
720575940626886933,afferent,sensory,olfactory,pheromone,,right,AN,ORN_DC3,
720575940626896643,intrinsic,central,Kenyon_Cell,,MBp4,right,,KCapbp-ap1,KCab-ap1
720575940626907923,afferent,sensory,olfactory,,,right,AN,ORN_VM5d,
720575940626946033,intrinsic,central,Kenyon_Cell,,MBp3,left,,KCapbp-ap1,KCab-ap1
720575940627018383,intrinsic,central,Kenyon_Cell,KCg,MBp3,right,,KCg-m,
720575940627020933,intrinsic,central,Kenyon_Cell,,MBp3,right,,KCab,KCab-s
720575940627028773,intrinsic,central,Kenyon_Cell,KCg,MBp4,right,,KCg-d,
720575940627069203,intrinsic,central,Kenyon_Cell,,MBp3,right,,KCab,KCab-c
720575940627097733,intrinsic,central,Kenyon_Cell,,MBp3,right,,KCapbp-ap2,KCab-ap2
720575940627112723,intrinsic,central,Kenyon_Cell,KCg,MBp1,right,,KCg-m,
720575940627154063,afferent,sensory,olfactory,,,right,MxLbN,ORN_VC1,
720575940627200923,intrinsic,central,Kenyon_Cell,,MBp4,left,,KCab,KCab-c
720575940627210373,intrinsic,central,Kenyon_Cell,,MBp2,right,,KCapbp-ap1,KCab-ap1
720575940627226923,intrinsic,central,Kenyon_Cell,,MBp3,left,,KCab,KCab-m
720575940627243623,intrinsic,central,Kenyon_Cell,,MBp4,right,,KCab,KCab-c
720575940627265043,afferent,sensory,olfactory,,,right,AN,ORN_V,
720575940627284123,intrinsic,central,Kenyon_Cell,,MBp1,left,,KCapbp-ap2,KCab-ap2
720575940627316303,afferent,sensory,olfactory,,,left,AN,ORN_DM1,
720575940627449243,intrinsic,central,Kenyon_Cell,KCg,MBp4,left,,KCg-m,
720575940627480363,intrinsic,central,Kenyon_Cell,,MBp3,left,,KCapbp-m,KCab-m
720575940627480853,intrinsic,central,Kenyon_Cell,KCg,MBp3,right,,KCg-m,
720575940627483413,intrinsic,central,Kenyon_Cell,KCg,MBp4,right,,KCg-m,
720575940627493653,intrinsic,central,Kenyon_Cell,KCg,MBp3,right,,KCg-m,
720575940627547153,intrinsic,central,Kenyon_Cell,KCg,MBp1,left,,KCg-m,
720575940627588593,intrinsic,central,Kenyon_Cell,KCg,MBp1,left,,KCg-m,
720575940627707753,afferent,sensory,olfactory,,,right,AN,ORN_DP1l,
720575940627737073,afferent,sensory,olfactory,,,left,AN,ORN_VA2,
720575940627787343,afferent,sensory,olfactory,,,left,MxLbN,ORN_VM7v,
720575940627849463,intrinsic,central,Kenyon_Cell,,MBp1,right,,KCab,KCab-m
720575940627905223,intrinsic,central,Kenyon_Cell,,MBp4,left,,KCab,KCab-s
720575940628060983,intrinsic,central,Kenyon_Cell,,MBp1,right,,KCab,KCab-m
720575940628094663,intrinsic,central,DAN,,CREa2_medial,left,,PAM07,
720575940628132943,afferent,sensory,olfactory,,,right,MxLbN,ORN_VM7v,
720575940628175363,intrinsic,central,Kenyon_Cell,KCg,MBp4,right,,KCg-m,
720575940628217643,intrinsic,central,Kenyon_Cell,KCg,MBp1,right,,KCg-m,
720575940628225323,afferent,sensory,olfactory,,,left,AN,ORN_DM6,
720575940628254263,intrinsic,central,Kenyon_Cell,KCg,MBp3,left,,KCg-m,
720575940628288923,afferent,sensory,olfactory,,,left,AN,ORN_DL1,
720575940628301303,intrinsic,central,Kenyon_Cell,,MBp4,left,,KCab,KCab-c
720575940628303183,afferent,sensory,olfactory,,,right,AN,ORN_DM3,
720575940628304113,intrinsic,central,Kenyon_Cell,KCg,MBp3,left,,KCg-m,
720575940628318193,intrinsic,central,Kenyon_Cell,KCg,MBp4,left,,KCg-m,
720575940628323943,afferent,sensory,olfactory,,,right,AN,ORN_VM3,
720575940628335183,afferent,sensory,olfactory,,,left,AN,ORN_VM6l,ORN_VC5
720575940628355843,intrinsic,central,Kenyon_Cell,KCg,MBp1,left,,KCg-m,
720575940628365783,intrinsic,central,Kenyon_Cell,,MBp3,right,,KCab,KCab-s
720575940628391323,afferent,sensory,olfactory,,,left,AN,ORN_DC1,
720575940628408143,afferent,sensory,olfactory,,,right,AN,ORN_VC4,
720575940628581123,intrinsic,central,Kenyon_Cell,,MBp1,left,,KCab,KCab-m
720575940628615683,intrinsic,central,DAN,,CREa1_dorsal,left,,PAM01,aSP13
720575940628689963,intrinsic,central,Kenyon_Cell,,MBp2,right,,KCab,KCab-c
720575940628690423,afferent,sensory,olfactory,,,right,AN,ORN_DL2d,
720575940628703993,afferent,sensory,olfactory,,,right,AN,ORN_VM6v,ORN_VC5
720575940628755023,intrinsic,central,Kenyon_Cell,KCg,MBp4,left,,KCg-m,
720575940628773113,intrinsic,central,Kenyon_Cell,,MBp2,right,,KCab,KCab-s
720575940628783363,intrinsic,central,MBON,,putative_primary,right,,MBON07,
720575940628807503,intrinsic,central,Kenyon_Cell,KCg,MBp1,right,,KCg-m,
720575940628826873,intrinsic,central,Kenyon_Cell,,MBp2,right,,KCab-p,
720575940628868943,intrinsic,central,Kenyon_Cell,KCg,MBp1,right,,KCg-m,
720575940628909623,afferent,sensory,olfactory,pheromone,,right,AN,ORN_DA1,
720575940628983963,intrinsic,central,Kenyon_Cell,KCg,MBp4,right,,KCg-m,
720575940629031323,intrinsic,central,Kenyon_Cell,,MBp4,left,,KCab,KCab-m
720575940629059943,intrinsic,central,Kenyon_Cell,,MBp4,left,,KCab,KCab-s
720575940629162693,intrinsic,central,Kenyon_Cell,KCg,MBp1,right,,KCg-m,
720575940629164283,intrinsic,central,Kenyon_Cell,,MBp4,right,,KCapbp-ap2,KCab-ap2
720575940629201423,intrinsic,central,Kenyon_Cell,,MBp2,right,,KCab,KCab-s
720575940629236183,afferent,sensory,olfactory,,,left,AN,ORN_VM4,
720575940629261143,intrinsic,central,Kenyon_Cell,,MBp3,left,,KCab,KCab-s
720575940629271863,afferent,sensory,olfactory,,,left,AN,ORN_VL2a,
720575940629300043,intrinsic,central,Kenyon_Cell,KCg,MBp3,right,,KCg-m,
720575940629384953,afferent,sensory,olfactory,,,right,AN,ORN_DM2,
720575940629397763,afferent,sensory,olfactory,pheromone,,left,AN,ORN_VA1d,
720575940629414903,afferent,sensory,olfactory,,,left,AN,ORN_VL1,
720575940629489103,intrinsic,central,Kenyon_Cell,,MBp2,left,,KCapbp-m,KCab-m
720575940629494543,intrinsic,central,Kenyon_Cell,KCg,MBp3,left,,KCg-m,
720575940629511383,afferent,sensory,olfactory,pheromone,,right,AN,ORN_DA1,
720575940629567473,afferent,sensory,olfactory,,,left,AN,ORN_DL2v,
720575940629676363,intrinsic,central,Kenyon_Cell,KCg,MBp4,left,,KCg-d,
720575940629730263,intrinsic,central,Kenyon_Cell,KCg,MBp1,right,,KCg-m,
720575940629735163,intrinsic,central,Kenyon_Cell,,MBp2,left,,KCapbp-ap1,KCab-ap1
720575940629788983,intrinsic,central,Kenyon_Cell,,MBp4,right,,KCapbp-ap1,KCab-ap1
720575940629823563,intrinsic,central,Kenyon_Cell,KCg,MBp1,right,,KCg-d,
720575940629839863,intrinsic,central,Kenyon_Cell,KCg,MBp4,right,,KCg-d,
720575940629854953,afferent,sensory,olfactory,,,right,AN,ORN_V,
720575940629973753,intrinsic,central,Kenyon_Cell,,MBp3,right,,KCapbp-m,KCab-m
720575940630075703,intrinsic,central,MBON,,FLAa2,left,,MBON12,
720575940630250543,intrinsic,central,Kenyon_Cell,,MBp1,right,,KCab,KCab-c
720575940630296913,intrinsic,central,Kenyon_Cell,KCg,MBp2,right,,KCg-m,
720575940630300613,intrinsic,central,Kenyon_Cell,,MBp4,right,,KCapbp-ap2,KCab-ap2
720575940630331643,afferent,sensory,olfactory,,,,AN,ORN_VA5,
720575940630332753,intrinsic,central,Kenyon_Cell,,MBp1,right,,KCab,KCab-s
720575940630351903,intrinsic,central,Kenyon_Cell,KCg,MBp4,right,,KCg-m,
720575940630385403,intrinsic,central,Kenyon_Cell,,MBp3,right,,KCab,KCab-s
720575940630391033,intrinsic,central,Kenyon_Cell,KCg,MBp2,left,,KCg-d,
720575940630419983,intrinsic,central,Kenyon_Cell,KCg,MBp2,left,,KCg-m,
720575940630436603,intrinsic,central,Kenyon_Cell,,MBp1,right,,KCab,KCab-s
720575940630475513,intrinsic,central,Kenyon_Cell,KCg,MBp3,right,,KCg-m,
720575940630499343,intrinsic,central,Kenyon_Cell,,MBp3,left,,KCapbp-ap2,KCab-ap2
720575940630500293,intrinsic,central,DAN,,CREa1_dorsal,left,,PAM08,
720575940630508793,afferent,sensory,olfactory,pheromone,,,AN,ORN_VA1d,
720575940630650063,intrinsic,central,DAN,,CREa1_dorsal,right,,PAM01,aSP13
720575940630651223,intrinsic,central,Kenyon_Cell,,MBp1,right,,KCapbp-m,KCab-m
720575940630652663,intrinsic,central,Kenyon_Cell,KCg,MBp4,left,,KCg-m,
720575940630664273,afferent,sensory,olfactory,,,left,AN,ORN_DM1,
720575940630684943,intrinsic,central,DAN,,CREa2_medial,left,,PAM08,
720575940630696443,intrinsic,central,Kenyon_Cell,KCg,MBp3,left,,KCg-m,
720575940630704953,afferent,sensory,olfactory,,,left,AN,ORN_VA6,
720575940630737403,afferent,sensory,olfactory,pheromone,,left,AN,ORN_VA1v,
720575940630767703,intrinsic,central,Kenyon_Cell,KCg,MBp1,left,,KCg-m,
720575940630793413,intrinsic,central,Kenyon_Cell,,MBp3,left,,KCapbp-ap1,KCab-ap1
720575940630794703,intrinsic,central,DAN,,CREa1_dorsal,right,,PAM15,
720575940630834503,intrinsic,central,Kenyon_Cell,KCg,MBp4,left,,KCg-d,
720575940630868013,intrinsic,central,Kenyon_Cell,KCg,MBp2,right,,KCg-m,
720575940630877903,intrinsic,central,Kenyon_Cell,KCg,MBp2,left,,KCg-m,
720575940630878253,intrinsic,central,Kenyon_Cell,,MBp3,right,,KCab,KCab-m
720575940630879533,intrinsic,central,Kenyon_Cell,,MBp3,right,,KCab,KCab-s
720575940630902083,intrinsic,central,Kenyon_Cell,KCg,MBp4,right,,KCg-m,
720575940630917293,intrinsic,central,Kenyon_Cell,,MBp3,right,,KCab,KCab-c
720575940630917573,intrinsic,central,Kenyon_Cell,,MBp2,left,,KCapbp-m,KCab-m
720575940630923693,intrinsic,central,Kenyon_Cell,,MBp3,right,,KCab-p,
720575940630958673,afferent,sensory,olfactory,,,right,AN,ORN_DM6,
720575940631003723,afferent,sensory,olfactory,,,right,AN,ORN_DM4,
720575940631014703,afferent,sensory,olfactory,,,right,AN,ORN_DL1,
720575940631025103,afferent,sensory,olfactory,,,left,AN,ORN_VL1,
720575940631041823,intrinsic,central,Kenyon_Cell,,MBp1,left,,KCab,KCab-m
720575940631062603,intrinsic,central,Kenyon_Cell,KCg,MBp3,right,,KCg-m,
720575940631143383,intrinsic,central,Kenyon_Cell,,MBp1,right,,KCapbp-ap1,KCab-ap1
720575940631159633,afferent,sensory,olfactory,,,left,AN,ORN_DL1,
720575940631177803,intrinsic,central,MBON,,putative_primary,left,,MBON24,
720575940631191353,afferent,sensory,olfactory,,,left,AN,ORN_VM6l,ORN_VC5
720575940631234643,afferent,sensory,olfactory,,,left,MxLbN,ORN_VC1,
720575940631237433,intrinsic,central,Kenyon_Cell,,MBp4,right,,KCapbp-ap2,KCab-ap2
720575940631307053,intrinsic,central,Kenyon_Cell,KCg,MBp2,left,,KCg-m,
720575940631315503,afferent,sensory,olfactory,,,left,AN,ORN_DA3,
720575940631350743,afferent,sensory,olfactory,pheromone,,left,AN,ORN_DA1,
720575940631379783,intrinsic,central,Kenyon_Cell,KCg,MBp1,left,,KCg-m,
720575940631387463,intrinsic,central,Kenyon_Cell,,MBp4,right,,KCapbp-ap1,KCab-ap1
720575940631388743,intrinsic,central,Kenyon_Cell,KCg,MBp3,left,,KCg-m,
720575940631393823,afferent,sensory,olfactory,,,left,AN,ORN_VM5d,
720575940631406673,afferent,sensory,olfactory,pheromone,,right,AN,ORN_DA1,
720575940631432403,intrinsic,central,Kenyon_Cell,,MBp1,right,,KCapbp-m,KCab-m
720575940631447363,intrinsic,central,Kenyon_Cell,,MBp1,right,,KCapbp-m,KCab-m
720575940631448913,intrinsic,central,Kenyon_Cell,KCg,MBp2,left,,KCg-m,
720575940631453763,intrinsic,central,Kenyon_Cell,KCg,MBp1,right,,KCg-m,
720575940631549743,intrinsic,central,Kenyon_Cell,,MBp1,right,,KCapbp-ap1,KCab-ap1
720575940631576903,intrinsic,central,DAN,,CREa1_dorsal,right,,PAM07,
720575940631594833,afferent,sensory,olfactory,,,right,AN,ORN_DM5,
720575940631624673,intrinsic,central,Kenyon_Cell,,MBp3,right,,KCab,KCab-c
720575940631627843,intrinsic,central,Kenyon_Cell,KCg,MBp4,right,,KCg-d,
720575940631630893,afferent,sensory,olfactory,,,right,AN,ORN_DP1m,
720575940631647043,intrinsic,central,Kenyon_Cell,KCg,MBp2,right,,KCg-m,
720575940631666243,intrinsic,central,Kenyon_Cell,KCg,MBp2,left,,KCg-m,
720575940631680763,afferent,sensory,olfactory,,,right,AN,ORN_VM5v,
720575940631741613,intrinsic,central,Kenyon_Cell,,MBp1,left,,KCab,KCab-m
720575940631741983,afferent,sensory,olfactory,,,left,AN,ORN_VM1,
720575940631758393,intrinsic,central,DAN,,putative_primary,right,,PPL103,
720575940631761183,intrinsic,central,Kenyon_Cell,KCg,MBp4,left,,KCg-m,
720575940631767353,intrinsic,central,Kenyon_Cell,KCg,MBp3,left,,KCg-m,
720575940631835673,intrinsic,central,Kenyon_Cell,,MBp2,right,,KCab,KCab-s
720575940631879193,intrinsic,central,Kenyon_Cell,,MBp1,right,,KCapbp-m,KCab-m
720575940631907143,afferent,sensory,olfactory,pheromone,,right,AN,ORN_DA1,
720575940631931183,afferent,sensory,olfactory,,,right,AN,ORN_D,
720575940631934023,afferent,sensory,olfactory,,,right,MxLbN,ORN_VC2,
720575940631943213,afferent,sensory,olfactory,,,left,AN,ORN_DC1,
720575940631998023,intrinsic,central,Kenyon_Cell,,MBp4,right,,KCab,KCab-c
720575940632041043,afferent,sensory,olfactory,,,left,AN,ORN_DA2,
720575940632068383,intrinsic,central,Kenyon_Cell,,MBp2,right,,KCab,KCab-m
720575940632118343,intrinsic,central,MBON,,EBa1,left,,MBON10,
720575940632144813,intrinsic,central,Kenyon_Cell,,MBp3,right,,KCapbp-ap1,KCab-ap1
720575940632173103,intrinsic,central,Kenyon_Cell,KCg,MBp2,right,,KCg-m,
720575940632177453,intrinsic,central,Kenyon_Cell,KCg,MBp4,left,,KCg-m,
720575940632203823,intrinsic,central,Kenyon_Cell,KCg,MBp4,right,,KCg-m,
720575940632297263,afferent,sensory,olfactory,,,left,AN,ORN_DA3,
720575940632335953,afferent,sensory,olfactory,,,left,AN,ORN_VL1,
720575940632347423,intrinsic,central,Kenyon_Cell,,MBp3,left,,KCapbp-m,KCab-m
720575940632351513,afferent,sensory,olfactory,,,left,MxLbN,ORN_VC1,
720575940632366623,intrinsic,central,Kenyon_Cell,,MBp2,right,,KCab-p,
720575940632481363,intrinsic,central,Kenyon_Cell,,MBp2,right,,KCapbp-m,KCab-m
720575940632510163,afferent,sensory,olfactory,,,right,AN,ORN_VM3,
720575940632541523,intrinsic,central,DAN,,CREa2_medial,left,,PAM02,
720575940632552343,intrinsic,central,Kenyon_Cell,KCg,MBp4,right,,KCg-m,
720575940632570593,afferent,sensory,olfactory,pheromone,,right,AN,ORN_DL3,
720575940632585043,intrinsic,central,Kenyon_Cell,,MBp2,right,,KCab,KCab-s
720575940632624813,afferent,sensory,olfactory,,,right,AN,ORN_VM5v,
720575940632668973,intrinsic,central,Kenyon_Cell,KCg,MBp2,right,,KCg-m,
720575940632715053,intrinsic,central,Kenyon_Cell,,MBp2,left,,KCab,KCab-s
720575940632729313,afferent,sensory,olfactory,,,left,AN,ORN_VM4,
720575940632734253,intrinsic,central,Kenyon_Cell,KCg,MBp3,left,,KCg-m,
720575940632738093,intrinsic,central,Kenyon_Cell,,MBp1,left,,KCab,KCab-s
720575940632804543,intrinsic,central,Kenyon_Cell,,MBp4,right,,KCab,KCab-s
720575940632889313,afferent,sensory,olfactory,pheromone,,right,AN,ORN_VA1d,
720575940632904043,intrinsic,central,Kenyon_Cell,KCg,MBp1,left,,KCg-m,
720575940632928173,intrinsic,central,Kenyon_Cell,,MBp4,left,,KCab,KCab-m
720575940633004383,intrinsic,central,Kenyon_Cell,,MBp4,right,,KCab,KCab-s
720575940633033133,afferent,sensory,olfactory,,,left,AN,ORN_DA4l,
720575940633040223,intrinsic,central,Kenyon_Cell,,MBp1,right,,KCab,KCab-s
720575940633075163,intrinsic,central,Kenyon_Cell,,MBp1,right,,KCab,KCab-m
720575940633080033,afferent,sensory,olfactory,,,right,AN,ORN_VC3,ORN_VC3l
720575940633093483,intrinsic,central,Kenyon_Cell,,MBp3,right,,KCab,KCab-c
720575940633226603,intrinsic,central,Kenyon_Cell,,MBp2,right,,KCab-p,
720575940633301183,intrinsic,central,Kenyon_Cell,,MBp4,right,,KCapbp-m,KCab-m
720575940633340753,intrinsic,central,Kenyon_Cell,KCg,MBp4,left,,KCg-m,
720575940633366483,afferent,sensory,olfactory,,,right,AN,ORN_VL2a,
720575940633386603,intrinsic,central,Kenyon_Cell,KCg,MBp4,left,,KCg-d,
720575940633573783,intrinsic,central,DAN,,CREa2_medial,left,,PAM08,
720575940633850593,afferent,sensory,olfactory,,,left,AN,ORN_DM3,
720575940633851243,intrinsic,central,Kenyon_Cell,,MBp3,left,,KCab,KCab-s
720575940633991263,afferent,sensory,olfactory,,,left,AN,ORN_VC4,
720575940634078303,afferent,sensory,olfactory,,,left,AN,ORN_DM4,
720575940634183103,afferent,sensory,olfactory,,,right,AN,ORN_DL4,
720575940634407263,afferent,sensory,olfactory,,,right,AN,ORN_VL1,
720575940634430103,intrinsic,central,Kenyon_Cell,KCg,MBp2,right,,KCg-m,
720575940634455403,intrinsic,central,Kenyon_Cell,,MBp1,left,,KCab,KCab-s
720575940634463083,intrinsic,central,Kenyon_Cell,KCg,MBp1,left,,KCg-m,
720575940634468463,intrinsic,central,Kenyon_Cell,KCg,MBp1,right,,KCg-d,
720575940634482783,intrinsic,central,MBON,,DL1_dorsal,right,,MBON19,
720575940634510703,intrinsic,central,Kenyon_Cell,,MBp1,left,,KCapbp-ap1,KCab-ap1
720575940634514533,intrinsic,central,Kenyon_Cell,,MBp3,right,,KCab-p,
720575940634622303,afferent,sensory,olfactory,,,left,AN,ORN_VL2a,
720575940634640023,intrinsic,central,DAN,,CREa2_medial,right,,PAM12,
720575940634652523,intrinsic,central,DAN,,CREa1_dorsal,right,,PAM03,
720575940634709143,intrinsic,central,Kenyon_Cell,,MBp2,left,,KCab,KCab-c
720575940634743903,intrinsic,central,Kenyon_Cell,,MBp4,left,,KCapbp-ap1,KCab-ap1
720575940634811743,intrinsic,central,Kenyon_Cell,KCg,MBp4,left,,KCg-m,
720575940634839743,intrinsic,central,Kenyon_Cell,,MBp3,left,,KCab,KCab-c
720575940634860143,afferent,sensory,olfactory,,,right,AN,ORN_VM5v,
720575940634920543,intrinsic,central,Kenyon_Cell,,MBp2,right,,KCab,KCab-m
720575940634948703,intrinsic,central,Kenyon_Cell,KCg,MBp2,left,,KCg-m,
720575940634977893,intrinsic,central,Kenyon_Cell,,MBp3,right,,KCab,KCab-s
720575940635031403,intrinsic,central,Kenyon_Cell,KCg,MBp2,left,,KCg-d,
720575940635288943,intrinsic,central,Kenyon_Cell,KCg,MBp4,right,,KCg-m,
720575940635465573,afferent,sensory,olfactory,,,left,AN,ORN_VL1,
720575940635541623,intrinsic,central,Kenyon_Cell,,MBp1,right,,KCab,KCab-c
720575940635705963,afferent,sensory,olfactory,,,right,AN,ORN_DA2,
720575940635717743,intrinsic,central,Kenyon_Cell,,MBp2,left,,KCapbp-ap1,KCab-ap1
720575940635719023,intrinsic,central,Kenyon_Cell,,MBp3,left,,KCab,KCab-s
720575940635841143,intrinsic,central,MBON,,DL1_dorsal,left,,MBON15,
720575940635884143,intrinsic,central,Kenyon_Cell,KCg,MBp1,right,,KCg-m,
720575940635900773,intrinsic,central,Kenyon_Cell,,MBp4,left,,KCapbp-ap1,KCab-ap1
720575940635935343,afferent,sensory,olfactory,pheromone,,right,AN,ORN_VA1d,
720575940635953343,intrinsic,central,Kenyon_Cell,,MBp2,right,,KCapbp-m,KCab-m
720575940636092393,intrinsic,central,Kenyon_Cell,,MBp3,right,,KCab,KCab-s
720575940636126783,intrinsic,central,Kenyon_Cell,KCg,MBp1,right,,KCg-d,
720575940636135543,intrinsic,central,Kenyon_Cell,KCg,MBp4,right,,KCg-m,
720575940636165743,afferent,sensory,olfactory,pheromone,,left,AN,ORN_DA1,
720575940636171383,intrinsic,central,Kenyon_Cell,KCg,MBp2,left,,KCg-m,
720575940636309093,intrinsic,central,DAN,,CREa1_dorsal,right,,PAM01,aSP13
720575940636364133,intrinsic,central,Kenyon_Cell,KCg,MBp1,right,,KCg-m,
720575940636375653,intrinsic,central,Kenyon_Cell,,MBp4,right,,KCab,KCab-c
720575940636754533,afferent,sensory,olfactory,,,left,AN,ORN_VL2a,
720575940636769343,intrinsic,central,Kenyon_Cell,KCg,MBp3,right,,KCg-m,
720575940636998463,afferent,sensory,olfactory,,,right,AN,ORN_VA6,
720575940637050933,intrinsic,central,Kenyon_Cell,KCg,MBp1,right,,KCg-m,
720575940637255743,afferent,sensory,olfactory,pheromone,,right,AN,ORN_DA1,
720575940637446453,intrinsic,central,Kenyon_Cell,,MBp1,left,,KCab,KCab-s
720575940637472053,afferent,sensory,olfactory,,,left,AN,ORN_DM1,
720575940637487293,intrinsic,central,Kenyon_Cell,KCg,MBp4,left,,KCg-m,
720575940637509173,intrinsic,central,Kenyon_Cell,,MBp2,left,,KCapbp-ap1,KCab-ap1
720575940637728063,afferent,sensory,olfactory,,,left,AN,ORN_DL5,
720575940637822323,intrinsic,central,Kenyon_Cell,,MBp3,left,,KCab,KCab-m
720575940637826623,intrinsic,central,Kenyon_Cell,KCg,MBp3,right,,KCg-m,
720575940638053693,intrinsic,central,Kenyon_Cell,KCg,MBp2,left,,KCg-m,
720575940638116723,afferent,sensory,olfactory,,,right,AN,ORN_DL2d,
720575940638195773,intrinsic,central,Kenyon_Cell,,MBp3,left,,KCab,KCab-c
720575940638228643,intrinsic,central,Kenyon_Cell,KCg,MBp2,right,,KCg-m,
720575940638339773,afferent,sensory,olfactory,,,left,AN,ORN_DC2,
720575940638475573,afferent,sensory,olfactory,,,right,AN,ORN_D,
720575940638626613,intrinsic,central,Kenyon_Cell,,MBp2,right,,KCapbp-ap1,KCab-ap1
720575940638683453,afferent,sensory,olfactory,,,left,AN,ORN_DC1,
720575940638773693,afferent,sensory,olfactory,,,left,AN,ORN_DC2,
720575940638855733,afferent,sensory,olfactory,pheromone,,left,AN,ORN_VA1d,
720575940638931133,afferent,sensory,olfactory,,,right,AN,ORN_VL1,
720575940638963363,intrinsic,central,Kenyon_Cell,KCg,MBp1,left,,KCg-m,
720575940638993853,intrinsic,central,Kenyon_Cell,KCg,MBp3,left,,KCg-m,
720575940639022243,intrinsic,central,Kenyon_Cell,KCg,MBp4,right,,KCg-m,
720575940639057853,intrinsic,central,Kenyon_Cell,,MBp1,left,,KCab,KCab-s
720575940639069493,intrinsic,central,Kenyon_Cell,KCg,MBp4,right,,KCg-m,
720575940639077283,intrinsic,central,DAN,,CREa2_medial,right,,PAM13,
720575940639118653,afferent,sensory,olfactory,pheromone,,left,AN,ORN_DC3,
720575940639124533,intrinsic,central,Kenyon_Cell,KCg,MBp4,left,,KCg-m,
720575940639258613,intrinsic,central,Kenyon_Cell,KCg,MBp2,right,,KCg-m,
720575940639381363,intrinsic,central,Kenyon_Cell,,MBp4,left,,KCab,KCab-c
720575940639441653,intrinsic,central,Kenyon_Cell,,MBp4,left,,KCab,KCab-m
720575940639451043,afferent,sensory,olfactory,,,right,AN,ORN_V,
720575940639537213,intrinsic,central,Kenyon_Cell,KCg,MBp1,right,,KCg-m,
720575940639588723,intrinsic,central,Kenyon_Cell,KCg,MBp1,right,,KCg-m,
720575940639624253,intrinsic,central,Kenyon_Cell,,MBp4,left,,KCab,KCab-c
720575940639931893,afferent,sensory,olfactory,,,right,AN,ORN_DA2,
720575940640414683,intrinsic,central,Kenyon_Cell,,MBp2,left,,KCab,KCab-m
720575940641065973,intrinsic,central,Kenyon_Cell,,MBp3,left,,KCapbp-m,KCab-m
720575940641282523,afferent,sensory,olfactory,,,left,AN,ORN_DM3,
720575940641592973,afferent,sensory,olfactory,,,right,AN,ORN_V,
720575940641765773,intrinsic,central,Kenyon_Cell,,MBp3,left,,KCab-p,
720575940641776373,afferent,sensory,olfactory,,,right,AN,ORN_DA4l,
720575940642089613,intrinsic,central,Kenyon_Cell,KCg,MBp3,left,,KCg-m,
720575940642162573,intrinsic,central,Kenyon_Cell,,MBp1,right,,KCapbp-m,KCab-m
720575940644136983,intrinsic,central,Kenyon_Cell,KCg,MBp2,right,,KCg-m,
720575940644157463,intrinsic,central,Kenyon_Cell,KCg,MBp3,left,,KCg-m,
720575940644805143,intrinsic,central,Kenyon_Cell,KCg,MBp4,right,,KCg-m,
720575940644819223,intrinsic,central,Kenyon_Cell,,MBp4,left,,KCab-p,
720575940644892963,intrinsic,central,Kenyon_Cell,,MBp3,left,,KCab,KCab-m
720575940645214243,afferent,sensory,olfactory,,,right,AN,ORN_VA2,
720575940645325603,afferent,sensory,olfactory,,,left,AN,ORN_VM4,
720575940645714723,intrinsic,central,Kenyon_Cell,,MBp1,left,,KCapbp-m,KCab-m
720575940645759523,intrinsic,central,Kenyon_Cell,,MBp2,right,,KCab,KCab-c
720575940646229283,intrinsic,central,Kenyon_Cell,KCg,MBp1,right,,KCg-m,
720575940647739513,intrinsic,central,Kenyon_Cell,KCg,MBp1,right,,KCg-m,
720575940649024633,intrinsic,central,Kenyon_Cell,,MBp1,left,,KCab,KCab-c
720575940649394553,afferent,sensory,olfactory,,,right,AN,ORN_DL1,
720575940649430393,afferent,sensory,olfactory,pheromone,,right,AN,ORN_VA1v,
720575940649691513,intrinsic,central,Kenyon_Cell,,MBp3,right,,KCapbp-ap2,KCab-ap2
720575940650386553,intrinsic,central,MBON,,DL1_dorsal,left,,MBON17-like,
720575940652703393,intrinsic,central,Kenyon_Cell,KCg,MBp3,right,,KCg-m,
720575940652837793,intrinsic,central,Kenyon_Cell,KCg,MBp2,right,,KCg-m,
720575940653078433,intrinsic,central,Kenyon_Cell,KCg,MBp1,left,,KCg-m,
720575940653276833,intrinsic,central,Kenyon_Cell,KCg,MBp1,left,,KCg-m,
720575940653313953,intrinsic,central,Kenyon_Cell,,MBp2,left,,KCab,KCab-m
720575940654483873,intrinsic,central,Kenyon_Cell,KCg,MBp1,left,,KCg-m,
720575940654491553,intrinsic,central,Kenyon_Cell,KCg,MBp2,right,,KCg-m,
720575940654606753,intrinsic,central,Kenyon_Cell,KCg,MBp1,right,,KCg-m,
720575940654675873,intrinsic,central,Kenyon_Cell,KCg,MBp1,left,,KCg-d,
720575940657869953,intrinsic,central,Kenyon_Cell,KCg,MBp2,right,,KCg-m,
720575940658321793,intrinsic,central,Kenyon_Cell,KCg,MBp1,left,,KCg-m,
720575940658489473,intrinsic,central,Kenyon_Cell,,MBp2,left,,KCab,KCab-m
720575940659297153,intrinsic,central,Kenyon_Cell,,MBp1,right,,KCab,KCab-m
720575940659780993,intrinsic,central,Kenyon_Cell,KCg,MBp1,left,,KCg-m,
720575940659850113,intrinsic,central,Kenyon_Cell,KCg,MBp2,right,,KCg-m,
720575940659996033,afferent,sensory,olfactory,pheromone,,left,AN,ORN_DA1,
720575940603045804,intrinsic,central,Kenyon_Cell,KCg,MBp1,right,,KCg-d,
720575940603268064,intrinsic,central,Kenyon_Cell,,MBp1,left,,KCab-p,
720575940603687084,intrinsic,central,Kenyon_Cell,,MBp3,left,,KCab-p,
720575940603688224,intrinsic,central,Kenyon_Cell,,MBp3,right,,KCab,KCab-s
720575940603828704,afferent,sensory,olfactory,,,right,AN,ORN_DA3,
720575940603871404,afferent,sensory,olfactory,,,left,AN,ORN_VM5d,
720575940604093984,intrinsic,central,Kenyon_Cell,KCg,MBp4,left,,KCg-m,
720575940604168224,intrinsic,central,Kenyon_Cell,,MBp2,left,,KCapbp-ap1,KCab-ap1
720575940604182374,intrinsic,central,Kenyon_Cell,,MBp1,left,,KCapbp-m,KCab-m
720575940604493024,intrinsic,central,Kenyon_Cell,KCg,MBp3,left,,KCg-m,
720575940604509374,intrinsic,central,Kenyon_Cell,,MBp1,left,,KCab,KCab-s
720575940604552894,afferent,sensory,olfactory,,,left,AN,ORN_VL1,
720575940604662444,afferent,sensory,olfactory,,,right,AN,ORN_VM3,
720575940604961894,intrinsic,central,Kenyon_Cell,KCg,MBp2,left,,KCg-m,
720575940604978534,intrinsic,central,Kenyon_Cell,KCg,MBp4,left,,KCg-m,
720575940604991264,intrinsic,central,Kenyon_Cell,,MBp2,left,,KCab,KCab-m
720575940605452064,intrinsic,central,Kenyon_Cell,KCg,MBp4,right,,KCg-m,
720575940605606274,intrinsic,central,Kenyon_Cell,KCg,MBp1,right,,KCg-m,
720575940605619744,intrinsic,central,Kenyon_Cell,KCg,MBp4,left,,KCg-m,
720575940605621024,intrinsic,central,Kenyon_Cell,KCg,MBp3,left,,KCg-m,
720575940605792434,intrinsic,central,Kenyon_Cell,,MBp2,right,,KCapbp-m,KCab-m
720575940605841074,intrinsic,central,Kenyon_Cell,,MBp2,left,,KCab,KCab-m
720575940605929394,afferent,sensory,olfactory,,,right,AN,ORN_VM1,
720575940606001074,afferent,sensory,olfactory,,,left,AN,ORN_DM1,
720575940606126514,afferent,sensory,olfactory,,,left,AN,ORN_VM5d,
720575940606347394,intrinsic,central,Kenyon_Cell,KCg,MBp4,right,,KCg-m,
720575940606602674,intrinsic,central,Kenyon_Cell,KCg,MBp1,left,,KCg-m,
720575940606675804,intrinsic,central,Kenyon_Cell,,MBp2,left,,KCab,KCab-m
720575940606775654,intrinsic,central,Kenyon_Cell,KCg,MBp2,left,,KCg-m,
720575940606850434,intrinsic,central,Kenyon_Cell,,MBp4,left,,KCapbp-ap2,KCab-ap2
720575940606851714,intrinsic,central,Kenyon_Cell,,MBp2,left,,KCab-p,
720575940606892674,intrinsic,central,Kenyon_Cell,KCg,MBp4,right,,KCg-s2,
720575940606922674,afferent,sensory,olfactory,pheromone,,left,AN,ORN_DA1,
720575940606947714,intrinsic,central,Kenyon_Cell,KCg,MBp2,right,,KCg-m,
720575940606954114,intrinsic,central,Kenyon_Cell,KCg,MBp4,right,,KCg-m,
720575940607059634,afferent,sensory,olfactory,,,right,AN,ORN_VL2a,
720575940607185074,intrinsic,central,Kenyon_Cell,KCg,MBp2,left,,KCg-m,
720575940608176514,intrinsic,central,Kenyon_Cell,KCg,MBp3,right,,KCg-m,
720575940608324994,afferent,sensory,olfactory,,,left,AN,ORN_VA3,
720575940608363844,intrinsic,central,Kenyon_Cell,,MBp4,left,,KCab,KCab-s
720575940608621614,intrinsic,central,Kenyon_Cell,,MBp4,right,,KCab,KCab-c
720575940608633134,intrinsic,central,Kenyon_Cell,,MBp3,right,,KCab,KCab-c
720575940608644654,intrinsic,central,Kenyon_Cell,KCg,MBp3,right,,KCg-m,
720575940608662574,intrinsic,central,Kenyon_Cell,,MBp1,right,,KCab,KCab-m
720575940608928324,afferent,sensory,olfactory,,,left,AN,ORN_DA2,
720575940609065774,afferent,sensory,olfactory,,,left,MxLbN,ORN_VA7l,
720575940609149394,intrinsic,central,Kenyon_Cell,KCg,MBp3,right,,KCg-m,
720575940609202244,intrinsic,central,Kenyon_Cell,KCg,MBp4,left,,KCg-m,
720575940609271854,intrinsic,central,Kenyon_Cell,KCg,MBp4,left,,KCg-m,
720575940609378424,intrinsic,central,Kenyon_Cell,KCg,MBp2,left,,KCg-m,
720575940609651554,intrinsic,central,Kenyon_Cell,,MBp4,right,,KCapbp-m,KCab-m
720575940609845454,afferent,sensory,olfactory,,,left,MxLbN,ORN_VA7l,
720575940610012024,intrinsic,central,Kenyon_Cell,,MBp3,left,,KCapbp-ap2,KCab-ap2
720575940610036834,afferent,sensory,olfactory,,,left,AN,ORN_VA6,
720575940610210034,intrinsic,central,Kenyon_Cell,,MBp3,right,,KCab,KCab-s
720575940610307374,intrinsic,central,Kenyon_Cell,KCg,MBp2,left,,KCg-m,
720575940610323674,intrinsic,central,Kenyon_Cell,KCg,MBp4,left,,KCg-m,
720575940610384994,afferent,sensory,olfactory,pheromone,,left,AN,ORN_VA1v,
720575940610391854,intrinsic,central,Kenyon_Cell,KCg,MBp4,left,,KCg-d,
720575940610430254,intrinsic,central,DAN,,CREa1_dorsal,right,,PAM07,
720575940610631544,intrinsic,central,Kenyon_Cell,KCg,MBp2,left,,KCg-m,
720575940610649464,intrinsic,central,Kenyon_Cell,,MBp2,left,,KCab,KCab-c
720575940610658674,intrinsic,central,Kenyon_Cell,KCg,MBp4,right,,KCg-d,
720575940610756814,afferent,sensory,olfactory,,,right,MxLbN,ORN_VM7d,
720575940610773714,intrinsic,central,Kenyon_Cell,,MBp1,right,,KCapbp-m,KCab-m
720575940610841074,intrinsic,central,Kenyon_Cell,,MBp2,left,,KCapbp-m,KCab-m
720575940610856874,intrinsic,central,Kenyon_Cell,,MBp3,left,,KCab,KCab-s
720575940610901234,intrinsic,central,Kenyon_Cell,,MBp4,left,,KCapbp-m,KCab-m
720575940610934114,intrinsic,central,DAN,,CREa2_medial,left,,PAM04,
720575940610960994,intrinsic,central,Kenyon_Cell,KCg,MBp2,right,,KCg-m,
720575940610963734,intrinsic,central,Kenyon_Cell,,MBp1,right,,KCab,KCab-m
720575940610999794,afferent,sensory,olfactory,,,left,AN,ORN_VA2,
720575940611213774,intrinsic,central,Kenyon_Cell,,MBp2,left,,KCab-p,
720575940611223794,afferent,sensory,olfactory,,,left,AN,ORN_VM3,
720575940611237034,afferent,sensory,olfactory,,,right,AN,ORN_VA2,
720575940611284174,intrinsic,central,Kenyon_Cell,KCg,MBp1,left,,KCg-m,
720575940611285454,intrinsic,central,Kenyon_Cell,,MBp1,left,,KCapbp-ap1,KCab-ap1
720575940611300594,afferent,sensory,olfactory,,,right,AN,ORN_DA4l,
720575940611310894,intrinsic,central,Kenyon_Cell,KCg,MBp3,right,,KCg-d,
720575940611327254,intrinsic,central,Kenyon_Cell,,MBp3,left,,KCapbp-ap2,KCab-ap2
720575940611343054,intrinsic,central,Kenyon_Cell,,MBp1,right,,KCab,KCab-m
720575940611350234,intrinsic,central,Kenyon_Cell,KCg,MBp1,left,,KCg-m,
720575940611450134,intrinsic,central,Kenyon_Cell,KCg,MBp1,right,,KCg-m,
720575940611578074,intrinsic,central,Kenyon_Cell,,MBp1,left,,KCab,KCab-s
720575940611578794,afferent,sensory,olfactory,,,left,AN,ORN_VL2a,
720575940611592154,intrinsic,central,Kenyon_Cell,,MBp3,left,,KCab,KCab-s
720575940611652374,intrinsic,central,Kenyon_Cell,KCg,MBp3,left,,KCg-m,
720575940611660714,intrinsic,central,Kenyon_Cell,,MBp3,right,,KCab,KCab-s
720575940611669674,intrinsic,central,Kenyon_Cell,,MBp2,left,,KCab,KCab-m
720575940611748594,intrinsic,central,Kenyon_Cell,KCg,MBp3,right,,KCg-m,
720575940611773354,afferent,sensory,olfactory,,,right,AN,ORN_VC3,ORN_VC3l
720575940611791834,afferent,sensory,olfactory,,,left,AN,ORN_VA4,
720575940611845034,afferent,sensory,olfactory,,,right,AN,ORN_DC1,
720575940611916274,afferent,sensory,olfactory,,,right,AN,ORN_DM3,
720575940611936474,intrinsic,central,Kenyon_Cell,KCg,MBp2,right,,KCg-m,
720575940611966194,afferent,sensory,olfactory,,,right,MxLbN,ORN_VC1,
720575940611984114,afferent,sensory,olfactory,,,right,AN,ORN_VM2,
720575940611985174,afferent,sensory,olfactory,,,left,MxLbN,ORN_VA7l,
720575940612009074,intrinsic,central,Kenyon_Cell,,MBp1,left,,KCapbp-m,KCab-m
720575940612067034,intrinsic,central,Kenyon_Cell,,MBp4,left,,KCab,KCab-m
720575940612137714,afferent,sensory,olfactory,,,,AN,ORN_VM3,
720575940612149014,afferent,sensory,olfactory,,,right,AN,ORN_DA4m,
720575940612356904,intrinsic,central,Kenyon_Cell,,MBp3,left,,KCab,KCab-m
720575940612429994,intrinsic,central,Kenyon_Cell,KCg,MBp4,left,,KCg-m,
720575940612435454,intrinsic,central,Kenyon_Cell,,MBp2,right,,KCab,KCab-c
720575940612436264,intrinsic,central,Kenyon_Cell,,MBp4,left,,KCab,KCab-s
720575940612563454,intrinsic,central,Kenyon_Cell,KCg,MBp2,right,,KCg-m,
720575940612576254,intrinsic,central,Kenyon_Cell,KCg,MBp2,right,,KCg-m,
720575940612590754,intrinsic,central,Kenyon_Cell,KCg,MBp1,right,,KCg-m,
720575940612623474,intrinsic,central,DAN,,CREa2_medial,right,,PAM08,
720575940612633494,afferent,sensory,olfactory,,,right,AN,ORN_VM6m,ORN_VC5
720575940612643954,intrinsic,central,DAN,,CREa2_medial,right,,PAM14,
720575940612668834,intrinsic,central,Kenyon_Cell,,MBp2,right,,KCapbp-m,KCab-m
720575940612729714,intrinsic,central,Kenyon_Cell,KCg,MBp3,right,,KCg-m,
720575940612747434,afferent,sensory,olfactory,pheromone,,left,AN,ORN_VA1v,
720575940612758934,intrinsic,central,Kenyon_Cell,,MBp2,right,,KCapbp-m,KCab-m
720575940612812914,intrinsic,central,Kenyon_Cell,KCg,MBp2,left,,KCg-m,
720575940612853354,intrinsic,central,Kenyon_Cell,,MBp4,right,,KCapbp-ap2,KCab-ap2
720575940612924054,intrinsic,central,Kenyon_Cell,,MBp3,left,,KCab,KCab-m
720575940613201814,afferent,sensory,olfactory,,,left,AN,ORN_VM5v,
720575940613218344,intrinsic,central,Kenyon_Cell,KCg,MBp2,left,,KCg-m,
720575940613257664,intrinsic,central,Kenyon_Cell,KCg,MBp1,left,,KCg-m,
720575940613442154,intrinsic,central,Kenyon_Cell,,MBp2,left,,KCab,KCab-m
720575940613460034,intrinsic,central,Kenyon_Cell,,MBp2,right,,KCapbp-ap2,KCab-ap2
720575940613664874,afferent,sensory,olfactory,,,left,AN,ORN_DP1m,
720575940613686674,afferent,sensory,olfactory,pheromone,,right,AN,ORN_DL3,
720575940613713704,intrinsic,central,Kenyon_Cell,KCg,MBp3,right,,KCg-m,
720575940613741864,intrinsic,central,Kenyon_Cell,KCg,MBp1,left,,KCg-m,
720575940613757224,intrinsic,central,Kenyon_Cell,,MBp2,left,,KCab-p,
720575940613764364,intrinsic,central,Kenyon_Cell,,MBp4,right,,KCab,KCab-c
720575940613774334,intrinsic,central,Kenyon_Cell,KCg,MBp3,right,,KCg-m,
720575940613784574,intrinsic,central,Kenyon_Cell,,MBp4,left,,KCab-p,
720575940613860754,afferent,sensory,olfactory,,,left,AN,ORN_DM3,
720575940614006934,afferent,sensory,olfactory,pheromone,,left,AN,ORN_VA1d,
720575940614027074,intrinsic,central,Kenyon_Cell,,MBp3,left,,KCab,KCab-s
720575940614117374,afferent,sensory,olfactory,pheromone,,right,AN,ORN_VA1v,
720575940614180714,intrinsic,central,Kenyon_Cell,,MBp2,left,,KCapbp-ap1,KCab-ap1
720575940614184204,intrinsic,central,Kenyon_Cell,,MBp1,left,,KCab,KCab-s
720575940614199914,intrinsic,central,Kenyon_Cell,KCg,MBp2,right,,KCg-m,
720575940614212514,afferent,sensory,olfactory,,,right,AN,ORN_DM4,
720575940614281214,intrinsic,central,Kenyon_Cell,KCg,MBp4,left,,KCg-d,
720575940614285254,intrinsic,central,Kenyon_Cell,,MBp2,left,,KCab,KCab-s
720575940614306814,intrinsic,central,Kenyon_Cell,,MBp3,right,,KCapbp-m,KCab-m
720575940614348394,intrinsic,central,Kenyon_Cell,KCg,MBp3,right,,KCg-m,
720575940614544034,intrinsic,central,Kenyon_Cell,KCg,MBp1,right,,KCg-m,
720575940614551954,intrinsic,central,Kenyon_Cell,,MBp2,right,,KCapbp-m,KCab-m
720575940614569414,afferent,sensory,olfactory,pheromone,,left,AN,ORN_DA1,
720575940614742214,afferent,sensory,olfactory,,,right,AN,ORN_VL2a,
720575940614778124,afferent,sensory,olfactory,,,left,AN,ORN_VC3,ORN_VC3l
720575940614778454,intrinsic,central,Kenyon_Cell,KCg,MBp4,right,,KCg-m,
720575940614796354,intrinsic,central,Kenyon_Cell,KCg,MBp4,left,,KCg-m,
720575940614844994,afferent,sensory,olfactory,,,right,AN,ORN_DC4,
720575940614854294,intrinsic,central,Kenyon_Cell,,MBp2,right,,KCab,KCab-m
720575940614861974,intrinsic,central,Kenyon_Cell,,MBp1,right,,KCab,KCab-s
720575940614888854,intrinsic,central,Kenyon_Cell,KCg,MBp1,right,,KCg-m,
720575940614926754,afferent,sensory,olfactory,pheromone,,right,AN,ORN_VA1d,
720575940614982654,afferent,sensory,olfactory,pheromone,,left,AN,ORN_DA1,
720575940614983274,intrinsic,central,Kenyon_Cell,KCg,MBp2,right,,KCg-m,
720575940615090444,intrinsic,central,Kenyon_Cell,KCg,MBp2,left,,KCg-m,
720575940615094284,intrinsic,central,Kenyon_Cell,KCg,MBp3,left,,KCg-m,
720575940615133894,intrinsic,central,Kenyon_Cell,KCg,MBp3,left,,KCg-m,
720575940615171084,afferent,sensory,olfactory,,,,AN,ORN_DA4m,
720575940615305484,afferent,sensory,olfactory,,,right,AN,ORN_DL4,
720575940615332674,intrinsic,central,Kenyon_Cell,KCg,MBp4,left,,KCg-d,
720575940615386324,intrinsic,central,Kenyon_Cell,KCg,MBp1,right,,KCg-m,
720575940615395414,intrinsic,central,Kenyon_Cell,,MBp2,left,,KCab-p,
720575940615427734,afferent,sensory,olfactory,,,right,AN,ORN_DA2,
720575940615447764,intrinsic,central,Kenyon_Cell,KCg,MBp2,right,,KCg-m,
720575940615578054,afferent,sensory,olfactory,,,right,AN,ORN_DM3,
720575940615651014,intrinsic,central,Kenyon_Cell,,MBp2,right,,KCab,KCab-s
720575940615671494,intrinsic,central,Kenyon_Cell,,MBp2,right,,KCab-p,
720575940615692594,afferent,sensory,olfactory,pheromone,,left,AN,ORN_VA1d,
720575940615816754,intrinsic,central,Kenyon_Cell,KCg,MBp3,right,,KCg-m,
720575940615833174,afferent,sensory,olfactory,,,left,AN,ORN_VC4,
720575940615839174,intrinsic,central,Kenyon_Cell,,MBp3,left,,KCab,KCab-c
720575940615858644,intrinsic,central,Kenyon_Cell,KCg,MBp3,left,,KCg-m,
720575940615876294,intrinsic,central,Kenyon_Cell,KCg,MBp3,right,,KCg-m,
720575940615961684,intrinsic,central,Kenyon_Cell,KCg,MBp2,right,,KCg-m,
720575940615964884,intrinsic,central,Kenyon_Cell,,MBp3,right,,KCab,KCab-c
720575940616275174,afferent,sensory,olfactory,pheromone,,right,AN,ORN_DC3,
720575940616417364,intrinsic,central,Kenyon_Cell,,MBp3,left,,KCab,KCab-s
720575940616547904,intrinsic,central,Kenyon_Cell,,MBp3,right,,KCab,KCab-c
720575940616588374,intrinsic,central,Kenyon_Cell,,MBp1,left,,KCab,KCab-m
720575940616643924,intrinsic,central,DAN,,CREa1_dorsal,right,,PAM12,
720575940616711254,intrinsic,central,Kenyon_Cell,KCg,MBp4,left,,KCg-m,
720575940616798784,intrinsic,central,Kenyon_Cell,KCg,MBp2,left,,KCg-m,
720575940616902374,intrinsic,central,Kenyon_Cell,KCg,MBp4,left,,KCg-m,
720575940617056064,afferent,sensory,olfactory,,,left,AN,ORN_DL5,
720575940617208354,afferent,sensory,olfactory,,,right,AN,ORN_VM2,
720575940617249364,intrinsic,central,Kenyon_Cell,,MBp1,left,,KCab,KCab-s
720575940617370324,intrinsic,central,Kenyon_Cell,,MBp3,left,,KCab,KCab-c
720575940617454114,afferent,sensory,olfactory,,,right,AN,ORN_DC2,
720575940617456614,intrinsic,central,Kenyon_Cell,KCg,MBp3,left,,KCg-m,
720575940617480934,intrinsic,central,Kenyon_Cell,KCg,MBp4,left,,KCg-m,
720575940617503974,intrinsic,central,Kenyon_Cell,KCg,MBp3,left,,KCg-d,
720575940617605154,intrinsic,central,Kenyon_Cell,,MBp2,right,,KCab,KCab-s
720575940617677784,intrinsic,central,Kenyon_Cell,,MBp1,left,,KCab,KCab-m
720575940617825344,intrinsic,central,Kenyon_Cell,,MBp1,left,,KCab,KCab-m
720575940617853524,intrinsic,central,Kenyon_Cell,KCg,MBp3,left,,KCg-m,
720575940617873984,intrinsic,central,Kenyon_Cell,KCg,MBp4,right,,KCg-m,
720575940617895744,afferent,sensory,olfactory,,,right,AN,ORN_VL2a,
720575940617899584,afferent,sensory,olfactory,,,left,AN,ORN_VL2p,
720575940617911104,intrinsic,central,Kenyon_Cell,,MBp4,left,,KCapbp-ap1,KCab-ap1
720575940617940304,intrinsic,central,Kenyon_Cell,,MBp3,right,,KCapbp-ap2,KCab-ap2
720575940618132184,intrinsic,central,Kenyon_Cell,,MBp3,left,,KCapbp-m,KCab-m
720575940618343734,afferent,sensory,olfactory,,,right,MxLbN,ORN_VC1,
720575940618492224,intrinsic,central,Kenyon_Cell,,MBp1,left,,KCapbp-ap2,KCab-ap2
720575940618529044,intrinsic,central,Kenyon_Cell,,MBp3,left,,KCab,KCab-s
720575940618657334,intrinsic,central,Kenyon_Cell,,MBp3,right,,KCapbp-ap2,KCab-ap2
720575940618731934,intrinsic,central,Kenyon_Cell,KCg,MBp1,left,,KCg-m,
720575940618845504,afferent,sensory,olfactory,,,right,AN,ORN_VL1,
720575940618861504,intrinsic,central,Kenyon_Cell,,MBp3,left,,KCab,KCab-m
720575940618938964,afferent,sensory,olfactory,,,left,AN,ORN_VL2a,
720575940619093524,afferent,sensory,olfactory,,,left,AN,ORN_VA2,
720575940619259374,intrinsic,central,Kenyon_Cell,,MBp2,left,,KCab,KCab-s
720575940619269534,afferent,sensory,olfactory,,,right,AN,ORN_DA4l,
720575940619271384,intrinsic,central,Kenyon_Cell,,MBp3,right,,KCapbp-ap2,KCab-ap2
720575940619299054,intrinsic,central,DAN,,CREa2_medial,left,,PAM08,
720575940619314964,afferent,sensory,olfactory,,,right,AN,ORN_VC4,
720575940619357264,afferent,sensory,olfactory,,,left,AN,ORN_DL4,
720575940619404214,intrinsic,central,Kenyon_Cell,,MBp4,right,,KCab,KCab-s
720575940619418304,afferent,sensory,olfactory,,,right,AN,ORN_VA6,
720575940619445464,afferent,sensory,olfactory,pheromone,,left,AN,ORN_VA1v,
720575940619465904,intrinsic,central,Kenyon_Cell,KCg,MBp4,left,,KCg-m,
720575940619487414,intrinsic,central,Kenyon_Cell,KCg,MBp4,right,,KCg-m,
720575940619495664,intrinsic,central,Kenyon_Cell,KCg,MBp4,right,,KCg-m,
720575940619509744,intrinsic,central,Kenyon_Cell,,MBp2,right,,KCab,KCab-c
720575940619516144,intrinsic,central,Kenyon_Cell,,MBp2,right,,KCab,KCab-c
720575940619603024,afferent,sensory,olfactory,,,right,AN,ORN_DM6,
720575940619604134,intrinsic,central,Kenyon_Cell,,MBp3,left,,KCab,KCab-s
720575940619676224,intrinsic,central,DAN,,putative_primary,right,,PPL202,
720575940619725844,afferent,sensory,olfactory,,,right,AN,ORN_DM2,
720575940619742144,intrinsic,central,Kenyon_Cell,KCg,MBp1,left,,KCg-m,
720575940619754734,intrinsic,central,Kenyon_Cell,,MBp4,left,,KCapbp-m,KCab-m
720575940619793134,afferent,sensory,olfactory,,,left,AN,ORN_VM2,
720575940619824244,intrinsic,central,DAN,,CREa2_medial,left,,PAM14,
720575940619844534,afferent,sensory,olfactory,,,right,AN,ORN_DM1,
720575940619863174,intrinsic,central,Kenyon_Cell,,MBp2,right,,KCab,KCab-s
720575940619897734,intrinsic,central,Kenyon_Cell,,MBp3,right,,KCab-p,
720575940619903664,afferent,sensory,olfactory,,,left,AN,ORN_DM6,
720575940619965684,intrinsic,central,Kenyon_Cell,,MBp3,left,,KCab,KCab-c
720575940619970324,afferent,sensory,olfactory,,,left,AN,ORN_DM5,
720575940620023024,afferent,sensory,olfactory,,,right,AN,ORN_DP1l,
720575940620030384,afferent,sensory,olfactory,,,right,AN,ORN_VA2,
720575940620101614,afferent,sensory,olfactory,pheromone,,left,AN,ORN_DA1,
720575940620197104,afferent,sensory,olfactory,,,right,AN,ORN_DM5,
720575940620210854,intrinsic,central,Kenyon_Cell,,MBp3,left,,KCapbp-ap2,KCab-ap2
720575940620225264,intrinsic,central,Kenyon_Cell,KCg,MBp1,left,,KCg-d,
720575940620250294,afferent,sensory,olfactory,,,left,AN,ORN_VM5d,
720575940620272064,intrinsic,central,Kenyon_Cell,,MBp2,right,,KCab,KCab-s
720575940620273344,intrinsic,central,Kenyon_Cell,,MBp1,left,,KCab,KCab-m
720575940620349564,intrinsic,central,Kenyon_Cell,,MBp3,left,,KCapbp-m,KCab-m
720575940620355934,intrinsic,central,Kenyon_Cell,,MBp4,left,,KCapbp-ap2,KCab-ap2
720575940620382704,afferent,sensory,olfactory,,,right,AN,ORN_V,
720575940620382854,intrinsic,central,Kenyon_Cell,,MBp4,left,,KCab,KCab-s
720575940620392374,afferent,sensory,olfactory,,,right,AN,ORN_DL2v,
720575940620411764,afferent,sensory,olfactory,,,left,AN,ORN_V,
720575940620418774,intrinsic,central,Kenyon_Cell,,MBp2,right,,KCapbp-ap2,KCab-ap2
720575940620422494,intrinsic,central,Kenyon_Cell,,MBp4,right,,KCapbp-ap1,KCab-ap1
720575940620457904,intrinsic,central,Kenyon_Cell,KCg,MBp4,right,,KCg-m,
720575940620464204,intrinsic,central,Kenyon_Cell,,MBp1,right,,KCab,KCab-m
720575940620495484,intrinsic,central,Kenyon_Cell,,MBp3,left,,KCab,KCab-m
720575940620521754,intrinsic,central,Kenyon_Cell,,MBp3,right,,KCapbp-m,KCab-m
720575940620532244,afferent,sensory,olfactory,pheromone,,left,AN,ORN_VA1v,
720575940620537264,afferent,sensory,olfactory,pheromone,,right,AN,ORN_DL3,
720575940620576494,intrinsic,central,Kenyon_Cell,KCg,MBp2,right,,KCg-d,
720575940620649084,intrinsic,central,Kenyon_Cell,,MBp2,right,,KCapbp-ap2,KCab-ap2
720575940620652214,intrinsic,central,Kenyon_Cell,KCg,MBp4,left,,KCg-m,
720575940620682934,intrinsic,central,Kenyon_Cell,KCg,MBp4,right,,KCg-m,
720575940620684014,intrinsic,central,Kenyon_Cell,KCg,MBp4,left,,KCg-s2,
720575940620686324,afferent,sensory,olfactory,,,left,MxLbN,ORN_VM7v,
720575940620715224,intrinsic,central,MBON,,putative_primary,left,,MBON21,
720575940620834544,intrinsic,central,Kenyon_Cell,KCg,MBp3,left,,KCg-m,
720575940620882714,afferent,sensory,olfactory,,,right,MxLbN,ORN_VM7d,
720575940620886704,afferent,sensory,olfactory,,,right,MxLbN,ORN_VM7v,
720575940620905174,intrinsic,central,Kenyon_Cell,,MBp1,left,,KCab,KCab-s
720575940620932684,intrinsic,central,Kenyon_Cell,,MBp3,right,,KCapbp-m,KCab-m
720575940620981274,afferent,sensory,olfactory,,,right,AN,ORN_DP1l,
720575940620998424,intrinsic,central,Kenyon_Cell,,MBp2,right,,KCab,KCab-s
720575940621005044,intrinsic,central,Kenyon_Cell,,MBp3,right,,KCab,KCab-s
720575940621010804,intrinsic,central,Kenyon_Cell,KCg,MBp1,right,,KCg-m,
720575940621086134,intrinsic,central,Kenyon_Cell,KCg,MBp2,right,,KCg-m,
720575940621122164,intrinsic,central,Kenyon_Cell,,MBp3,left,,KCab,KCab-c
720575940621146294,intrinsic,central,Kenyon_Cell,,MBp3,right,,KCapbp-ap1,KCab-ap1
720575940621174704,intrinsic,central,Kenyon_Cell,KCg,MBp2,right,,KCg-m,
720575940621228894,intrinsic,central,Kenyon_Cell,,MBp1,right,,KCab,KCab-c
720575940621245124,intrinsic,central,DAN,,CREa2_medial,left,,PAM01,aSP13
720575940621282774,afferent,sensory,olfactory,,,right,AN,ORN_DM3,
720575940621309534,afferent,sensory,olfactory,,,left,MxLbN,ORN_VC1,
720575940621322534,intrinsic,central,Kenyon_Cell,KCg,MBp3,right,,KCg-m,
720575940621326874,afferent,sensory,olfactory,,,right,AN,ORN_VA2,
720575940621332574,intrinsic,central,Kenyon_Cell,,MBp2,left,,KCab,KCab-m
720575940621358984,intrinsic,central,Kenyon_Cell,,MBp3,left,,KCab,KCab-m
720575940621389764,intrinsic,central,Kenyon_Cell,,MBp1,right,,KCab,KCab-c
720575940621396044,afferent,sensory,olfactory,,,left,AN,ORN_VA7m,
720575940621403844,intrinsic,central,Kenyon_Cell,KCg,MBp1,right,,KCg-m,
720575940621422104,intrinsic,central,Kenyon_Cell,KCg,MBp3,left,,KCg-m,
720575940621437004,afferent,sensory,olfactory,,,right,AN,ORN_VM4,
720575940621438284,afferent,sensory,olfactory,,,right,AN,ORN_VM4,
720575940621447704,intrinsic,central,Kenyon_Cell,,MBp2,left,,KCab,KCab-s
720575940621504794,intrinsic,central,DAN,,CREa1_dorsal,left,,PAM05,
720575940621541514,intrinsic,central,Kenyon_Cell,,MBp3,right,,KCab,KCab-s
720575940621609754,afferent,sensory,olfactory,,,left,AN,ORN_DL4,
720575940621611614,afferent,sensory,olfactory,,,left,AN,ORN_DL1,
720575940621728214,intrinsic,central,Kenyon_Cell,KCg,MBp2,left,,KCg-m,
720575940621728844,intrinsic,central,Kenyon_Cell,,MBp1,left,,KCapbp-ap2,KCab-ap2
720575940621821004,afferent,sensory,olfactory,,,right,AN,ORN_VA2,
720575940621851174,intrinsic,central,Kenyon_Cell,,MBp4,left,,KCab,KCab-s
720575940621871484,intrinsic,central,Kenyon_Cell,KCg,MBp1,right,,KCg-d,
720575940621922654,intrinsic,central,Kenyon_Cell,KCg,MBp2,left,,KCg-m,
720575940621948554,intrinsic,central,Kenyon_Cell,,MBp2,left,,KCab-p,
720575940621973274,intrinsic,central,Kenyon_Cell,KCg,MBp3,left,,KCg-m,
720575940621999044,intrinsic,central,Kenyon_Cell,KCg,MBp2,right,,KCg-m,
720575940622013564,intrinsic,central,Kenyon_Cell,KCg,MBp4,right,,KCg-m,
720575940622070004,afferent,sensory,olfactory,pheromone,,right,AN,ORN_VA1d,
720575940622075274,intrinsic,central,Kenyon_Cell,,MBp3,right,,KCapbp-ap1,KCab-ap1
720575940622099294,afferent,sensory,olfactory,,,right,AN,ORN_DM2,
720575940622100774,intrinsic,central,DAN,,CREa2_medial,right,,PAM04,
720575940622103974,intrinsic,central,Kenyon_Cell,KCg,MBp1,left,,KCg-m,
720575940622198664,afferent,sensory,olfactory,pheromone,,left,AN,ORN_DA1,
720575940622268454,afferent,sensory,olfactory,,,right,AN,ORN_VM5d,
720575940622269734,afferent,sensory,olfactory,,,left,AN,ORN_DM6,
720575940622305304,intrinsic,central,Kenyon_Cell,KCg,MBp1,right,,KCg-m,
720575940622348424,intrinsic,central,Kenyon_Cell,KCg,MBp3,right,,KCg-m,
720575940622370954,afferent,sensory,olfactory,,,right,AN,ORN_V,
720575940622439704,intrinsic,central,Kenyon_Cell,,MBp2,left,,KCapbp-m,KCab-m
720575940622495114,afferent,sensory,olfactory,,,left,AN,ORN_DL4,
720575940622565514,afferent,sensory,olfactory,,,right,AN,ORN_DA3,
720575940622621164,intrinsic,central,Kenyon_Cell,KCg,MBp4,right,,KCg-d,
720575940622624234,afferent,sensory,olfactory,,,right,AN,ORN_DM6,
720575940622628104,intrinsic,central,Kenyon_Cell,,MBp1,left,,KCab,KCab-m
720575940622637804,intrinsic,central,Kenyon_Cell,,MBp3,right,,KCab,KCab-c
720575940622654444,intrinsic,central,Kenyon_Cell,KCg,MBp2,right,,KCg-m,
720575940622703654,intrinsic,central,Kenyon_Cell,KCg,MBp1,left,,KCg-m,
720575940622736934,afferent,sensory,olfactory,,,right,AN,ORN_VC4,
720575940622745834,afferent,sensory,olfactory,,,left,AN,ORN_DP1m,
720575940622761864,afferent,sensory,olfactory,,,left,AN,ORN_VM6m,ORN_VC5
720575940622773784,intrinsic,central,Kenyon_Cell,KCg,MBp2,right,,KCg-m,
720575940622815684,intrinsic,central,Kenyon_Cell,,MBp2,right,,KCab,KCab-s
720575940622816234,intrinsic,central,Kenyon_Cell,KCg,MBp3,right,,KCg-m,
720575940622959574,afferent,sensory,olfactory,pheromone,,left,AN,ORN_VA1v,
720575940622961604,afferent,sensory,olfactory,,,right,AN,ORN_VC3,ORN_VC3l
720575940622965944,intrinsic,central,Kenyon_Cell,,MBp2,right,,KCab,KCab-s
720575940622966054,afferent,sensory,olfactory,pheromone,,right,AN,ORN_VA1d,
720575940622996104,intrinsic,central,Kenyon_Cell,KCg,MBp4,right,,KCg-m,
720575940622999944,intrinsic,central,Kenyon_Cell,KCg,MBp4,right,,KCg-m,
720575940623015694,intrinsic,central,Kenyon_Cell,,MBp2,right,,KCab,KCab-s
720575940623016644,intrinsic,central,Kenyon_Cell,KCg,MBp3,right,,KCg-m,
720575940623023544,intrinsic,central,Kenyon_Cell,,MBp3,right,,KCab,KCab-m
720575940623032004,intrinsic,central,Kenyon_Cell,KCg,MBp3,left,,KCg-m,
720575940623067114,intrinsic,central,Kenyon_Cell,KCg,MBp2,left,,KCg-m,
720575940623163844,intrinsic,central,Kenyon_Cell,,MBp3,left,,KCab,KCab-s
720575940623191334,intrinsic,central,Kenyon_Cell,KCg,MBp1,right,,KCg-m,
720575940623225284,intrinsic,central,Kenyon_Cell,,MBp2,left,,KCab,KCab-m
720575940623252164,intrinsic,central,Kenyon_Cell,,MBp1,right,,KCapbp-ap2,KCab-ap2
720575940623253994,intrinsic,central,Kenyon_Cell,KCg,MBp3,left,,KCg-m,
720575940623358954,afferent,sensory,olfactory,pheromone,,left,AN,ORN_DA1,
720575940623368644,intrinsic,central,Kenyon_Cell,KCg,MBp3,left,,KCg-m,
720575940623398524,intrinsic,central,DAN,,CREa1_dorsal,right,,PAM08,
720575940623413384,afferent,sensory,olfactory,pheromone,,left,AN,ORN_VA1v,
720575940623461134,intrinsic,central,Kenyon_Cell,,MBp4,left,,KCab,KCab-m
720575940623472264,afferent,sensory,olfactory,,,left,AN,ORN_VL2a,
720575940623530474,intrinsic,central,Kenyon_Cell,KCg,MBp3,left,,KCg-m,
720575940623572164,afferent,sensory,olfactory,,,right,AN,ORN_DA4m,
720575940623582904,intrinsic,central,Kenyon_Cell,,MBp1,right,,KCab,KCab-m
720575940623705894,afferent,sensory,olfactory,pheromone,,right,AN,ORN_VA1d,
720575940623831054,afferent,sensory,olfactory,,,right,AN,ORN_V,
720575940623914954,intrinsic,central,Kenyon_Cell,KCg,MBp4,right,,KCg-m,
720575940623927444,intrinsic,central,Kenyon_Cell,,MBp1,left,,KCapbp-ap1,KCab-ap1
720575940623943914,afferent,sensory,olfactory,,,right,AN,ORN_VC5,ORN_VC3m
720575940623969684,intrinsic,central,Kenyon_Cell,KCg,MBp2,left,,KCg-m,
720575940624030734,afferent,sensory,olfactory,,,left,AN,ORN_DM4,
720575940624032264,intrinsic,central,Kenyon_Cell,KCg,MBp2,right,,KCg-m,
720575940624114494,intrinsic,central,Kenyon_Cell,,MBp2,right,,KCab,KCab-s
720575940624125114,intrinsic,central,Kenyon_Cell,,MBp3,right,,KCab,KCab-s
720575940624125584,intrinsic,central,Kenyon_Cell,,MBp3,left,,KCab,KCab-s
720575940624163854,afferent,sensory,olfactory,,,right,AN,ORN_DA3,
720575940624164104,intrinsic,central,Kenyon_Cell,,MBp4,left,,KCab-p,
720575940624232974,intrinsic,central,Kenyon_Cell,,MBp4,right,,KCab,KCab-c
720575940624276784,intrinsic,central,Kenyon_Cell,KCg,MBp1,left,,KCg-m,
720575940624300984,intrinsic,central,Kenyon_Cell,KCg,MBp3,left,,KCg-m,
720575940624396524,intrinsic,central,Kenyon_Cell,,MBp2,right,,KCab,KCab-s
720575940624442564,intrinsic,central,DAN,,CREa1_dorsal,right,,PAM09,
720575940624473444,intrinsic,central,Kenyon_Cell,KCg,MBp3,left,,KCg-m,
720575940624489964,intrinsic,central,MBON,,SMPad3,right,,MBON25,MBON34
720575940624520254,intrinsic,central,Kenyon_Cell,,MBp1,left,,KCab,KCab-c
720575940624524234,intrinsic,central,Kenyon_Cell,KCg,MBp4,right,,KCg-m,
720575940624528314,intrinsic,central,Kenyon_Cell,KCg,MBp1,left,,KCg-m,
720575940624539284,intrinsic,central,MBON,,DL1_dorsal,left,,MBON18,
720575940624549694,intrinsic,central,Kenyon_Cell,,MBp2,left,,KCab,KCab-c
720575940624599444,intrinsic,central,Kenyon_Cell,KCg,MBp4,left,,KCg-m,
720575940624637884,intrinsic,central,Kenyon_Cell,KCg,MBp1,right,,KCg-m,
720575940624676414,intrinsic,central,Kenyon_Cell,,MBp4,right,,KCapbp-m,KCab-m
720575940624721084,intrinsic,central,Kenyon_Cell,KCg,MBp3,right,,KCg-m,
720575940624737464,intrinsic,central,Kenyon_Cell,,MBp2,left,,KCab,KCab-m
720575940624742414,intrinsic,central,DAN,,CREa2_medial,right,,PAM04,
720575940624770574,intrinsic,central,Kenyon_Cell,KCg,MBp4,right,,KCg-m,
720575940624828464,afferent,sensory,olfactory,,,right,AN,ORN_VM3,
720575940624851864,intrinsic,central,Kenyon_Cell,KCg,MBp1,right,,KCg-m,
720575940624859834,afferent,sensory,olfactory,,,left,AN,ORN_VC3,ORN_VC3l
720575940624940814,intrinsic,central,Kenyon_Cell,KCg,MBp2,right,,KCg-m,
720575940624989214,intrinsic,central,Kenyon_Cell,,MBp2,right,,KCapbp-m,KCab-m
720575940625127354,afferent,sensory,olfactory,,,left,AN,ORN_DM4,
720575940625261834,intrinsic,central,Kenyon_Cell,,MBp1,right,,KCapbp-ap2,KCab-ap2
720575940625297304,intrinsic,central,Kenyon_Cell,KCg,MBp1,left,,KCg-m,
720575940625300254,intrinsic,central,Kenyon_Cell,KCg,MBp3,right,,KCg-m,
720575940625305884,afferent,sensory,olfactory,,,left,AN,ORN_VC3,ORN_VC3l
720575940625330494,intrinsic,central,Kenyon_Cell,KCg,MBp1,left,,KCg-m,
720575940625334424,afferent,sensory,olfactory,,,left,MxLbN,ORN_VM7d,
720575940625354904,intrinsic,central,Kenyon_Cell,,MBp1,right,,KCapbp-m,KCab-m
720575940625360784,afferent,sensory,olfactory,,,left,AN,ORN_DM2,
720575940625405744,intrinsic,central,Kenyon_Cell,KCg,MBp4,left,,KCg-m,
720575940625455134,intrinsic,central,Kenyon_Cell,,MBp1,left,,KCab-p,
720575940625460784,afferent,sensory,olfactory,,,left,AN,ORN_DA3,
720575940625461534,intrinsic,central,Kenyon_Cell,,MBp1,left,,KCapbp-m,KCab-m
720575940625462064,afferent,sensory,olfactory,,,right,AN,ORN_DA4l,
720575940625476964,intrinsic,central,Kenyon_Cell,,MBp3,right,,KCapbp-ap2,KCab-ap2
720575940625482084,intrinsic,central,Kenyon_Cell,KCg,MBp1,right,,KCg-m,
720575940625500304,intrinsic,central,Kenyon_Cell,,MBp3,right,,KCab-p,
720575940625506704,intrinsic,central,Kenyon_Cell,,MBp2,right,,KCapbp-m,KCab-m
720575940625561374,intrinsic,central,Kenyon_Cell,,MBp1,right,,KCapbp-ap1,KCab-ap1
720575940625570334,intrinsic,central,Kenyon_Cell,,MBp3,right,,KCab,KCab-s
720575940625583204,afferent,sensory,olfactory,,,right,AN,ORN_DC4,
720575940625613514,afferent,sensory,olfactory,,,left,AN,ORN_DM6,
720575940625614224,intrinsic,central,Kenyon_Cell,KCg,MBp4,left,,KCg-m,
720575940625647114,intrinsic,central,Kenyon_Cell,,MBp2,left,,KCab,KCab-s
720575940625655464,intrinsic,central,Kenyon_Cell,KCg,MBp3,right,,KCg-m,
720575940625658554,afferent,sensory,olfactory,pheromone,,right,AN,ORN_VA1d,
720575940625663674,intrinsic,central,Kenyon_Cell,KCg,MBp4,right,,KCg-m,
720575940625665564,intrinsic,central,Kenyon_Cell,,MBp1,right,,KCab,KCab-m
720575940625708554,afferent,sensory,olfactory,,,left,MxLbN,ORN_VA4,
720575940625766984,intrinsic,central,Kenyon_Cell,KCg,MBp3,right,,KCg-d,
720575940625814274,afferent,sensory,olfactory,,,right,AN,ORN_VM6v,ORN_VC5
720575940625864964,intrinsic,central,Kenyon_Cell,,MBp4,right,,KCab,KCab-s
720575940625910354,intrinsic,central,Kenyon_Cell,,MBp4,left,,KCab,KCab-s
720575940625934094,intrinsic,central,MBIN,,putative_primary,right,,DPM,
720575940625991524,intrinsic,central,Kenyon_Cell,,MBp3,left,,KCab-p,
720575940626002494,intrinsic,central,Kenyon_Cell,,MBp2,right,,KCapbp-ap1,KCab-ap1
720575940626015294,intrinsic,central,Kenyon_Cell,KCg,MBp4,left,,KCg-m,
720575940626022074,intrinsic,central,DAN,,putative_primary,left,,PPL202,
720575940626043454,intrinsic,central,Kenyon_Cell,,MBp4,right,,KCab-p,
720575940626044924,intrinsic,central,Kenyon_Cell,,MBp2,right,,KCab,KCab-s
720575940626082404,intrinsic,central,Kenyon_Cell,KCg,MBp4,right,,KCg-m,
720575940626086244,intrinsic,central,Kenyon_Cell,KCg,MBp3,right,,KCg-m,
720575940626158364,intrinsic,central,DAN,,CREa2_medial,left,,PAM14,
720575940626161154,intrinsic,central,Kenyon_Cell,,MBp1,left,,KCab,KCab-m
720575940626179334,afferent,sensory,olfactory,,,left,AN,ORN_VM6v,ORN_VC5
720575940626199324,intrinsic,central,Kenyon_Cell,,MBp4,left,,KCab,KCab-s
720575940626220574,intrinsic,central,Kenyon_Cell,KCg,MBp3,left,,KCg-m,
720575940626242054,intrinsic,central,Kenyon_Cell,KCg,MBp4,right,,KCg-d,
720575940626265084,intrinsic,central,Kenyon_Cell,KCg,MBp1,left,,KCg-m,
720575940626287644,intrinsic,central,Kenyon_Cell,KCg,MBp4,left,,KCg-m,
720575940626300444,intrinsic,central,DAN,,CREa2_medial,right,,PAM14,
720575940626316974,intrinsic,central,Kenyon_Cell,KCg,MBp3,left,,KCg-d,
720575940626354954,afferent,sensory,olfactory,,,right,AN,ORN_VM1,
720575940626451864,afferent,sensory,olfactory,,,right,AN,ORN_VA3,
720575940626480124,afferent,sensory,olfactory,,,left,AN,ORN_VM4,
720575940626522184,intrinsic,central,Kenyon_Cell,,MBp2,left,,KCapbp-ap2,KCab-ap2
720575940626530564,afferent,sensory,olfactory,,,left,AN,ORN_VA2,
720575940626535434,intrinsic,central,Kenyon_Cell,KCg,MBp3,right,,KCg-m,
720575940626536714,intrinsic,central,Kenyon_Cell,KCg,MBp1,right,,KCg-m,
720575940626548234,intrinsic,central,Kenyon_Cell,KCg,MBp1,right,,KCg-m,
720575940626550504,intrinsic,central,Kenyon_Cell,,MBp3,right,,KCapbp-ap2,KCab-ap2
720575940626584904,afferent,sensory,olfactory,,,right,AN,ORN_VM5d,
720575940626643944,intrinsic,central,Kenyon_Cell,KCg,MBp3,left,,KCg-m,
720575940626646544,intrinsic,central,Kenyon_Cell,,MBp2,right,,KCab,KCab-s
720575940626651624,intrinsic,central,Kenyon_Cell,,MBp1,left,,KCapbp-ap2,KCab-ap2
720575940626668304,intrinsic,central,Kenyon_Cell,,MBp2,right,,KCab,KCab-m
720575940626674584,intrinsic,central,Kenyon_Cell,KCg,MBp4,left,,KCg-m,
720575940626682654,intrinsic,central,Kenyon_Cell,,MBp2,left,,KCab,KCab-m
720575940626721874,intrinsic,central,Kenyon_Cell,,MBp1,left,,KCab,KCab-s
720575940626744744,afferent,sensory,olfactory,,,right,AN,ORN_VA6,
720575940626769064,afferent,sensory,olfactory,,,left,AN,ORN_VA6,
720575940626769304,afferent,sensory,olfactory,,,right,AN,ORN_DL2d,
720575940626779644,afferent,sensory,olfactory,,,left,AN,ORN_DM1,
720575940626828574,intrinsic,central,Kenyon_Cell,KCg,MBp1,right,,KCg-m,
720575940626864414,intrinsic,central,Kenyon_Cell,KCg,MBp1,right,,KCg-m,
720575940626879484,afferent,sensory,olfactory,,,left,AN,ORN_VA2,
720575940626893834,afferent,sensory,olfactory,,,left,AN,ORN_VC3,ORN_VC3l
720575940626984274,afferent,sensory,olfactory,,,right,AN,ORN_DL1,
720575940626999114,intrinsic,central,Kenyon_Cell,KCg,MBp3,left,,KCg-m,
720575940627022664,intrinsic,central,Kenyon_Cell,,MBp4,left,,KCab,KCab-m
720575940627081994,intrinsic,central,Kenyon_Cell,KCg,MBp4,right,,KCg-m,
720575940627159704,afferent,sensory,olfactory,pheromone,,left,AN,ORN_DL3,
720575940627174994,intrinsic,central,Kenyon_Cell,,MBp3,left,,KCab,KCab-c
720575940627185064,afferent,sensory,olfactory,,,right,AN,ORN_DA4m,
720575940627235594,intrinsic,central,Kenyon_Cell,,MBp4,left,,KCab,KCab-s
720575940627236874,intrinsic,central,Kenyon_Cell,,MBp3,left,,KCab,KCab-m
720575940627276114,intrinsic,central,Kenyon_Cell,,MBp1,left,,KCab,KCab-m
720575940627327314,afferent,sensory,olfactory,pheromone,,right,AN,ORN_VA1d,
720575940627342674,intrinsic,central,Kenyon_Cell,,MBp4,left,,KCab,KCab-s
720575940627372284,intrinsic,central,Kenyon_Cell,,MBp1,left,,KCab,KCab-c
720575940627483464,intrinsic,central,Kenyon_Cell,,MBp2,left,,KCab,KCab-s
720575940627528964,afferent,sensory,olfactory,,,left,AN,ORN_D,
720575940627532104,intrinsic,central,DAN,,CREa1_dorsal,left,,PAM14,
720575940627543624,intrinsic,central,Kenyon_Cell,KCg,MBp3,right,,KCg-m,
720575940627550214,intrinsic,central,Kenyon_Cell,KCg,MBp3,right,,KCg-m,
720575940627561854,intrinsic,central,Kenyon_Cell,KCg,MBp2,right,,KCg-m,
720575940627575464,intrinsic,central,Kenyon_Cell,KCg,MBp3,left,,KCg-m,
720575940627595024,afferent,sensory,olfactory,,,right,AN,ORN_DC1,
720575940627626244,intrinsic,central,Kenyon_Cell,,MBp3,right,,KCab-p,
720575940627630154,intrinsic,central,Kenyon_Cell,,MBp3,right,,KCab,KCab-c
720575940627644584,intrinsic,central,DAN,,CREa1_dorsal,right,,PAM08,
720575940627700484,intrinsic,central,Kenyon_Cell,,MBp3,right,,KCapbp-m,KCab-m
720575940627778564,intrinsic,central,Kenyon_Cell,,MBp3,right,,KCab,KCab-s
720575940627857384,intrinsic,central,Kenyon_Cell,KCg,MBp1,left,,KCg-m,
720575940627896634,afferent,sensory,olfactory,pheromone,,,AN,ORN_VA1v,
720575940627908624,intrinsic,central,Kenyon_Cell,,MBp1,right,,KCab,KCab-m
720575940627912464,intrinsic,central,Kenyon_Cell,,MBp2,left,,KCapbp-ap2,KCab-ap2
720575940627936784,intrinsic,central,Kenyon_Cell,,MBp3,left,,KCab,KCab-c
720575940627964204,intrinsic,central,Kenyon_Cell,KCg,MBp4,right,,KCg-m,
720575940627988474,intrinsic,central,Kenyon_Cell,,MBp3,left,,KCab,KCab-c
720575940628060934,intrinsic,central,Kenyon_Cell,KCg,MBp1,right,,KCg-m,
720575940628084224,intrinsic,central,Kenyon_Cell,,MBp1,left,,KCab,KCab-c
720575940628226604,intrinsic,central,Kenyon_Cell,,MBp2,left,,KCab,KCab-m
720575940628257914,intrinsic,central,Kenyon_Cell,,MBp4,right,,KCapbp-ap2,KCab-ap2
720575940628259914,intrinsic,central,Kenyon_Cell,KCg,MBp4,right,,KCg-d,
720575940628353244,intrinsic,central,Kenyon_Cell,KCg,MBp4,right,,KCg-m,
720575940628432834,intrinsic,central,Kenyon_Cell,,MBp4,left,,KCapbp-ap2,KCab-ap2
720575940628495104,intrinsic,central,Kenyon_Cell,,MBp2,left,,KCab,KCab-m
720575940628565114,afferent,sensory,olfactory,,,right,AN,ORN_VM5d,
720575940628593884,intrinsic,central,Kenyon_Cell,,MBp4,left,,KCab,KCab-m
720575940628601344,afferent,sensory,olfactory,,,left,AN,ORN_DP1m,
720575940628660224,afferent,sensory,olfactory,,,left,AN,ORN_DL2v,
720575940628675644,intrinsic,central,Kenyon_Cell,,MBp3,left,,KCab,KCab-s
720575940628677114,afferent,sensory,olfactory,,,left,AN,ORN_DP1m,
720575940628685884,intrinsic,central,Kenyon_Cell,,MBp1,left,,KCapbp-m,KCab-m
720575940628695414,intrinsic,central,Kenyon_Cell,,MBp3,right,,KCab,KCab-m
720575940628724284,intrinsic,central,Kenyon_Cell,KCg,MBp3,right,,KCg-m,
720575940628790784,afferent,sensory,olfactory,pheromone,,right,AN,ORN_DL3,
720575940628817914,intrinsic,central,Kenyon_Cell,KCg,MBp2,left,,KCg-m,
720575940628823674,afferent,sensory,olfactory,,,right,AN,ORN_DM3,
720575940628902764,intrinsic,central,Kenyon_Cell,,MBp3,left,,KCab,KCab-s
720575940628915574,intrinsic,central,Kenyon_Cell,,MBp2,left,,KCab,KCab-m
720575940628961644,afferent,sensory,olfactory,,,left,AN,ORN_DL2d,
720575940628994524,afferent,sensory,olfactory,,,left,AN,ORN_DM3,
720575940629020794,intrinsic,central,Kenyon_Cell,KCg,MBp2,right,,KCg-m,
720575940629108094,intrinsic,central,Kenyon_Cell,KCg,MBp4,right,,KCg-m,
720575940629153274,afferent,sensory,olfactory,,,right,AN,ORN_DC1,
720575940629226044,afferent,sensory,olfactory,,,left,AN,ORN_VM1,
720575940629248044,afferent,sensory,olfactory,,,right,MxLbN,ORN_VM7d,
720575940629291564,intrinsic,central,Kenyon_Cell,,MBp3,left,,KCab,KCab-m
720575940629292844,intrinsic,central,Kenyon_Cell,KCg,MBp4,left,,KCg-m,
720575940629296254,afferent,sensory,olfactory,,,right,MxLbN,ORN_VA4,
720575940629296684,intrinsic,central,Kenyon_Cell,,MBp1,left,,KCab,KCab-m
720575940629304364,intrinsic,central,Kenyon_Cell,KCg,MBp2,left,,KCg-m,
720575940629318394,intrinsic,central,Kenyon_Cell,KCg,MBp2,right,,KCg-m,
720575940629349164,afferent,sensory,olfactory,,,right,MxLbN,ORN_VC2,
720575940629365804,intrinsic,central,Kenyon_Cell,,MBp1,right,,KCab,KCab-m
720575940629380034,afferent,sensory,olfactory,,,right,AN,ORN_DC1,
720575940629423994,afferent,sensory,olfactory,,,right,AN,ORN_VM2,
720575940629453694,afferent,sensory,olfactory,,,left,AN,ORN_VL1,
720575940629454974,afferent,sensory,olfactory,,,left,AN,ORN_VA3,
720575940629477674,intrinsic,central,Kenyon_Cell,KCg,MBp1,right,,KCg-m,
720575940629485354,intrinsic,central,Kenyon_Cell,,MBp3,right,,KCab,KCab-s
720575940629504554,intrinsic,central,Kenyon_Cell,,MBp2,right,,KCapbp-m,KCab-m
720575940629522474,intrinsic,central,Kenyon_Cell,,MBp4,right,,KCab,KCab-c
720575940629536894,intrinsic,central,Kenyon_Cell,KCg,MBp4,right,,KCg-m,
720575940629543644,afferent,sensory,olfactory,,,left,AN,ORN_VM5d,
720575940629588854,afferent,sensory,olfactory,pheromone,,left,AN,ORN_DC3,
720575940629611794,intrinsic,central,Kenyon_Cell,,MBp1,left,,KCab,KCab-m
720575940629632894,intrinsic,central,Kenyon_Cell,KCg,MBp4,right,,KCg-m,
720575940629710444,afferent,sensory,olfactory,,,right,AN,ORN_DC1,
720575940629717034,intrinsic,central,Kenyon_Cell,,MBp4,left,,KCab,KCab-s
720575940629723434,intrinsic,central,Kenyon_Cell,KCg,MBp1,left,,KCg-m,
720575940629724354,intrinsic,central,Kenyon_Cell,KCg,MBp1,left,,KCg-m,
720575940629733314,intrinsic,central,Kenyon_Cell,,MBp1,right,,KCab,KCab-m
720575940629787244,intrinsic,central,Kenyon_Cell,,MBp3,left,,KCab,KCab-m
720575940629803264,intrinsic,central,Kenyon_Cell,,MBp2,left,,KCapbp-ap1,KCab-ap1
720575940629804544,intrinsic,central,Kenyon_Cell,KCg,MBp2,right,,KCg-m,
720575940629854764,intrinsic,central,Kenyon_Cell,KCg,MBp1,right,,KCg-m,
720575940629856044,intrinsic,central,Kenyon_Cell,KCg,MBp3,left,,KCg-m,
720575940629895484,intrinsic,central,Kenyon_Cell,,MBp1,right,,KCapbp-ap2,KCab-ap2
720575940629909804,intrinsic,central,Kenyon_Cell,KCg,MBp1,right,,KCg-m,
720575940629911084,intrinsic,central,Kenyon_Cell,KCg,MBp4,left,,KCg-m,
720575940629921654,intrinsic,central,Kenyon_Cell,KCg,MBp4,right,,KCg-m,
720575940629942844,intrinsic,central,Kenyon_Cell,KCg,MBp4,right,,KCg-m,
720575940629952374,intrinsic,central,Kenyon_Cell,KCg,MBp1,left,,KCg-m,
720575940630093174,afferent,sensory,olfactory,,,right,MxLbN,ORN_VA4,
720575940630094444,intrinsic,central,Kenyon_Cell,,MBp4,left,,KCab,KCab-s
720575940630132754,afferent,sensory,olfactory,,,right,AN,ORN_VA3,
720575940630189624,intrinsic,central,Kenyon_Cell,,MBp1,left,,KCapbp-m,KCab-m
720575940630269404,intrinsic,central,Kenyon_Cell,KCg,MBp3,right,,KCg-m,
720575940630299254,intrinsic,central,Kenyon_Cell,,MBp3,left,,KCab,KCab-m
720575940630331244,intrinsic,central,Kenyon_Cell,,MBp1,right,,KCab-p,
720575940630392684,intrinsic,central,Kenyon_Cell,KCg,MBp1,left,,KCg-m,
720575940630394424,intrinsic,central,Kenyon_Cell,KCg,MBp2,left,,KCg-m,
720575940630411894,intrinsic,central,Kenyon_Cell,KCg,MBp2,left,,KCg-d,
720575940630419364,intrinsic,central,Kenyon_Cell,,MBp4,right,,KCab,KCab-c
720575940630461994,afferent,sensory,olfactory,pheromone,,left,AN,ORN_DA1,
720575940630496374,intrinsic,central,MBON,,putative_primary,right,,MBON05,
720575940630561484,intrinsic,central,Kenyon_Cell,,MBp1,right,,KCapbp-m,KCab-m
720575940630961464,intrinsic,central,Kenyon_Cell,KCg,MBp4,left,,KCg-m,
720575940630971434,afferent,sensory,olfactory,,,left,AN,ORN_DM3,
720575940630996684,intrinsic,central,DAN,,CREa1_dorsal,right,,PAM14,
720575940631012664,afferent,sensory,olfactory,pheromone,,left,AN,ORN_DA1,
720575940631017124,intrinsic,central,Kenyon_Cell,,MBp3,left,,KCab,KCab-s
720575940631035154,intrinsic,central,Kenyon_Cell,,MBp2,right,,KCapbp-m,KCab-m
720575940631084684,afferent,sensory,olfactory,,,left,AN,ORN_VL2p,
720575940631203384,intrinsic,central,Kenyon_Cell,KCg,MBp4,left,,KCg-m,
720575940631274794,intrinsic,central,DAN,,CREa2_medial,left,,PAM13,
720575940631296204,afferent,sensory,olfactory,,,right,AN,ORN_DL1,
720575940631305164,intrinsic,central,Kenyon_Cell,KCg,MBp3,left,,KCg-d,
720575940631353764,afferent,sensory,olfactory,,,right,AN,ORN_VC5,ORN_VC3m
720575940631443304,intrinsic,central,DAN,,CREa2_medial,right,,PAM01,aSP13
720575940631450764,afferent,sensory,olfactory,,,right,AN,ORN_DC2,
720575940631553164,intrinsic,central,Kenyon_Cell,,MBp2,right,,KCab,KCab-c
720575940631625124,afferent,sensory,olfactory,,,left,AN,ORN_DL1,
720575940631632844,afferent,sensory,olfactory,,,left,AN,ORN_VM1,
720575940631638034,afferent,sensory,olfactory,pheromone,,left,AN,ORN_DC3,
720575940631650274,intrinsic,central,Kenyon_Cell,KCg,MBp2,left,,KCg-m,
720575940631687844,intrinsic,central,Kenyon_Cell,,MBp2,left,,KCab,KCab-m
720575940631713384,intrinsic,central,Kenyon_Cell,KCg,MBp4,left,,KCg-m,
720575940631792184,intrinsic,central,Kenyon_Cell,KCg,MBp3,left,,KCg-m,
720575940631843724,intrinsic,central,DAN,,CREa2_medial,left,,PAM04,
720575940632014284,afferent,sensory,olfactory,,,right,AN,ORN_DL2v,
720575940632179364,intrinsic,central,Kenyon_Cell,,MBp3,left,,KCab,KCab-m
720575940632308684,afferent,sensory,olfactory,,,left,AN,ORN_VM5d,
720575940632357284,intrinsic,central,Kenyon_Cell,KCg,MBp2,right,,KCg-m,
720575940632357984,intrinsic,central,Kenyon_Cell,KCg,MBp3,right,,KCg-m,
720575940632358564,intrinsic,central,Kenyon_Cell,KCg,MBp1,right,,KCg-m,
720575940632432184,afferent,sensory,olfactory,,,left,AN,ORN_VA7m,
720575940632617164,intrinsic,central,Kenyon_Cell,KCg,MBp1,right,,KCg-m,
720575940632964704,intrinsic,central,Kenyon_Cell,KCg,MBp4,left,,KCg-m,
720575940633024924,afferent,sensory,olfactory,,,left,AN,ORN_D,
720575940633293794,afferent,sensory,olfactory,,,left,AN,ORN_DM5,
720575940633323674,intrinsic,central,Kenyon_Cell,,MBp3,left,,KCab,KCab-m
720575940633466524,intrinsic,central,Kenyon_Cell,,MBp3,right,,KCapbp-m,KCab-m
720575940633565154,intrinsic,central,Kenyon_Cell,,MBp2,right,,KCapbp-ap2,KCab-ap2
720575940633569784,intrinsic,central,Kenyon_Cell,,MBp3,right,,KCab,KCab-s
720575940633580024,intrinsic,central,Kenyon_Cell,KCg,MBp1,right,,KCg-m,
720575940633754804,intrinsic,central,Kenyon_Cell,,MBp1,left,,KCab,KCab-c
720575940633803104,afferent,sensory,olfactory,pheromone,,left,AN,ORN_VA1d,
720575940633883744,afferent,sensory,olfactory,,,left,AN,ORN_DP1m,
720575940633908124,intrinsic,central,Kenyon_Cell,,MBp2,right,,KCab,KCab-m
720575940634045084,intrinsic,central,Kenyon_Cell,KCg,MBp1,left,,KCg-m,
720575940634141024,intrinsic,central,Kenyon_Cell,KCg,MBp3,left,,KCg-m,
720575940634235744,intrinsic,central,Kenyon_Cell,KCg,MBp2,right,,KCg-m,
720575940634384224,intrinsic,central,Kenyon_Cell,KCg,MBp3,left,,KCg-m,
720575940634483704,afferent,sensory,olfactory,,,left,AN,ORN_VA3,
720575940634570744,afferent,sensory,olfactory,,,left,AN,ORN_VL2a,
720575940634574004,afferent,sensory,olfactory,,,right,AN,ORN_DL1,
720575940634638734,intrinsic,central,Kenyon_Cell,,MBp3,right,,KCab,KCab-c
720575940634640014,intrinsic,central,Kenyon_Cell,,MBp3,right,,KCab,KCab-s
720575940634664674,intrinsic,central,Kenyon_Cell,,MBp3,right,,KCab-p,
720575940634935194,intrinsic,central,Kenyon_Cell,,MBp1,left,,KCapbp-ap1,KCab-ap1
720575940634939034,intrinsic,central,Kenyon_Cell,,MBp3,right,,KCab,KCab-s
720575940634954164,intrinsic,central,Kenyon_Cell,KCg,MBp3,right,,KCg-m,
720575940635081464,afferent,sensory,olfactory,,,left,AN,ORN_VA3,
720575940635153294,intrinsic,central,Kenyon_Cell,,MBp4,right,,KCapbp-m,KCab-m
720575940635214734,afferent,sensory,olfactory,,,right,AN,ORN_VM6m,ORN_VC5
720575940635309304,intrinsic,central,Kenyon_Cell,KCg,MBp4,right,,KCg-m,
720575940635361454,intrinsic,central,Kenyon_Cell,,MBp2,left,,KCapbp-ap1,KCab-ap1
720575940635415664,intrinsic,central,Kenyon_Cell,,MBp2,left,,KCab,KCab-s
720575940635493044,intrinsic,central,Kenyon_Cell,KCg,MBp4,left,,KCg-m,
720575940635561584,afferent,sensory,olfactory,,,left,AN,ORN_VM6l,ORN_VC5
720575940635618734,afferent,sensory,olfactory,pheromone,,left,AN,ORN_DL3,
720575940635920814,intrinsic,central,Kenyon_Cell,KCg,MBp1,left,,KCg-m,
720575940636168414,intrinsic,central,Kenyon_Cell,,MBp1,right,,KCab,KCab-s
720575940636187054,afferent,sensory,olfactory,,,left,AN,ORN_DM1,
720575940636335984,intrinsic,central,Kenyon_Cell,KCg,MBp2,left,,KCg-m,
720575940636353934,intrinsic,central,Kenyon_Cell,,MBp1,left,,KCab,KCab-c
720575940636490894,intrinsic,central,Kenyon_Cell,KCg,MBp2,left,,KCg-m,
720575940636508644,intrinsic,central,Kenyon_Cell,,MBp1,left,,KCapbp-ap2,KCab-ap2
720575940636685894,intrinsic,central,Kenyon_Cell,,MBp3,right,,KCapbp-m,KCab-m
720575940636851824,intrinsic,central,Kenyon_Cell,,MBp2,left,,KCab,KCab-s
720575940636883034,afferent,sensory,olfactory,,,left,AN,ORN_DM3,
720575940637002574,afferent,sensory,olfactory,,,left,MxLbN,ORN_VC2,
720575940637109214,intrinsic,central,DAN,,CREa1_dorsal,right,,PAM03,
720575940637114334,intrinsic,central,DAN,,CREa2_medial,left,,PAM05,
720575940637118174,intrinsic,central,Kenyon_Cell,KCg,MBp4,right,,KCg-m,
720575940637171684,intrinsic,central,Kenyon_Cell,,MBp1,left,,KCab,KCab-s
720575940637333214,intrinsic,central,Kenyon_Cell,KCg,MBp4,left,,KCg-m,
720575940637372894,intrinsic,central,Kenyon_Cell,KCg,MBp2,right,,KCg-m,
720575940637465054,intrinsic,central,Kenyon_Cell,KCg,MBp1,right,,KCg-m,
720575940637618254,intrinsic,central,Kenyon_Cell,,MBp1,left,,KCapbp-ap2,KCab-ap2
720575940637619534,intrinsic,central,Kenyon_Cell,KCg,MBp2,left,,KCg-d,
720575940637626084,afferent,sensory,olfactory,pheromone,,right,AN,ORN_VA1d,
720575940637714264,intrinsic,central,Kenyon_Cell,KCg,MBp2,right,,KCg-m,
720575940637788494,intrinsic,central,Kenyon_Cell,KCg,MBp1,right,,KCg-m,
720575940637869284,intrinsic,central,Kenyon_Cell,KCg,MBp3,left,,KCg-m,
720575940637928164,intrinsic,central,DAN,,CREa1_dorsal,right,,PAM04,
720575940637953764,intrinsic,central,Kenyon_Cell,,MBp4,left,,KCab,KCab-m
720575940638168804,intrinsic,central,Kenyon_Cell,,MBp2,left,,KCab,KCab-s
720575940638203364,afferent,sensory,olfactory,,,left,AN,ORN_DA4l,
720575940638391384,intrinsic,central,Kenyon_Cell,KCg,MBp2,left,,KCg-m,
720575940638445894,intrinsic,central,Kenyon_Cell,KCg,MBp2,right,,KCg-m,
720575940638487384,afferent,sensory,olfactory,,,right,AN,ORN_DL1,
720575940638719064,afferent,sensory,olfactory,,,left,MxLbN,ORN_VA4,
720575940639022414,afferent,sensory,olfactory,,,right,AN,ORN_DM4,
720575940639030094,afferent,sensory,olfactory,,,right,AN,ORN_DM6,
720575940639099264,afferent,sensory,olfactory,,,right,AN,ORN_VM4,
720575940639186264,afferent,sensory,olfactory,,,right,AN,ORN_VM6l,ORN_VC5
720575940639274574,intrinsic,central,Kenyon_Cell,KCg,MBp1,right,,KCg-m,
720575940639434704,afferent,sensory,olfactory,,,left,AN,ORN_DL1,
720575940639728984,intrinsic,central,Kenyon_Cell,,MBp3,left,,KCapbp-ap1,KCab-ap1
720575940639836624,afferent,sensory,olfactory,,,right,AN,ORN_VA7m,
720575940640646864,intrinsic,central,Kenyon_Cell,KCg,MBp3,right,,KCg-m,
720575940640747864,intrinsic,central,DAN,,CREa2_medial,right,,PAM04,
720575940641936584,intrinsic,central,Kenyon_Cell,KCg,MBp4,right,,KCg-m,
720575940642021064,intrinsic,central,Kenyon_Cell,KCg,MBp3,right,,KCg-d,
720575940642106824,intrinsic,central,Kenyon_Cell,KCg,MBp2,left,,KCg-m,
720575940642284704,afferent,sensory,olfactory,,,left,AN,ORN_DM1,
720575940642338464,intrinsic,central,Kenyon_Cell,,MBp1,right,,KCab,KCab-s
720575940642603464,intrinsic,central,DAN,,CREa2_medial,right,,PAM08,
720575940642638024,intrinsic,central,Kenyon_Cell,KCg,MBp2,left,,KCg-m,
720575940642744264,intrinsic,central,DAN,,CREa2_medial,left,,PAM08,
720575940642936264,afferent,sensory,olfactory,,,right,AN,ORN_VC4,
720575940643055264,intrinsic,central,Kenyon_Cell,,MBp1,left,,KCab,KCab-m
720575940643129124,intrinsic,central,Kenyon_Cell,KCg,MBp3,left,,KCg-m,
720575940643240904,afferent,sensory,olfactory,,,right,AN,ORN_VA3,
720575940643404744,intrinsic,central,Kenyon_Cell,,MBp1,right,,KCapbp-ap1,KCab-ap1
720575940643466094,intrinsic,central,Kenyon_Cell,KCg,MBp2,left,,KCg-d,
720575940643544224,intrinsic,central,Kenyon_Cell,KCg,MBp1,left,,KCg-m,
720575940643741384,intrinsic,central,Kenyon_Cell,KCg,MBp1,left,,KCg-d,
720575940643769544,intrinsic,central,Kenyon_Cell,,MBp1,right,,KCab-p,
720575940644146724,intrinsic,central,DAN,,CREa2_medial,right,,PAM10,
720575940644423204,intrinsic,central,Kenyon_Cell,KCg,MBp2,right,,KCg-m,
720575940644429934,afferent,sensory,olfactory,,,right,AN,ORN_VM4,
720575940644542574,afferent,sensory,olfactory,pheromone,,right,AN,ORN_DA1,
720575940644583534,intrinsic,central,Kenyon_Cell,KCg,MBp1,right,,KCg-m,
720575940644592494,intrinsic,central,Kenyon_Cell,KCg,MBp4,right,,KCg-m,
720575940644607854,intrinsic,central,Kenyon_Cell,KCg,MBp3,right,,KCg-m,
720575940644609134,intrinsic,central,Kenyon_Cell,,MBp1,right,,KCab,KCab-s
720575940644710964,intrinsic,central,Kenyon_Cell,KCg,MBp4,right,,KCg-d,
720575940644974644,intrinsic,central,Kenyon_Cell,,MBp1,left,,KCapbp-ap1,KCab-ap1
720575940645269614,intrinsic,central,Kenyon_Cell,KCg,MBp1,right,,KCg-d,
720575940645277294,intrinsic,central,Kenyon_Cell,,MBp1,left,,KCab,KCab-m
720575940645385524,intrinsic,central,Kenyon_Cell,,MBp4,left,,KCab,KCab-s
720575940645386884,intrinsic,central,Kenyon_Cell,,MBp1,right,,KCapbp-ap2,KCab-ap2
720575940645686564,afferent,sensory,olfactory,,,right,AN,ORN_DC4,
720575940646088324,afferent,sensory,olfactory,,,left,AN,ORN_DL1,
720575940646120324,afferent,sensory,olfactory,,,right,AN,ORN_VA2,
720575940646136964,afferent,sensory,olfactory,,,right,AN,ORN_VL2a,
720575940646142004,afferent,sensory,olfactory,,,left,AN,ORN_VA2,
720575940646606724,intrinsic,central,Kenyon_Cell,,MBp1,right,,KCab,KCab-m
720575940646773044,intrinsic,central,Kenyon_Cell,KCg,MBp4,left,,KCg-m,
720575940646783284,intrinsic,central,Kenyon_Cell,,MBp1,left,,KCab,KCab-m
720575940647088004,afferent,sensory,olfactory,,,right,AN,ORN_DM1,
720575940647214724,intrinsic,central,Kenyon_Cell,KCg,MBp2,left,,KCg-m,
720575940647978804,afferent,sensory,olfactory,,,left,AN,ORN_DP1l,
720575940650260214,intrinsic,central,Kenyon_Cell,KCg,MBp4,right,,KCg-m,
720575940650786294,intrinsic,central,Kenyon_Cell,,MBp4,left,,KCab,KCab-s
720575940651553014,afferent,sensory,olfactory,,,right,AN,ORN_VC4,
720575940652390134,intrinsic,central,MBON,,putative_primary,left,,MBON07,
720575940604806345,intrinsic,central,Kenyon_Cell,,MBp4,right,,KCab,KCab-s
720575940605167025,intrinsic,central,Kenyon_Cell,,MBp3,right,,KCapbp-m,KCab-m
720575940605196465,intrinsic,central,Kenyon_Cell,KCg,MBp4,right,,KCg-m,
720575940605197745,intrinsic,central,Kenyon_Cell,KCg,MBp2,right,,KCg-m,
720575940605199305,intrinsic,central,Kenyon_Cell,KCg,MBp1,left,,KCg-d,
720575940605221065,intrinsic,central,DAN,,CREa2_medial,right,,PAM01,aSP13
720575940605266865,afferent,sensory,olfactory,pheromone,,right,AN,ORN_DL3,
720575940605312945,intrinsic,central,Kenyon_Cell,KCg,MBp3,left,,KCg-m,
720575940606579465,intrinsic,central,Kenyon_Cell,,MBp3,right,,KCab-p,
720575940606663625,intrinsic,central,Kenyon_Cell,KCg,MBp2,left,,KCg-m,
720575940606683915,intrinsic,central,Kenyon_Cell,KCg,MBp3,left,,KCg-d,
720575940606773705,intrinsic,central,Kenyon_Cell,KCg,MBp1,left,,KCg-m,
720575940606909195,intrinsic,central,Kenyon_Cell,KCg,MBp1,left,,KCg-m,
720575940606940425,intrinsic,central,Kenyon_Cell,,MBp3,left,,KCab,KCab-c
720575940607010825,intrinsic,central,Kenyon_Cell,KCg,MBp4,right,,KCg-m,
720575940607154955,intrinsic,central,Kenyon_Cell,,MBp2,left,,KCapbp-m,KCab-m
720575940607337155,intrinsic,central,Kenyon_Cell,,MBp2,right,,KCab,KCab-m
720575940607623875,intrinsic,central,Kenyon_Cell,KCg,MBp2,left,,KCg-d,
720575940607793675,intrinsic,central,Kenyon_Cell,KCg,MBp1,left,,KCg-m,
720575940607818965,afferent,sensory,olfactory,,,left,AN,ORN_VA6,
720575940607932885,afferent,sensory,olfactory,,,left,AN,ORN_DC1,
720575940608071435,intrinsic,central,DAN,,CREa2_medial,right,,PAM08,
720575940608386315,intrinsic,central,Kenyon_Cell,KCg,MBp1,right,,KCg-m,
720575940608399115,intrinsic,central,Kenyon_Cell,KCg,MBp1,left,,KCg-d,
720575940608407305,intrinsic,central,Kenyon_Cell,,MBp4,left,,KCapbp-m,KCab-m
720575940608428555,intrinsic,central,Kenyon_Cell,,MBp4,left,,KCapbp-ap2,KCab-ap2
720575940608429835,intrinsic,central,DAN,,CREa2_medial,left,,PAM06,
720575940608456715,intrinsic,central,Kenyon_Cell,KCg,MBp3,right,,KCg-m,
720575940608496835,intrinsic,central,Kenyon_Cell,KCg,MBp2,left,,KCg-m,
720575940608505795,intrinsic,central,Kenyon_Cell,,MBp3,right,,KCapbp-ap2,KCab-ap2
720575940608517385,intrinsic,central,Kenyon_Cell,,MBp2,right,,KCapbp-m,KCab-m
720575940608530955,intrinsic,central,Kenyon_Cell,KCg,MBp4,left,,KCg-m,
720575940608532675,intrinsic,central,Kenyon_Cell,KCg,MBp2,right,,KCg-m,
720575940608571145,intrinsic,central,Kenyon_Cell,,MBp1,left,,KCapbp-m,KCab-m
720575940608607445,afferent,sensory,olfactory,,,left,AN,ORN_DL4,
720575940608633045,intrinsic,central,Kenyon_Cell,,MBp4,left,,KCapbp-ap1,KCab-ap1
720575940608662485,intrinsic,central,Kenyon_Cell,KCg,MBp4,right,,KCg-m,
720575940608663765,intrinsic,central,Kenyon_Cell,KCg,MBp2,left,,KCg-m,
720575940608708875,intrinsic,central,Kenyon_Cell,KCg,MBp1,left,,KCg-m,
720575940609040835,afferent,sensory,olfactory,pheromone,,right,AN,ORN_DA1,
720575940609533635,afferent,sensory,olfactory,,,left,AN,ORN_VL2a,
720575940609586645,afferent,sensory,olfactory,,,left,AN,ORN_DM2,
720575940609979505,intrinsic,central,Kenyon_Cell,,MBp4,right,,KCab,KCab-c
720575940610191795,intrinsic,central,Kenyon_Cell,KCg,MBp2,right,,KCg-m,
720575940610378865,intrinsic,central,Kenyon_Cell,,MBp4,left,,KCab,KCab-c
720575940610464195,afferent,sensory,olfactory,,,right,AN,ORN_DL2v,
720575940610609075,intrinsic,central,Kenyon_Cell,,MBp1,left,,KCab,KCab-c
720575940610637235,intrinsic,central,Kenyon_Cell,,MBp3,left,,KCab,KCab-s
720575940610793395,intrinsic,central,Kenyon_Cell,,MBp3,right,,KCapbp-ap2,KCab-ap2
720575940611013785,intrinsic,central,Kenyon_Cell,KCg,MBp1,left,,KCg-m,
720575940611035365,intrinsic,central,Kenyon_Cell,KCg,MBp4,left,,KCg-m,
720575940611117425,afferent,sensory,olfactory,,,right,AN,ORN_VA6,
720575940611210865,intrinsic,central,Kenyon_Cell,KCg,MBp4,right,,KCg-m,
720575940611382195,afferent,sensory,olfactory,,,right,AN,ORN_DA4m,
720575940611597795,intrinsic,central,Kenyon_Cell,,MBp4,left,,KCab,KCab-s
720575940611611285,intrinsic,central,Kenyon_Cell,KCg,MBp1,left,,KCg-m,
720575940611644825,intrinsic,central,Kenyon_Cell,,MBp1,left,,KCab,KCab-m
720575940611669145,intrinsic,central,Kenyon_Cell,,MBp3,left,,KCab,KCab-m
720575940611694565,intrinsic,central,Kenyon_Cell,KCg,MBp4,left,,KCg-m,
720575940611702165,intrinsic,central,Kenyon_Cell,KCg,MBp4,left,,KCg-m,
720575940611812835,intrinsic,central,Kenyon_Cell,,MBp2,left,,KCapbp-ap1,KCab-ap1
720575940611930265,intrinsic,central,Kenyon_Cell,KCg,MBp1,left,,KCg-d,
720575940612072685,intrinsic,central,Kenyon_Cell,KCg,MBp3,left,,KCg-m,
720575940612384665,intrinsic,central,Kenyon_Cell,KCg,MBp3,right,,KCg-m,
720575940612387555,afferent,sensory,olfactory,pheromone,,left,AN,ORN_VA1d,
720575940612417905,afferent,sensory,olfactory,,,right,AN,ORN_DA3,
720575940612692915,afferent,sensory,olfactory,pheromone,,right,AN,ORN_VA1d,
720575940612755665,afferent,sensory,olfactory,,,right,AN,ORN_DM5,
720575940612881105,afferent,sensory,olfactory,,,left,AN,ORN_VM5d,
720575940613011375,afferent,sensory,olfactory,,,right,AN,ORN_VA3,
720575940613049315,intrinsic,central,Kenyon_Cell,KCg,MBp4,left,,KCg-m,
720575940613084625,afferent,sensory,olfactory,,,right,AN,ORN_VM3,
720575940613156015,afferent,sensory,olfactory,,,left,AN,ORN_VM4,
720575940613258975,intrinsic,central,Kenyon_Cell,,MBp3,right,,KCapbp-ap2,KCab-ap2
720575940613400785,intrinsic,central,Kenyon_Cell,,MBp1,left,,KCab,KCab-m
720575940613419315,afferent,sensory,olfactory,,,right,AN,ORN_DL4,
720575940613452525,intrinsic,central,Kenyon_Cell,KCg,MBp2,left,,KCg-m,
720575940613501855,intrinsic,central,Kenyon_Cell,,MBp4,right,,KCab,KCab-s
720575940613502435,afferent,sensory,olfactory,pheromone,,right,AN,ORN_VA1v,
720575940613738415,intrinsic,central,Kenyon_Cell,,MBp4,right,,KCapbp-ap2,KCab-ap2
720575940613797295,intrinsic,central,Kenyon_Cell,KCg,MBp2,right,,KCg-d,
720575940613798195,afferent,sensory,olfactory,,,right,AN,ORN_DL2v,
720575940613909555,intrinsic,central,Kenyon_Cell,,MBp3,left,,KCab,KCab-s
720575940613944785,afferent,sensory,olfactory,,,right,AN,ORN_VL1,
720575940613975455,intrinsic,central,Kenyon_Cell,KCg,MBp1,left,,KCg-m,
720575940613987635,intrinsic,central,Kenyon_Cell,KCg,MBp1,right,,KCg-m,
720575940614008785,intrinsic,central,Kenyon_Cell,KCg,MBp4,right,,KCg-m,
720575940614053405,afferent,sensory,olfactory,,,left,AN,ORN_V,
720575940614054685,afferent,sensory,olfactory,,,left,AN,ORN_V,
720575940614110375,afferent,sensory,olfactory,,,right,AN,ORN_DC2,
720575940614115515,intrinsic,central,Kenyon_Cell,,MBp3,right,,KCab,KCab-m
720575940614229415,intrinsic,central,Kenyon_Cell,,MBp2,right,,KCapbp-ap2,KCab-ap2
720575940614236575,afferent,sensory,olfactory,,,right,AN,ORN_DC2,
720575940614293485,intrinsic,central,DAN,,CREa2_medial,right,,PAM11,
720575940614344755,afferent,sensory,olfactory,pheromone,,right,AN,ORN_VA1d,
720575940614427055,afferent,sensory,olfactory,,,left,AN,ORN_DM2,
720575940614487215,afferent,sensory,olfactory,pheromone,,right,AN,ORN_VA1v,
720575940614548765,afferent,sensory,olfactory,,,left,AN,ORN_V,
720575940614723495,afferent,sensory,olfactory,,,right,AN,ORN_DA4m,
720575940614824095,intrinsic,central,Kenyon_Cell,KCg,MBp4,left,,KCg-m,
720575940614969055,intrinsic,central,Kenyon_Cell,,MBp4,left,,KCab,KCab-s
720575940615066335,intrinsic,central,Kenyon_Cell,,MBp1,right,,KCapbp-m,KCab-m
720575940615257395,afferent,sensory,olfactory,,,right,AN,ORN_VC3,ORN_VC3l
720575940615344315,intrinsic,central,Kenyon_Cell,,MBp3,right,,KCab,KCab-s
720575940615398075,afferent,sensory,olfactory,,,right,AN,ORN_DL2d,
720575940615409625,intrinsic,central,Kenyon_Cell,,MBp4,right,,KCab,KCab-s
720575940615456985,intrinsic,central,Kenyon_Cell,,MBp1,right,,KCab,KCab-c
720575940615527995,intrinsic,central,Kenyon_Cell,,MBp3,left,,KCapbp-ap1,KCab-ap1
720575940615539385,intrinsic,central,Kenyon_Cell,KCg,MBp2,right,,KCg-m,
720575940615543995,intrinsic,central,Kenyon_Cell,KCg,MBp1,left,,KCg-d,
720575940615607975,intrinsic,central,DAN,,CREa2_medial,left,,PAM01,aSP13
720575940615750075,afferent,sensory,olfactory,,,right,AN,ORN_VA7m,
720575940615758395,afferent,sensory,olfactory,,,right,AN,ORN_DM6,
720575940615847005,intrinsic,central,Kenyon_Cell,KCg,MBp2,left,,KCg-m,
720575940615859385,intrinsic,central,Kenyon_Cell,KCg,MBp4,left,,KCg-m,
720575940615885195,afferent,sensory,olfactory,,,right,AN,ORN_VM3,
720575940615897245,intrinsic,central,Kenyon_Cell,,MBp4,right,,KCab,KCab-c
720575940615904145,intrinsic,central,Kenyon_Cell,,MBp4,left,,KCab-p,
720575940615956085,afferent,sensory,olfactory,,,right,AN,ORN_DM5,
720575940616023225,intrinsic,central,Kenyon_Cell,,MBp4,left,,KCab,KCab-c
720575940616052625,intrinsic,central,Kenyon_Cell,,MBp4,right,,KCab,KCab-m
720575940616072665,intrinsic,central,Kenyon_Cell,KCg,MBp2,left,,KCg-m,
720575940616089995,intrinsic,central,Kenyon_Cell,,MBp4,left,,KCapbp-m,KCab-m
720575940616205405,afferent,sensory,olfactory,,,right,AN,ORN_VA2,
720575940616208965,intrinsic,central,Kenyon_Cell,,MBp4,right,,KCab,KCab-s
720575940616220765,afferent,sensory,olfactory,,,right,AN,ORN_VM5d,
720575940616245365,intrinsic,central,Kenyon_Cell,KCg,MBp2,right,,KCg-m,
720575940616260825,intrinsic,central,Kenyon_Cell,,MBp4,left,,KCapbp-m,KCab-m
720575940616284955,intrinsic,central,Kenyon_Cell,KCg,MBp4,left,,KCg-d,
720575940616349755,intrinsic,central,Kenyon_Cell,,MBp3,left,,KCab,KCab-s
720575940616358715,intrinsic,central,Kenyon_Cell,KCg,MBp1,left,,KCg-m,
720575940616364545,afferent,sensory,olfactory,pheromone,,right,AN,ORN_DL3,
720575940616368245,intrinsic,central,Kenyon_Cell,,MBp3,left,,KCab,KCab-s
720575940616438085,intrinsic,central,Kenyon_Cell,KCg,MBp2,left,,KCg-m,
720575940616472465,afferent,sensory,olfactory,,,right,AN,ORN_DL4,
720575940616474395,intrinsic,central,Kenyon_Cell,,MBp4,left,,KCab,KCab-s
720575940616486795,afferent,sensory,olfactory,,,left,AN,ORN_VA2,
720575940616566745,afferent,sensory,olfactory,,,right,AN,ORN_DC1,
720575940616598555,intrinsic,central,Kenyon_Cell,,MBp2,left,,KCab,KCab-m
720575940616601345,afferent,sensory,olfactory,,,left,AN,ORN_VM5d,
720575940616616075,intrinsic,central,Kenyon_Cell,,MBp2,right,,KCapbp-m,KCab-m
720575940616786065,intrinsic,central,Kenyon_Cell,KCg,MBp3,left,,KCg-m,
720575940616815005,afferent,sensory,olfactory,,,right,AN,ORN_VC3,ORN_VC3l
720575940616903465,afferent,sensory,olfactory,,,left,AN,ORN_VM6m,ORN_VC5
720575940616913705,afferent,sensory,olfactory,,,left,AN,ORN_VM6m,ORN_VC5
720575940616923905,afferent,sensory,olfactory,,,left,AN,ORN_DL2v,
720575940616923945,afferent,sensory,olfactory,,,left,AN,ORN_V,
720575940616940405,afferent,sensory,olfactory,,,right,AN,ORN_VL2a,
720575940617026305,intrinsic,central,Kenyon_Cell,KCg,MBp4,left,,KCg-m,
720575940617046785,afferent,sensory,olfactory,,,left,AN,ORN_DA4m,
720575940617067305,afferent,sensory,olfactory,,,left,AN,ORN_V,
720575940617077405,intrinsic,central,Kenyon_Cell,,MBp1,right,,KCapbp-m,KCab-m
720575940617087325,afferent,sensory,olfactory,,,left,AN,ORN_DA4l,
720575940617168345,intrinsic,central,Kenyon_Cell,KCg,MBp4,left,,KCg-m,
720575940617174365,intrinsic,central,Kenyon_Cell,,MBp3,left,,KCab,KCab-m
720575940617180445,afferent,sensory,olfactory,,,left,AN,ORN_VM2,
720575940617182045,afferent,sensory,olfactory,,,right,AN,ORN_VL1,
720575940617228315,intrinsic,central,Kenyon_Cell,KCg,MBp1,left,,KCg-m,
720575940617302365,intrinsic,central,MBON,,putative_primary,left,,MBON07,
720575940617317305,intrinsic,central,Kenyon_Cell,KCg,MBp1,left,,KCg-m,
720575940617333275,afferent,sensory,olfactory,pheromone,,right,AN,ORN_DA1,
720575940617410205,intrinsic,central,Kenyon_Cell,KCg,MBp2,right,,KCg-d,
720575940617410705,intrinsic,central,Kenyon_Cell,KCg,MBp3,left,,KCg-m,
720575940617436305,intrinsic,central,Kenyon_Cell,KCg,MBp3,right,,KCg-m,
720575940617438865,intrinsic,central,Kenyon_Cell,KCg,MBp2,right,,KCg-m,
720575940617466395,intrinsic,central,DAN,,CREa2_medial,left,,PAM05,
720575940617492805,intrinsic,central,Kenyon_Cell,,MBp1,right,,KCab,KCab-m
720575940617497925,intrinsic,central,Kenyon_Cell,,MBp2,left,,KCab,KCab-c
720575940617534235,intrinsic,central,Kenyon_Cell,KCg,MBp3,left,,KCg-m,
720575940617616345,afferent,sensory,olfactory,,,left,AN,ORN_DA4l,
720575940617727435,intrinsic,central,Kenyon_Cell,,MBp3,right,,KCab,KCab-c
720575940617874205,intrinsic,central,Kenyon_Cell,,MBp4,left,,KCab,KCab-m
720575940617954075,intrinsic,central,Kenyon_Cell,KCg,MBp4,left,,KCg-m,
720575940617957915,intrinsic,central,Kenyon_Cell,,MBp2,left,,KCab,KCab-s
720575940618036765,intrinsic,central,Kenyon_Cell,,MBp2,left,,KCapbp-ap2,KCab-ap2
720575940618131505,intrinsic,central,Kenyon_Cell,,MBp1,right,,KCapbp-ap1,KCab-ap1
720575940618181445,intrinsic,central,Kenyon_Cell,KCg,MBp3,left,,KCg-m,
720575940618182535,intrinsic,central,Kenyon_Cell,,MBp3,right,,KCab,KCab-s
720575940618226085,intrinsic,central,Kenyon_Cell,,MBp2,right,,KCab,KCab-s
720575940618226245,intrinsic,central,Kenyon_Cell,,MBp2,right,,KCab,KCab-s
720575940618292785,intrinsic,central,Kenyon_Cell,,MBp4,left,,KCapbp-ap1,KCab-ap1
720575940618334145,intrinsic,central,Kenyon_Cell,,MBp2,right,,KCab,KCab-s
720575940618337985,intrinsic,central,Kenyon_Cell,KCg,MBp2,right,,KCg-m,
720575940618359745,intrinsic,central,Kenyon_Cell,,MBp1,right,,KCab,KCab-c
720575940618418085,intrinsic,central,Kenyon_Cell,,MBp3,left,,KCab,KCab-m
720575940618469725,intrinsic,central,Kenyon_Cell,,MBp3,left,,KCapbp-m,KCab-m
720575940618506155,intrinsic,central,Kenyon_Cell,,MBp2,right,,KCab,KCab-c
720575940618548975,intrinsic,central,Kenyon_Cell,,MBp1,right,,KCab,KCab-m
720575940618671495,intrinsic,central,Kenyon_Cell,,MBp4,right,,KCapbp-ap1,KCab-ap1
720575940618722475,intrinsic,central,Kenyon_Cell,KCg,MBp1,left,,KCg-m,
720575940618728395,afferent,sensory,olfactory,,,right,AN,ORN_VM6v,ORN_VC5
720575940618844465,intrinsic,central,Kenyon_Cell,,MBp2,left,,KCab,KCab-c
720575940618876075,intrinsic,central,Kenyon_Cell,,MBp2,left,,KCapbp-ap2,KCab-ap2
720575940618903345,afferent,sensory,olfactory,,,right,AN,ORN_DC2,
720575940618910075,intrinsic,central,DAN,,CREa1_dorsal,right,,PAM02,
720575940618924965,intrinsic,central,Kenyon_Cell,KCg,MBp2,left,,KCg-m,
720575940618960555,afferent,sensory,olfactory,,,left,AN,ORN_VL2p,
720575940619090785,intrinsic,central,Kenyon_Cell,,MBp1,right,,KCab,KCab-m
720575940619115845,intrinsic,central,Kenyon_Cell,,MBp1,right,,KCapbp-ap1,KCab-ap1
720575940619156565,intrinsic,central,Kenyon_Cell,,MBp1,right,,KCab,KCab-c
720575940619169985,afferent,sensory,olfactory,,,right,AN,ORN_D,
720575940619210375,afferent,sensory,olfactory,,,right,AN,ORN_D,
720575940619250785,intrinsic,central,Kenyon_Cell,,MBp1,left,,KCab,KCab-m
720575940619270535,afferent,sensory,olfactory,,,right,AN,ORN_DM5,
720575940619298865,intrinsic,central,Kenyon_Cell,KCg,MBp1,left,,KCg-m,
720575940619301185,intrinsic,central,DAN,,CREa1_dorsal,right,,PAM14,
720575940619355185,intrinsic,central,Kenyon_Cell,KCg,MBp1,left,,KCg-m,
720575940619357275,intrinsic,central,Kenyon_Cell,,MBp1,left,,KCab,KCab-s
720575940619382875,intrinsic,central,Kenyon_Cell,KCg,MBp3,right,,KCg-m,
720575940619421505,intrinsic,central,Kenyon_Cell,,MBp3,left,,KCab,KCab-m
720575940619472225,intrinsic,central,Kenyon_Cell,,MBp3,left,,KCapbp-ap1,KCab-ap1
720575940619509925,intrinsic,central,Kenyon_Cell,KCg,MBp3,left,,KCg-m,
720575940619527845,intrinsic,central,Kenyon_Cell,,MBp2,left,,KCab,KCab-s
720575940619558235,afferent,sensory,olfactory,pheromone,,left,AN,ORN_DL3,
720575940619637845,intrinsic,central,Kenyon_Cell,KCg,MBp1,left,,KCg-m,
720575940619649195,afferent,sensory,olfactory,,,left,AN,ORN_VM4,
720575940619652555,intrinsic,central,Kenyon_Cell,,MBp3,right,,KCab,KCab-c
720575940619674795,afferent,sensory,olfactory,,,left,AN,ORN_VA7m,
720575940619682625,intrinsic,central,Kenyon_Cell,,MBp2,right,,KCapbp-m,KCab-m
720575940619778645,intrinsic,central,Kenyon_Cell,KCg,MBp2,right,,KCg-m,
720575940619834965,intrinsic,central,Kenyon_Cell,KCg,MBp3,right,,KCg-m,
720575940619903215,afferent,sensory,olfactory,,,right,AN,ORN_VM2,
720575940620020845,afferent,sensory,olfactory,,,left,AN,ORN_VM4,
720575940620029575,intrinsic,central,Kenyon_Cell,,MBp4,left,,KCapbp-ap1,KCab-ap1
720575940620036385,intrinsic,central,Kenyon_Cell,,MBp3,right,,KCab,KCab-s
720575940620041125,intrinsic,central,Kenyon_Cell,KCg,MBp2,right,,KCg-m,
720575940620042375,intrinsic,central,Kenyon_Cell,,MBp2,right,,KCab,KCab-s
720575940620055905,afferent,sensory,olfactory,,,left,AN,ORN_DA2,
720575940620059045,intrinsic,central,Kenyon_Cell,KCg,MBp4,right,,KCg-m,
720575940620143525,intrinsic,central,Kenyon_Cell,,MBp3,right,,KCapbp-m,KCab-m
720575940620187305,intrinsic,central,Kenyon_Cell,,MBp2,right,,KCab,KCab-c
720575940620310625,intrinsic,central,Kenyon_Cell,KCg,MBp3,right,,KCg-m,
720575940620363885,intrinsic,central,Kenyon_Cell,,MBp3,left,,KCapbp-m,KCab-m
720575940620413355,intrinsic,central,Kenyon_Cell,,MBp1,right,,KCab,KCab-s
720575940620421255,afferent,sensory,olfactory,,,left,AN,ORN_DM6,
720575940620436395,intrinsic,central,Kenyon_Cell,KCg,MBp3,left,,KCg-m,
720575940620442885,intrinsic,central,Kenyon_Cell,,MBp4,left,,KCab,KCab-s
720575940620522305,afferent,sensory,olfactory,,,right,MxLbN,ORN_VC1,
720575940620572125,intrinsic,central,Kenyon_Cell,,MBp1,right,,KCab,KCab-m
720575940620574305,afferent,sensory,olfactory,,,left,AN,ORN_DM1,
720575940620594415,intrinsic,central,Kenyon_Cell,KCg,MBp3,left,,KCg-m,
720575940620603245,intrinsic,central,Kenyon_Cell,KCg,MBp3,right,,KCg-m,
720575940620621665,afferent,sensory,olfactory,,,right,MxLbN,ORN_VC2,
720575940620623725,intrinsic,central,Kenyon_Cell,,MBp3,left,,KCapbp-ap1,KCab-ap1
720575940620654145,afferent,sensory,olfactory,,,left,AN,ORN_VA6,
720575940620687425,afferent,sensory,olfactory,pheromone,,left,AN,ORN_DA1,
720575940620734305,intrinsic,central,Kenyon_Cell,,MBp3,left,,KCab,KCab-m
720575940620741485,intrinsic,central,Kenyon_Cell,KCg,MBp4,right,,KCg-m,
720575940620759105,intrinsic,central,Kenyon_Cell,,MBp1,left,,KCab,KCab-m
720575940620805545,afferent,sensory,olfactory,,,left,AN,ORN_DM6,
720575940620812865,intrinsic,central,DAN,,CREa1_dorsal,right,,PAM14,
720575940620831265,afferent,sensory,olfactory,,,right,AN,ORN_VA2,
720575940620833985,afferent,sensory,olfactory,pheromone,,left,AN,ORN_VA1v,
720575940620936925,intrinsic,central,Kenyon_Cell,,MBp3,left,,KCapbp-ap1,KCab-ap1
720575940621029615,afferent,sensory,olfactory,pheromone,,,AN,ORN_VA1v,
720575940621083085,intrinsic,central,Kenyon_Cell,,MBp1,left,,KCab,KCab-c
720575940621097855,intrinsic,central,Kenyon_Cell,KCg,MBp3,left,,KCg-m,
720575940621110305,afferent,sensory,olfactory,,,right,AN,ORN_DL4,
720575940621226405,intrinsic,central,DAN,,putative_primary,left,,PPL201,
720575940621280545,intrinsic,central,Kenyon_Cell,KCg,MBp3,left,,KCg-m,
720575940621286405,afferent,sensory,olfactory,,,right,AN,ORN_V,
720575940621288225,intrinsic,central,Kenyon_Cell,,MBp1,right,,KCapbp-m,KCab-m
720575940621304325,afferent,sensory,olfactory,,,right,AN,ORN_DM5,
720575940621368685,afferent,sensory,olfactory,pheromone,,left,AN,ORN_DA1,
720575940621415885,intrinsic,central,Kenyon_Cell,,MBp2,right,,KCab,KCab-c
720575940621434145,intrinsic,central,DAN,,CREa2_medial,left,,PAM04,
720575940621460645,intrinsic,central,Kenyon_Cell,,MBp2,right,,KCapbp-ap1,KCab-ap1
720575940621475085,intrinsic,central,Kenyon_Cell,,MBp3,right,,KCab,KCab-s
720575940621479295,afferent,sensory,olfactory,,,right,AN,ORN_V,
720575940621482665,afferent,sensory,olfactory,,,right,AN,ORN_DP1m,
720575940621507475,intrinsic,central,Kenyon_Cell,,MBp4,right,,KCab,KCab-s
720575940621513165,intrinsic,central,Kenyon_Cell,,MBp3,left,,KCab,KCab-c
720575940621529215,intrinsic,central,Kenyon_Cell,KCg,MBp4,right,,KCg-m,
720575940621553535,intrinsic,central,Kenyon_Cell,KCg,MBp1,right,,KCg-m,
720575940621554815,intrinsic,central,Kenyon_Cell,,MBp3,right,,KCapbp-ap1,KCab-ap1
720575940621606755,intrinsic,central,Kenyon_Cell,,MBp3,right,,KCab-p,
720575940621730175,intrinsic,central,Kenyon_Cell,KCg,MBp4,left,,KCg-m,
720575940621763475,intrinsic,central,Kenyon_Cell,,MBp1,left,,KCapbp-ap2,KCab-ap2
720575940621764385,intrinsic,central,Kenyon_Cell,KCg,MBp1,left,,KCg-m,
720575940621786295,intrinsic,central,Kenyon_Cell,,MBp2,right,,KCab,KCab-s
720575940621862405,intrinsic,central,Kenyon_Cell,,MBp4,left,,KCab,KCab-s
720575940621862605,afferent,sensory,olfactory,,,left,AN,ORN_DC1,
720575940621864965,intrinsic,central,Kenyon_Cell,KCg,MBp1,right,,KCg-m,
720575940621872645,intrinsic,central,Kenyon_Cell,KCg,MBp3,right,,KCg-m,
720575940621906345,intrinsic,central,Kenyon_Cell,KCg,MBp4,right,,KCg-m,
720575940621924615,intrinsic,central,Kenyon_Cell,,MBp1,right,,KCab,KCab-c
720575940621945855,intrinsic,central,DAN,,CREa1_dorsal,left,,PAM13,
720575940621952425,intrinsic,central,Kenyon_Cell,KCg,MBp3,left,,KCg-m,
720575940621987255,intrinsic,central,Kenyon_Cell,KCg,MBp1,right,,KCg-m,
720575940622005025,intrinsic,central,Kenyon_Cell,,MBp4,right,,KCab,KCab-m
720575940622045865,intrinsic,central,Kenyon_Cell,,MBp2,left,,KCab,KCab-c
720575940622103275,intrinsic,central,Kenyon_Cell,,MBp1,right,,KCab,KCab-m
720575940622134285,afferent,sensory,olfactory,,,right,AN,ORN_VM4,
720575940622162505,intrinsic,central,Kenyon_Cell,KCg,MBp4,right,,KCg-m,
720575940622211845,afferent,sensory,olfactory,,,right,AN,ORN_VM6v,ORN_VC5
720575940622233235,intrinsic,central,Kenyon_Cell,,MBp1,left,,KCab,KCab-m
720575940622269365,intrinsic,central,Kenyon_Cell,,MBp3,left,,KCab,KCab-c
720575940622276365,intrinsic,central,Kenyon_Cell,,MBp3,right,,KCab,KCab-m
720575940622279095,intrinsic,central,Kenyon_Cell,,MBp1,left,,KCab,KCab-m
720575940622474165,intrinsic,central,Kenyon_Cell,,MBp3,left,,KCab,KCab-m
720575940622494215,afferent,sensory,olfactory,,,right,AN,ORN_VA6,
720575940622516715,intrinsic,central,Kenyon_Cell,,MBp3,left,,KCab,KCab-s
720575940622526355,afferent,sensory,olfactory,,,right,AN,ORN_VC3,ORN_VC3l
720575940622606315,intrinsic,central,Kenyon_Cell,,MBp1,left,,KCapbp-m,KCab-m
720575940622670835,intrinsic,central,Kenyon_Cell,,MBp2,right,,KCapbp-ap1,KCab-ap1
720575940622698825,intrinsic,central,Kenyon_Cell,,MBp3,right,,KCapbp-m,KCab-m
720575940622705335,afferent,sensory,olfactory,,,left,AN,ORN_VM5v,
720575940622722485,intrinsic,central,Kenyon_Cell,,MBp2,left,,KCapbp-m,KCab-m
720575940622735615,intrinsic,central,Kenyon_Cell,,MBp1,left,,KCapbp-m,KCab-m
720575940622821325,intrinsic,central,Kenyon_Cell,,MBp1,right,,KCab,KCab-m
720575940622836455,intrinsic,central,Kenyon_Cell,,MBp3,right,,KCab-p,
720575940622879245,intrinsic,central,Kenyon_Cell,,MBp1,left,,KCapbp-ap2,KCab-ap2
720575940622881805,intrinsic,central,Kenyon_Cell,,MBp4,left,,KCab,KCab-m
720575940622886925,intrinsic,central,Kenyon_Cell,KCg,MBp1,right,,KCg-m,
720575940622888205,intrinsic,central,Kenyon_Cell,,MBp3,right,,KCab,KCab-c
720575940622916075,afferent,sensory,olfactory,,,left,AN,ORN_VM3,
720575940622950605,intrinsic,central,DAN,,CREa2_medial,right,,PAM02,
720575940622972365,intrinsic,central,Kenyon_Cell,KCg,MBp1,right,,KCg-m,
720575940622979475,intrinsic,central,Kenyon_Cell,,MBp3,right,,KCapbp-ap2,KCab-ap2
720575940623004685,intrinsic,central,Kenyon_Cell,,MBp1,left,,KCab,KCab-m
720575940623013355,afferent,sensory,olfactory,,,left,AN,ORN_DL1,
720575940623030015,intrinsic,central,Kenyon_Cell,,MBp3,right,,KCapbp-ap2,KCab-ap2
720575940623036415,intrinsic,central,Kenyon_Cell,,MBp1,left,,KCapbp-ap2,KCab-ap2
720575940623071485,afferent,sensory,olfactory,,,right,AN,ORN_DL4,
720575940623082665,intrinsic,central,DAN,,putative_primary,right,,PPL105,
720575940623085495,afferent,sensory,olfactory,,,left,AN,ORN_DM2,
720575940623116585,intrinsic,central,Kenyon_Cell,KCg,MBp3,left,,KCg-m,
720575940623122685,afferent,sensory,olfactory,pheromone,,left,AN,ORN_DA1,
720575940623170055,intrinsic,central,Kenyon_Cell,,MBp4,left,,KCab,KCab-s
720575940623192675,afferent,sensory,olfactory,pheromone,,left,AN,ORN_VA1v,
720575940623205705,afferent,sensory,olfactory,,,left,AN,ORN_DL5,
720575940623274935,afferent,sensory,olfactory,,,left,AN,ORN_DP1m,
720575940623314765,intrinsic,central,Kenyon_Cell,KCg,MBp2,right,,KCg-d,
720575940623331475,intrinsic,central,Kenyon_Cell,,MBp3,left,,KCab,KCab-m
720575940623339495,afferent,sensory,olfactory,,,right,AN,ORN_DL1,
720575940623358645,intrinsic,central,Kenyon_Cell,KCg,MBp1,right,,KCg-m,
720575940623365045,intrinsic,central,Kenyon_Cell,KCg,MBp1,left,,KCg-d,
720575940623377555,intrinsic,central,Kenyon_Cell,,MBp1,right,,KCapbp-ap2,KCab-ap2
720575940623400445,intrinsic,central,Kenyon_Cell,KCg,MBp1,right,,KCg-m,
720575940623430365,intrinsic,central,Kenyon_Cell,KCg,MBp1,left,,KCg-d,
720575940623438665,intrinsic,central,Kenyon_Cell,KCg,MBp4,right,,KCg-m,
720575940623456915,intrinsic,central,DAN,,CREa1_dorsal,left,,PAM05,
720575940623482355,afferent,sensory,olfactory,,,left,AN,ORN_VA2,
720575940623503945,afferent,sensory,olfactory,,,right,AN,ORN_DC4,
720575940623533645,intrinsic,central,Kenyon_Cell,,MBp4,left,,KCab,KCab-c
720575940623536205,intrinsic,central,Kenyon_Cell,,MBp1,left,,KCab,KCab-m
720575940623567945,afferent,sensory,olfactory,,,right,MxLbN,ORN_VM7d,
720575940623603495,afferent,sensory,olfactory,,,left,AN,ORN_VL2a,
720575940623655605,afferent,sensory,olfactory,,,left,AN,ORN_VL1,
720575940623679495,intrinsic,central,Kenyon_Cell,KCg,MBp4,right,,KCg-m,
720575940623708135,afferent,sensory,olfactory,,,left,AN,ORN_VC3,ORN_VC3l
720575940623750325,intrinsic,central,MBON,,SMPad3,left,,MBON25,MBON34
720575940623756215,intrinsic,central,Kenyon_Cell,,MBp1,right,,KCapbp-m,KCab-m
720575940623781965,intrinsic,central,Kenyon_Cell,,MBp4,left,,KCab,KCab-s
720575940623787445,afferent,sensory,olfactory,,,,AN,ORN_DL1,
720575940623792055,intrinsic,central,DAN,,CREa1_dorsal,left,,PAM10,
720575940623799335,afferent,sensory,olfactory,,,left,AN,ORN_DC1,
720575940623820725,afferent,sensory,olfactory,,,right,AN,ORN_VL1,
720575940623851015,afferent,sensory,olfactory,pheromone,,left,AN,ORN_VA1v,
720575940623977545,intrinsic,central,Kenyon_Cell,KCg,MBp1,right,,KCg-d,
720575940623981385,intrinsic,central,Kenyon_Cell,KCg,MBp3,right,,KCg-m,
720575940624024555,intrinsic,central,Kenyon_Cell,,MBp4,left,,KCab,KCab-m
720575940624041545,intrinsic,central,Kenyon_Cell,,MBp4,left,,KCab,KCab-s
720575940624045155,afferent,sensory,olfactory,,,right,AN,ORN_DM1,
720575940624054675,intrinsic,central,Kenyon_Cell,,MBp4,right,,KCab,KCab-s
720575940624107755,intrinsic,central,Kenyon_Cell,,MBp1,right,,KCab-p,
720575940624117245,intrinsic,central,MBON,,putative_primary,right,,MBON01,
720575940624157675,intrinsic,central,Kenyon_Cell,KCg,MBp3,right,,KCg-m,
720575940624185095,intrinsic,central,MBON,,putative_primary,left,,MBON02,
720575940624290855,intrinsic,central,Kenyon_Cell,,MBp1,left,,KCab,KCab-m
720575940624366835,afferent,sensory,olfactory,,,right,AN,ORN_DM6,
720575940624514535,intrinsic,central,Kenyon_Cell,KCg,MBp3,left,,KCg-m,
720575940624563075,intrinsic,central,Kenyon_Cell,,MBp4,right,,KCapbp-ap1,KCab-ap1
720575940624584835,intrinsic,central,Kenyon_Cell,,MBp2,right,,KCab,KCab-s
720575940624596355,intrinsic,central,Kenyon_Cell,,MBp4,right,,KCab,KCab-s
720575940624658215,intrinsic,central,DAN,,CREa1_dorsal,left,,PAM06,
720575940624695335,intrinsic,central,Kenyon_Cell,,MBp1,left,,KCapbp-m,KCab-m
720575940624709925,intrinsic,central,Kenyon_Cell,KCg,MBp4,left,,KCg-m,
720575940624711655,intrinsic,central,Kenyon_Cell,KCg,MBp1,right,,KCg-m,
720575940624859725,intrinsic,central,DAN,,CREa2_medial,right,,PAM04,
720575940625024125,intrinsic,central,Kenyon_Cell,,MBp4,right,,KCab,KCab-m
720575940625162515,afferent,sensory,olfactory,,,left,AN,ORN_V,
720575940625175845,intrinsic,central,Kenyon_Cell,KCg,MBp3,left,,KCg-m,
720575940625271845,afferent,sensory,olfactory,pheromone,,right,AN,ORN_VA1d,
720575940625323795,intrinsic,central,Kenyon_Cell,KCg,MBp1,right,,KCg-m,
720575940625328915,intrinsic,central,Kenyon_Cell,,MBp1,right,,KCab-p,
720575940625383155,afferent,sensory,olfactory,,,left,AN,ORN_VM5d,
720575940625502595,afferent,sensory,olfactory,,,left,AN,ORN_VA3,
720575940625525265,intrinsic,central,DAN,,CREa2_medial,left,,PAM01,aSP13
720575940625667365,intrinsic,central,Kenyon_Cell,,MBp4,right,,KCapbp-m,KCab-m
720575940625712985,afferent,sensory,olfactory,,,left,AN,ORN_VM3,
720575940625732745,intrinsic,central,Kenyon_Cell,,MBp4,left,,KCab,KCab-c
720575940625741455,intrinsic,central,Kenyon_Cell,KCg,MBp4,right,,KCg-m,
720575940625742725,afferent,sensory,olfactory,,,left,AN,ORN_VL1,
720575940625773605,intrinsic,central,Kenyon_Cell,,MBp4,left,,KCab,KCab-s
720575940625843075,intrinsic,central,Kenyon_Cell,KCg,MBp3,right,,KCg-m,
720575940625889625,afferent,sensory,olfactory,,,right,AN,ORN_VC5,ORN_VC3m
720575940625999235,afferent,sensory,olfactory,,,right,AN,ORN_DM5,
720575940626109315,intrinsic,central,MBON,,DL1_dorsal,right,,MBON19,
720575940626111175,intrinsic,central,Kenyon_Cell,KCg,MBp3,right,,KCg-d,
720575940626122535,afferent,sensory,olfactory,pheromone,,right,AN,ORN_DA1,
720575940626212625,intrinsic,central,Kenyon_Cell,,MBp3,right,,KCab,KCab-s
720575940626343665,intrinsic,central,Kenyon_Cell,,MBp4,right,,KCab,KCab-s
720575940626353905,intrinsic,central,Kenyon_Cell,,MBp2,right,,KCab,KCab-s
720575940626397565,intrinsic,central,Kenyon_Cell,KCg,MBp1,right,,KCg-m,
720575940626420045,intrinsic,central,DAN,,CREa2_medial,left,,PAM04,
720575940626496275,intrinsic,central,Kenyon_Cell,,MBp2,right,,KCab,KCab-s
720575940626562665,intrinsic,central,Kenyon_Cell,KCg,MBp3,right,,KCg-m,
720575940626581525,afferent,sensory,olfactory,,,right,AN,ORN_VM5v,
720575940626594435,afferent,sensory,olfactory,pheromone,,right,AN,ORN_VA1d,
720575940626614405,afferent,sensory,olfactory,,,right,AN,ORN_DP1m,
720575940626668165,intrinsic,central,Kenyon_Cell,KCg,MBp4,left,,KCg-m,
720575940626679385,intrinsic,central,Kenyon_Cell,,MBp3,left,,KCab,KCab-m
720575940626692485,afferent,sensory,olfactory,pheromone,,right,AN,ORN_DA1,
720575940626729515,intrinsic,central,Kenyon_Cell,KCg,MBp3,right,,KCg-m,
720575940626737685,afferent,sensory,olfactory,,,left,AN,ORN_DM4,
720575940626782845,intrinsic,central,Kenyon_Cell,KCg,MBp3,left,,KCg-m,
720575940626820395,intrinsic,central,Kenyon_Cell,KCg,MBp3,right,,KCg-m,
720575940626826005,afferent,sensory,olfactory,,,right,AN,ORN_VM4,
720575940626941205,intrinsic,central,Kenyon_Cell,KCg,MBp2,left,,KCg-m,
720575940626942995,afferent,sensory,olfactory,,,left,AN,ORN_DA4l,
720575940626948485,intrinsic,central,Kenyon_Cell,KCg,MBp1,right,,KCg-m,
720575940627054725,intrinsic,central,Kenyon_Cell,KCg,MBp3,left,,KCg-m,
720575940627157135,afferent,sensory,olfactory,,,right,AN,ORN_DM3,
720575940627198085,intrinsic,central,Kenyon_Cell,KCg,MBp3,left,,KCg-m,
720575940627253865,afferent,sensory,olfactory,,,left,AN,ORN_DM1,
720575940627278235,intrinsic,central,Kenyon_Cell,KCg,MBp2,left,,KCg-m,
720575940627307855,intrinsic,central,Kenyon_Cell,,MBp3,right,,KCab,KCab-s
720575940627332885,afferent,sensory,olfactory,pheromone,,right,AN,ORN_DA1,
720575940627450385,intrinsic,central,Kenyon_Cell,KCg,MBp1,right,,KCg-m,
720575940627453895,afferent,sensory,olfactory,,,right,AN,ORN_DL4,
720575940627526735,afferent,sensory,olfactory,,,left,AN,ORN_DM1,
720575940627542415,intrinsic,central,DAN,,CREa1_dorsal,left,,PAM04,
720575940627543695,intrinsic,central,Kenyon_Cell,KCg,MBp2,right,,KCg-m,
720575940627549205,intrinsic,central,DAN,,putative_primary,left,,PPL104,
720575940627606375,afferent,sensory,olfactory,,,right,AN,ORN_DP1l,
720575940627612675,intrinsic,central,Kenyon_Cell,,MBp3,left,,KCab,KCab-m
720575940627626695,intrinsic,central,Kenyon_Cell,,MBp3,left,,KCab,KCab-s
720575940627629315,afferent,sensory,olfactory,,,left,AN,ORN_VM2,
720575940627667355,intrinsic,central,Kenyon_Cell,,MBp4,left,,KCab,KCab-s
720575940627675535,afferent,sensory,olfactory,pheromone,,right,AN,ORN_DC3,
720575940627717575,intrinsic,central,Kenyon_Cell,KCg,MBp2,left,,KCg-m,
720575940627777265,afferent,sensory,olfactory,pheromone,,left,AN,ORN_DA1,
720575940627811995,afferent,sensory,olfactory,,,left,AN,ORN_VM5d,
720575940627820035,afferent,sensory,olfactory,pheromone,,left,AN,ORN_DL3,
720575940627924935,intrinsic,central,Kenyon_Cell,,MBp2,right,,KCapbp-m,KCab-m
720575940627954375,intrinsic,central,DAN,,CREa1_dorsal,left,,PAM06,
720575940627964715,afferent,sensory,olfactory,,,right,AN,ORN_VM4,
720575940627996315,afferent,sensory,olfactory,,,left,AN,ORN_DM1,
720575940628056375,intrinsic,central,Kenyon_Cell,,MBp1,right,,KCab,KCab-c
720575940628115185,intrinsic,central,Kenyon_Cell,,MBp3,left,,KCab,KCab-c
720575940628119555,intrinsic,central,Kenyon_Cell,,MBp4,left,,KCab,KCab-s
720575940628120655,intrinsic,central,Kenyon_Cell,KCg,MBp2,right,,KCg-m,
720575940628134915,intrinsic,central,Kenyon_Cell,KCg,MBp2,left,,KCg-m,
720575940628155395,intrinsic,central,Kenyon_Cell,KCg,MBp1,left,,KCg-m,
720575940628210255,afferent,sensory,olfactory,,,right,MxLbN,ORN_VA4,
720575940628218155,intrinsic,central,Kenyon_Cell,,MBp2,left,,KCapbp-ap2,KCab-ap2
720575940628270235,intrinsic,central,Kenyon_Cell,KCg,MBp4,left,,KCg-m,
720575940628290895,afferent,sensory,olfactory,,,left,AN,ORN_VC5,ORN_VC3m
720575940628306075,intrinsic,central,Kenyon_Cell,KCg,MBp2,right,,KCg-m,
720575940628308215,intrinsic,central,Kenyon_Cell,,MBp1,left,,KCapbp-ap1,KCab-ap1
720575940628331625,intrinsic,central,Kenyon_Cell,,MBp3,right,,KCapbp-m,KCab-m
720575940628359895,intrinsic,central,Kenyon_Cell,,MBp3,right,,KCab,KCab-m
720575940628372635,afferent,sensory,olfactory,pheromone,,left,AN,ORN_DC3,
720575940628375255,intrinsic,central,Kenyon_Cell,KCg,MBp2,right,,KCg-m,
720575940628398295,intrinsic,central,Kenyon_Cell,KCg,MBp1,right,,KCg-m,
720575940628407375,afferent,sensory,olfactory,,,left,AN,ORN_DL5,
720575940628408055,intrinsic,central,Kenyon_Cell,KCg,MBp4,right,,KCg-m,
720575940628517675,afferent,sensory,olfactory,,,left,AN,ORN_DA4l,
720575940628526735,intrinsic,central,DAN,,CREa2_medial,left,,PAM04,
720575940628536055,intrinsic,central,Kenyon_Cell,,MBp3,left,,KCapbp-ap2,KCab-ap2
720575940628569815,intrinsic,central,Kenyon_Cell,KCg,MBp2,left,,KCg-m,
720575940628574715,intrinsic,central,Kenyon_Cell,,MBp2,right,,KCab,KCab-c
720575940628582915,intrinsic,central,Kenyon_Cell,,MBp3,left,,KCapbp-ap1,KCab-ap1
720575940628590595,intrinsic,central,Kenyon_Cell,,MBp3,right,,KCapbp-ap2,KCab-ap2
720575940628599555,intrinsic,central,Kenyon_Cell,KCg,MBp1,left,,KCg-m,
720575940628599595,afferent,sensory,olfactory,,,right,AN,ORN_DM4,
720575940628644855,intrinsic,central,Kenyon_Cell,,MBp4,left,,KCapbp-ap1,KCab-ap1
720575940628651575,intrinsic,central,Kenyon_Cell,KCg,MBp2,left,,KCg-m,
720575940628725455,intrinsic,central,Kenyon_Cell,KCg,MBp3,right,,KCg-m,
720575940628735275,intrinsic,central,Kenyon_Cell,KCg,MBp2,right,,KCg-m,
720575940628773675,intrinsic,central,Kenyon_Cell,KCg,MBp2,left,,KCg-m,
720575940628836345,intrinsic,central,Kenyon_Cell,KCg,MBp4,right,,KCg-d,
720575940628888375,afferent,sensory,olfactory,,,right,AN,ORN_VM5d,
720575940628996455,intrinsic,central,DAN,,CREa2_medial,right,,PAM09,
720575940629020675,afferent,sensory,olfactory,pheromone,,left,AN,ORN_DL3,
720575940629022875,intrinsic,central,Kenyon_Cell,,MBp1,right,,KCab,KCab-c
720575940629049335,afferent,sensory,olfactory,pheromone,,left,AN,ORN_DC3,
720575940629141095,intrinsic,central,Kenyon_Cell,KCg,MBp4,left,,KCg-m,
720575940629190615,intrinsic,central,DAN,,CREa1_dorsal,left,,PAM08,
720575940629233145,intrinsic,central,Kenyon_Cell,,MBp2,right,,KCapbp-ap1,KCab-ap1
720575940629263975,intrinsic,central,Kenyon_Cell,KCg,MBp3,left,,KCg-m,
720575940629274935,afferent,sensory,olfactory,pheromone,,right,AN,ORN_DL3,
720575940629298885,intrinsic,central,Kenyon_Cell,,MBp2,left,,KCab,KCab-m
720575940629335115,intrinsic,central,Kenyon_Cell,,MBp1,right,,KCab,KCab-m
720575940629346715,afferent,sensory,olfactory,,,left,AN,ORN_DA4l,
720575940629379415,intrinsic,central,DAN,,CREa2_medial,left,,PAM08,
720575940629424195,afferent,sensory,olfactory,,,left,AN,ORN_V,
720575940629438825,intrinsic,central,Kenyon_Cell,KCg,MBp2,left,,KCg-d,
720575940629481935,intrinsic,central,Kenyon_Cell,,MBp4,left,,KCapbp-m,KCab-m
720575940629483095,intrinsic,central,Kenyon_Cell,,MBp3,left,,KCapbp-ap1,KCab-ap1
720575940629621975,intrinsic,central,Kenyon_Cell,,MBp2,left,,KCab,KCab-s
720575940629644375,afferent,sensory,olfactory,,,left,AN,ORN_V,
720575940629671235,intrinsic,central,Kenyon_Cell,KCg,MBp1,right,,KCg-m,
720575940629675595,intrinsic,central,Kenyon_Cell,,MBp1,left,,KCab,KCab-m
720575940629677655,afferent,sensory,olfactory,,,right,AN,ORN_VA2,
720575940629696215,intrinsic,central,Kenyon_Cell,KCg,MBp2,left,,KCg-d,
720575940629853015,afferent,sensory,olfactory,pheromone,,right,AN,ORN_DL3,
720575940629856515,intrinsic,central,MBON,,putative_primary,left,,MBON09,
720575940629909815,intrinsic,central,Kenyon_Cell,KCg,MBp1,left,,KCg-m,
720575940629960955,intrinsic,central,Kenyon_Cell,KCg,MBp1,left,,KCg-m,
720575940630044985,intrinsic,central,Kenyon_Cell,KCg,MBp1,left,,KCg-m,
720575940630063415,intrinsic,central,Kenyon_Cell,KCg,MBp2,right,,KCg-d,
720575940630067255,intrinsic,central,Kenyon_Cell,,MBp2,right,,KCapbp-ap1,KCab-ap1
720575940630146135,intrinsic,central,Kenyon_Cell,KCg,MBp4,right,,KCg-m,
720575940630180935,intrinsic,central,Kenyon_Cell,,MBp1,right,,KCapbp-m,KCab-m
720575940630219055,intrinsic,central,Kenyon_Cell,KCg,MBp3,right,,KCg-m,
720575940630222895,intrinsic,central,Kenyon_Cell,,MBp4,right,,KCab,KCab-s
720575940630312785,intrinsic,central,Kenyon_Cell,KCg,MBp4,right,,KCg-m,
720575940630339525,afferent,sensory,olfactory,pheromone,,right,AN,ORN_DA1,
720575940630368965,afferent,sensory,olfactory,pheromone,,left,AN,ORN_DA1,
720575940630372935,intrinsic,central,Kenyon_Cell,,MBp4,left,,KCapbp-ap2,KCab-ap2
720575940630399995,intrinsic,central,Kenyon_Cell,,MBp1,right,,KCapbp-ap2,KCab-ap2
720575940630403855,intrinsic,central,Kenyon_Cell,,MBp3,left,,KCab,KCab-c
720575940630411535,intrinsic,central,Kenyon_Cell,,MBp3,right,,KCapbp-ap1,KCab-ap1
720575940630420985,intrinsic,central,Kenyon_Cell,KCg,MBp3,right,,KCg-m,
720575940630430495,intrinsic,central,Kenyon_Cell,,MBp2,right,,KCapbp-ap2,KCab-ap2
720575940630442745,afferent,sensory,olfactory,pheromone,,left,AN,ORN_DA1,
720575940630452495,intrinsic,central,Kenyon_Cell,KCg,MBp2,left,,KCg-m,
720575940630461265,intrinsic,central,Kenyon_Cell,KCg,MBp1,left,,KCg-m,
720575940630471695,intrinsic,central,Kenyon_Cell,KCg,MBp1,right,,KCg-m,
720575940630477305,intrinsic,central,Kenyon_Cell,KCg,MBp4,right,,KCg-m,
720575940630496975,afferent,sensory,olfactory,,,left,AN,ORN_DM1,
720575940630511055,afferent,sensory,olfactory,,,left,AN,ORN_DL5,
720575940630519035,intrinsic,central,Kenyon_Cell,KCg,MBp3,left,,KCg-m,
720575940630521145,intrinsic,central,Kenyon_Cell,,MBp4,left,,KCapbp-ap2,KCab-ap2
720575940630559225,intrinsic,central,Kenyon_Cell,KCg,MBp4,left,,KCg-m,
720575940630560505,intrinsic,central,Kenyon_Cell,KCg,MBp2,right,,KCg-m,
720575940630569815,afferent,sensory,olfactory,,,left,AN,ORN_DM3,
720575940630598395,intrinsic,central,Kenyon_Cell,KCg,MBp4,right,,KCg-m,
720575940630613575,intrinsic,central,Kenyon_Cell,,MBp1,left,,KCapbp-ap2,KCab-ap2
720575940630613835,intrinsic,central,Kenyon_Cell,,MBp4,right,,KCab,KCab-c
720575940630679895,intrinsic,central,Kenyon_Cell,KCg,MBp2,right,,KCg-m,
720575940630696645,afferent,sensory,olfactory,,,right,AN,ORN_V,
720575940630705745,intrinsic,central,Kenyon_Cell,,MBp4,left,,KCab-p,
720575940630716995,afferent,sensory,olfactory,,,left,AN,ORN_VM4,
720575940630726085,intrinsic,central,Kenyon_Cell,KCg,MBp2,left,,KCg-m,
720575940630726095,afferent,sensory,olfactory,,,right,AN,ORN_VA6,
720575940630751535,intrinsic,central,Kenyon_Cell,KCg,MBp1,right,,KCg-m,
720575940630759485,afferent,sensory,olfactory,,,left,AN,ORN_VL1,
720575940630780755,intrinsic,central,Kenyon_Cell,,MBp1,right,,KCab,KCab-c
720575940630828485,intrinsic,central,DAN,,CREa1_dorsal,left,,PAM02,
720575940630835195,afferent,sensory,olfactory,,,left,AN,ORN_DM6,
720575940630868525,intrinsic,central,Kenyon_Cell,,MBp2,right,,KCapbp-ap2,KCab-ap2
720575940630906655,intrinsic,central,Kenyon_Cell,KCg,MBp2,right,,KCg-m,
720575940630936915,intrinsic,central,Kenyon_Cell,,MBp1,left,,KCab,KCab-s
720575940630947375,afferent,sensory,olfactory,,,right,AN,ORN_DM5,
720575940630947395,intrinsic,central,Kenyon_Cell,,MBp3,right,,KCab,KCab-s
720575940630969555,intrinsic,central,Kenyon_Cell,,MBp4,right,,KCab,KCab-m
720575940631034955,intrinsic,central,Kenyon_Cell,KCg,MBp4,left,,KCg-m,
720575940631067715,afferent,sensory,olfactory,,,right,AN,ORN_DL1,
720575940631089935,intrinsic,central,Kenyon_Cell,KCg,MBp1,right,,KCg-m,
720575940631100175,intrinsic,central,Kenyon_Cell,KCg,MBp2,left,,KCg-m,
720575940631166535,afferent,sensory,olfactory,,,right,AN,ORN_DM3,
720575940631177035,intrinsic,central,Kenyon_Cell,,MBp2,right,,KCab,KCab-c
720575940631262125,intrinsic,central,Kenyon_Cell,,MBp4,left,,KCab,KCab-m
720575940631272515,intrinsic,central,Kenyon_Cell,,MBp2,left,,KCab,KCab-m
720575940631313455,afferent,sensory,olfactory,,,right,AN,ORN_DC2,
720575940631321675,afferent,sensory,olfactory,pheromone,,right,AN,ORN_DL3,
720575940631403335,intrinsic,central,Kenyon_Cell,KCg,MBp1,left,,KCg-m,
720575940631413585,afferent,sensory,olfactory,,,left,AN,ORN_VL2a,
720575940631425235,intrinsic,central,Kenyon_Cell,,MBp3,right,,KCab,KCab-m
720575940631429165,afferent,sensory,olfactory,,,left,AN,ORN_DM3,
720575940631435345,intrinsic,central,Kenyon_Cell,KCg,MBp4,left,,KCg-m,
720575940631458335,afferent,sensory,olfactory,,,right,AN,ORN_VL1,
720575940631468335,afferent,sensory,olfactory,pheromone,,right,AN,ORN_DA1,
720575940631471185,intrinsic,central,Kenyon_Cell,KCg,MBp1,left,,KCg-m,
720575940631510865,afferent,sensory,olfactory,,,right,AN,ORN_DP1l,
720575940631531055,intrinsic,central,Kenyon_Cell,KCg,MBp1,right,,KCg-m,
720575940631575855,intrinsic,central,Kenyon_Cell,KCg,MBp2,left,,KCg-m,
720575940631636035,intrinsic,central,DAN,,CREa1_dorsal,left,,PAM04,
720575940631737005,afferent,sensory,olfactory,,,left,AN,ORN_VM5d,
720575940631769145,intrinsic,central,Kenyon_Cell,KCg,MBp4,left,,KCg-m,
720575940631885485,afferent,sensory,olfactory,,,right,AN,ORN_VL2p,
720575940631930415,afferent,sensory,olfactory,,,left,AN,ORN_VA5,
720575940631967575,intrinsic,central,Kenyon_Cell,,MBp1,right,,KCab,KCab-s
720575940632033875,afferent,sensory,olfactory,pheromone,,left,AN,ORN_VA1d,
720575940632086865,intrinsic,central,Kenyon_Cell,,MBp3,left,,KCapbp-ap2,KCab-ap2
720575940632098375,intrinsic,central,Kenyon_Cell,,MBp2,right,,KCapbp-ap2,KCab-ap2
720575940632107335,intrinsic,central,DAN,,putative_primary,right,,PPL104,
720575940632108205,afferent,sensory,olfactory,,,right,AN,ORN_VA3,
720575940632123695,intrinsic,central,Kenyon_Cell,KCg,MBp3,left,,KCg-m,
720575940632190765,afferent,sensory,olfactory,,,left,AN,ORN_DA2,
720575940632193055,afferent,sensory,olfactory,,,left,AN,ORN_DL1,
720575940632197935,intrinsic,central,Kenyon_Cell,KCg,MBp1,right,,KCg-m,
720575940632210145,intrinsic,central,Kenyon_Cell,,MBp3,right,,KCapbp-ap2,KCab-ap2
720575940632333395,afferent,sensory,olfactory,,,right,MxLbN,ORN_VA7l,
720575940632336685,intrinsic,central,Kenyon_Cell,KCg,MBp4,left,,KCg-m,
720575940632338145,intrinsic,central,Kenyon_Cell,,MBp2,left,,KCapbp-m,KCab-m
720575940632362015,intrinsic,central,Kenyon_Cell,,MBp4,left,,KCab,KCab-m
720575940632377375,intrinsic,central,Kenyon_Cell,KCg,MBp4,right,,KCg-m,
720575940632407635,intrinsic,central,Kenyon_Cell,KCg,MBp3,left,,KCg-m,
720575940632458195,afferent,sensory,olfactory,,,right,MxLbN,ORN_VA7l,
720575940632465945,intrinsic,central,Kenyon_Cell,,MBp1,right,,KCapbp-m,KCab-m
720575940632532255,intrinsic,central,Kenyon_Cell,KCg,MBp4,right,,KCg-m,
720575940632558675,intrinsic,central,Kenyon_Cell,,MBp2,right,,KCapbp-ap2,KCab-ap2
720575940632635475,intrinsic,central,Kenyon_Cell,,MBp2,left,,KCapbp-ap1,KCab-ap1
720575940632677145,afferent,sensory,olfactory,,,left,AN,ORN_VM5d,
720575940632731105,afferent,sensory,olfactory,,,right,AN,ORN_VM2,
720575940632736045,intrinsic,central,Kenyon_Cell,KCg,MBp4,right,,KCg-m,
720575940632839085,intrinsic,central,Kenyon_Cell,KCg,MBp3,right,,KCg-d,
720575940632848045,intrinsic,central,Kenyon_Cell,,MBp2,right,,KCab,KCab-s
720575940632872365,intrinsic,central,DAN,,CREa2_medial,left,,PAM06,
720575940632873645,intrinsic,central,Kenyon_Cell,,MBp3,left,,KCab,KCab-m
720575940632919265,intrinsic,central,Kenyon_Cell,KCg,MBp2,right,,KCg-m,
720575940632920545,afferent,sensory,olfactory,,,right,AN,ORN_VM1,
720575940632927405,intrinsic,central,Kenyon_Cell,KCg,MBp1,right,,KCg-m,
720575940632963245,intrinsic,central,Kenyon_Cell,KCg,MBp3,right,,KCg-m,
720575940632966445,afferent,sensory,olfactory,,,right,AN,ORN_DL4,
720575940632985495,intrinsic,central,Kenyon_Cell,,MBp3,left,,KCab-p,
720575940632988385,intrinsic,central,Kenyon_Cell,KCg,MBp3,left,,KCg-m,
720575940633023935,intrinsic,central,Kenyon_Cell,KCg,MBp4,left,,KCg-d,
720575940633031085,afferent,sensory,olfactory,,,right,AN,ORN_DA2,
720575940633043295,intrinsic,central,Kenyon_Cell,,MBp1,right,,KCab,KCab-c
720575940633074015,intrinsic,central,Kenyon_Cell,,MBp3,right,,KCab,KCab-m
720575940633146475,intrinsic,central,Kenyon_Cell,,MBp2,right,,KCapbp-ap1,KCab-ap1
720575940633203225,afferent,sensory,olfactory,,,left,AN,ORN_DM2,
720575940633210475,intrinsic,central,Kenyon_Cell,KCg,MBp2,right,,KCg-m,
720575940633219775,intrinsic,central,Kenyon_Cell,,MBp2,left,,KCab,KCab-m
720575940633224555,intrinsic,central,Kenyon_Cell,,MBp1,right,,KCapbp-ap1,KCab-ap1
720575940633243755,intrinsic,central,Kenyon_Cell,,MBp2,right,,KCab,KCab-c
720575940633247935,intrinsic,central,Kenyon_Cell,,MBp1,left,,KCab,KCab-s
720575940633323415,intrinsic,central,Kenyon_Cell,,MBp2,left,,KCapbp-ap2,KCab-ap2
720575940633369425,intrinsic,central,Kenyon_Cell,,MBp2,left,,KCab,KCab-s
720575940633406745,intrinsic,central,DAN,,CREa2_medial,left,,PAM10,
720575940633550305,intrinsic,central,Kenyon_Cell,,MBp3,left,,KCab-p,
720575940633560545,intrinsic,central,Kenyon_Cell,KCg,MBp1,right,,KCg-m,
720575940633569215,intrinsic,central,Kenyon_Cell,,MBp2,left,,KCab,KCab-m
720575940633575275,intrinsic,central,Kenyon_Cell,,MBp3,left,,KCab,KCab-m
720575940633662615,afferent,sensory,olfactory,,,right,AN,ORN_VA7m,
720575940633710105,intrinsic,central,Kenyon_Cell,KCg,MBp4,right,,KCg-m,
720575940633731435,afferent,sensory,olfactory,,,right,MxLbN,ORN_VC1,
720575940633748505,intrinsic,central,Kenyon_Cell,,MBp2,left,,KCab,KCab-m
720575940633802045,afferent,sensory,olfactory,,,left,AN,ORN_V,
720575940633808665,intrinsic,central,Kenyon_Cell,,MBp1,left,,KCab,KCab-m
720575940633811005,afferent,sensory,olfactory,,,left,AN,ORN_VL1,
720575940633813785,intrinsic,central,Kenyon_Cell,,MBp1,right,,KCab,KCab-s
720575940633817405,afferent,sensory,olfactory,,,left,AN,ORN_V,
720575940633886765,intrinsic,central,Kenyon_Cell,,MBp3,right,,KCab,KCab-c
720575940633909695,afferent,sensory,olfactory,,,right,AN,ORN_VM6l,ORN_VC5
720575940633933975,afferent,sensory,olfactory,,,right,AN,ORN_V,
720575940634000495,intrinsic,central,Kenyon_Cell,,MBp3,right,,KCab,KCab-m
720575940634006355,intrinsic,central,Kenyon_Cell,,MBp4,right,,KCapbp-ap2,KCab-ap2
720575940634012015,intrinsic,central,Kenyon_Cell,,MBp3,right,,KCab,KCab-m
720575940634018415,intrinsic,central,Kenyon_Cell,,MBp2,right,,KCapbp-m,KCab-m
720575940634236015,intrinsic,central,Kenyon_Cell,,MBp3,left,,KCab,KCab-c
720575940634468975,afferent,sensory,olfactory,,,left,MxLbN,ORN_VC2,
720575940634490735,intrinsic,central,Kenyon_Cell,KCg,MBp3,right,,KCg-d,
720575940634530155,afferent,sensory,olfactory,,,left,AN,ORN_VA2,
720575940634609815,intrinsic,central,Kenyon_Cell,KCg,MBp3,left,,KCg-m,
720575940634678895,intrinsic,central,Kenyon_Cell,KCg,MBp2,left,,KCg-m,
720575940634706035,afferent,sensory,olfactory,,,right,AN,ORN_DM3,
720575940634799295,intrinsic,central,Kenyon_Cell,KCg,MBp4,left,,KCg-m,
720575940634849375,intrinsic,central,Kenyon_Cell,KCg,MBp3,right,,KCg-m,
720575940634890175,intrinsic,central,Kenyon_Cell,,MBp3,right,,KCab,KCab-c
720575940634953055,intrinsic,central,Kenyon_Cell,KCg,MBp4,left,,KCg-m,
720575940634967915,afferent,sensory,olfactory,,,left,AN,ORN_VL2a,
720575940634991215,afferent,sensory,olfactory,,,left,MxLbN,ORN_VC2,
720575940634992735,intrinsic,central,Kenyon_Cell,,MBp4,left,,KCab,KCab-s
720575940635011935,afferent,sensory,olfactory,pheromone,,right,AN,ORN_VA1v,
720575940635063135,intrinsic,central,MBON,,putative_primary,right,,MBON22,
720575940635184485,afferent,sensory,olfactory,,,right,AN,ORN_DM2,
720575940635323255,afferent,sensory,olfactory,,,left,AN,ORN_VM2,
720575940635592805,afferent,sensory,olfactory,,,right,AN,ORN_VM4,
720575940635609975,afferent,sensory,olfactory,,,right,AN,,
720575940635651735,intrinsic,central,Kenyon_Cell,KCg,MBp4,left,,KCg-m,
720575940635696535,intrinsic,central,Kenyon_Cell,KCg,MBp1,right,,KCg-m,
720575940635745855,afferent,sensory,olfactory,,,left,MxLbN,ORN_VC2,
720575940635838565,afferent,sensory,olfactory,,,left,AN,ORN_DL1,
720575940635838655,intrinsic,central,DAN,,putative_primary,left,,PPL108,
720575940636045175,intrinsic,central,Kenyon_Cell,,MBp2,right,,KCapbp-ap1,KCab-ap1
720575940636134775,intrinsic,central,Kenyon_Cell,,MBp3,left,,KCapbp-ap1,KCab-ap1
720575940636325865,intrinsic,central,Kenyon_Cell,,MBp2,left,,KCab,KCab-m
720575940636355685,intrinsic,central,DAN,,CREa1_dorsal,left,,PAM02,
720575940636510015,intrinsic,central,Kenyon_Cell,KCg,MBp4,left,,KCg-m,
720575940637256245,intrinsic,central,Kenyon_Cell,KCg,MBp1,left,,KCg-m,
720575940637395945,intrinsic,central,Kenyon_Cell,KCg,MBp4,left,,KCg-m,
720575940637402995,intrinsic,central,Kenyon_Cell,KCg,MBp3,left,,KCg-m,
720575940637439465,intrinsic,central,DAN,,CREa1_dorsal,left,,PAM06,
720575940637584755,intrinsic,central,Kenyon_Cell,KCg,MBp1,right,,KCg-d,
720575940637594995,intrinsic,central,Kenyon_Cell,,MBp1,right,,KCab,KCab-c
720575940637672425,intrinsic,central,DAN,,CREa2_medial,right,,PAM09,
720575940637695395,intrinsic,central,Kenyon_Cell,,MBp2,right,,KCab,KCab-m
720575940637704765,intrinsic,central,Kenyon_Cell,,MBp2,right,,KCab,KCab-s
720575940637832255,intrinsic,central,Kenyon_Cell,,MBp2,left,,KCab-p,
720575940637970665,intrinsic,central,Kenyon_Cell,KCg,MBp2,right,,KCg-m,
720575940637973225,intrinsic,central,Kenyon_Cell,KCg,MBp4,left,,KCg-m,
720575940638053865,intrinsic,central,Kenyon_Cell,,MBp4,right,,KCapbp-ap2,KCab-ap2
720575940638069875,afferent,sensory,olfactory,,,right,AN,ORN_DL1,
720575940638143805,intrinsic,central,Kenyon_Cell,KCg,MBp3,left,,KCg-m,
720575940638161725,intrinsic,central,Kenyon_Cell,,MBp1,left,,KCapbp-ap2,KCab-ap2
720575940638165875,afferent,sensory,olfactory,,,left,MxLbN,ORN_VC1,
720575940638436405,intrinsic,central,Kenyon_Cell,,MBp1,left,,KCab,KCab-s
720575940638607805,afferent,sensory,olfactory,pheromone,,right,AN,ORN_DC3,
720575940638666805,afferent,sensory,olfactory,,,right,AN,ORN_VC4,
720575940638807485,afferent,sensory,olfactory,pheromone,,left,AN,ORN_DA1,
720575940638822515,afferent,sensory,olfactory,,,right,AN,ORN_VM3,
720575940638936885,intrinsic,central,Kenyon_Cell,KCg,MBp2,left,,KCg-m,
720575940638963875,intrinsic,central,Kenyon_Cell,KCg,MBp2,left,,KCg-m,
720575940638975285,intrinsic,central,Kenyon_Cell,,MBp1,right,,KCab,KCab-s
720575940638995005,intrinsic,central,Kenyon_Cell,,MBp3,right,,KCapbp-m,KCab-m
720575940639022755,intrinsic,central,Kenyon_Cell,KCg,MBp4,left,,KCg-m,
720575940639032995,intrinsic,central,Kenyon_Cell,,MBp2,left,,KCab,KCab-m
720575940639053885,afferent,sensory,olfactory,,,right,MxLbN,ORN_VC1,
720575940639057085,intrinsic,central,Kenyon_Cell,KCg,MBp4,right,,KCg-m,
720575940639088885,afferent,sensory,olfactory,,,left,AN,ORN_VM6m,ORN_VC5
720575940639096125,intrinsic,central,Kenyon_Cell,,MBp1,left,,KCab,KCab-m
720575940639126325,intrinsic,central,Kenyon_Cell,,MBp2,left,,KCab,KCab-c
720575940639128885,intrinsic,central,Kenyon_Cell,,MBp4,left,,KCapbp-m,KCab-m
720575940639218165,intrinsic,central,Kenyon_Cell,KCg,MBp4,right,,KCg-d,
720575940639246195,afferent,sensory,olfactory,,,right,MxLbN,ORN_VA4,
720575940639278325,intrinsic,central,Kenyon_Cell,,MBp1,right,,KCapbp-ap2,KCab-ap2
720575940639306355,afferent,sensory,olfactory,,,left,AN,ORN_DL4,
720575940639409315,intrinsic,central,Kenyon_Cell,KCg,MBp3,right,,KCg-m,
720575940639421555,intrinsic,central,Kenyon_Cell,KCg,MBp2,left,,KCg-m,
720575940639442595,afferent,sensory,olfactory,,,left,AN,ORN_VM2,
720575940639483125,intrinsic,central,Kenyon_Cell,KCg,MBp3,left,,KCg-m,
720575940639515965,intrinsic,central,Kenyon_Cell,KCg,MBp1,right,,KCg-m,
720575940639543715,intrinsic,central,Kenyon_Cell,,MBp2,right,,KCapbp-m,KCab-m
720575940639554675,intrinsic,central,Kenyon_Cell,KCg,MBp1,right,,KCg-m,
720575940639684515,intrinsic,central,Kenyon_Cell,KCg,MBp4,right,,KCg-s1,
720575940639726555,intrinsic,central,Kenyon_Cell,,MBp2,right,,KCab,KCab-s
720575940640115675,intrinsic,central,Kenyon_Cell,,MBp3,left,,KCapbp-ap2,KCab-ap2
720575940640262645,afferent,sensory,olfactory,,,right,AN,ORN_VM2,
720575940640276955,intrinsic,central,Kenyon_Cell,,MBp1,right,,KCab,KCab-c
720575940640331995,afferent,sensory,olfactory,,,right,AN,ORN_VC3,ORN_VC3l
720575940640340725,intrinsic,central,Kenyon_Cell,,MBp4,left,,KCab,KCab-s
720575940640468725,intrinsic,central,Kenyon_Cell,,MBp1,left,,KCapbp-m,KCab-m
720575940640856795,intrinsic,central,Kenyon_Cell,,MBp3,left,,KCab,KCab-c
720575940640877965,intrinsic,central,Kenyon_Cell,,MBp4,left,,KCapbp-ap2,KCab-ap2
720575940640905205,intrinsic,central,Kenyon_Cell,,MBp3,right,,KCab,KCab-c
720575940641015285,intrinsic,central,Kenyon_Cell,KCg,MBp1,left,,KCg-m,
720575940641084405,intrinsic,central,Kenyon_Cell,KCg,MBp1,right,,KCg-m,
720575940641119885,afferent,sensory,olfactory,,,left,AN,ORN_VA6,
720575940641509595,intrinsic,central,DAN,,CREa1_dorsal,right,,PAM03,
720575940641779445,afferent,sensory,olfactory,pheromone,,left,AN,ORN_VA1d,
720575940643406615,intrinsic,central,Kenyon_Cell,,MBp2,left,,KCab,KCab-s
720575940643424535,intrinsic,central,Kenyon_Cell,,MBp2,left,,KCab,KCab-c
720575940644156695,intrinsic,central,Kenyon_Cell,,MBp3,left,,KCapbp-ap1,KCab-ap1
720575940644262935,afferent,sensory,olfactory,,,right,AN,ORN_DM5,
720575940644562455,afferent,sensory,olfactory,pheromone,,right,AN,ORN_VA1d,
720575940644800535,intrinsic,central,Kenyon_Cell,,MBp3,left,,KCab,KCab-m
720575940644837655,intrinsic,central,Kenyon_Cell,,MBp1,right,,KCab,KCab-c
720575940644940835,intrinsic,central,Kenyon_Cell,,MBp4,left,,KCab,KCab-s
720575940645431075,afferent,sensory,olfactory,,,left,AN,ORN_D,
720575940645709335,intrinsic,central,Kenyon_Cell,,MBp3,left,,KCab,KCab-m
720575940645824035,afferent,sensory,olfactory,,,left,AN,ORN_DM1,
720575940646039075,afferent,sensory,olfactory,,,,AN,ORN_DA4l,
720575940646250275,intrinsic,central,Kenyon_Cell,KCg,MBp2,left,,KCg-m,
720575940646289955,intrinsic,central,Kenyon_Cell,KCg,MBp3,left,,KCg-d,
720575940646419235,intrinsic,central,Kenyon_Cell,KCg,MBp3,right,,KCg-m,
720575940647714425,intrinsic,central,Kenyon_Cell,,MBp3,right,,KCab,KCab-m
720575940648205945,intrinsic,central,Kenyon_Cell,,MBp4,right,,KCapbp-m,KCab-m
720575940648330105,intrinsic,central,DAN,,CREa1_dorsal,right,,PAM06,
720575940648455545,afferent,sensory,olfactory,pheromone,,,AN,ORN_VA1v,
720575940648931705,afferent,sensory,olfactory,,,right,AN,ORN_VA7m,
720575940648993145,intrinsic,central,Kenyon_Cell,KCg,MBp3,left,,KCg-m,
720575940648995705,intrinsic,central,Kenyon_Cell,,MBp4,right,,KCab,KCab-c
720575940649020025,intrinsic,central,Kenyon_Cell,KCg,MBp2,right,,KCg-m,
720575940649098105,afferent,sensory,olfactory,,,right,MxLbN,ORN_VM7d,
720575940649154425,afferent,sensory,olfactory,,,right,MxLbN,ORN_VM7d,
720575940649228665,intrinsic,central,Kenyon_Cell,KCg,MBp4,right,,KCab-ap1,
720575940649429625,afferent,sensory,olfactory,,,right,AN,ORN_VM5v,
720575940649622905,intrinsic,central,Kenyon_Cell,,MBp1,left,,KCapbp-ap2,KCab-ap2
720575940649649785,intrinsic,central,DAN,,CREa1_dorsal,right,,PAM01,aSP13
720575940649658745,intrinsic,central,DAN,,CREa2_medial,left,,PAM07,
720575940650822265,afferent,sensory,olfactory,,,left,AN,ORN_VL2a,
720575940652822945,intrinsic,central,Kenyon_Cell,,MBp2,right,,KCab,KCab-s
720575940653332385,intrinsic,central,Kenyon_Cell,,MBp3,right,,KCapbp-ap2,KCab-ap2
720575940653460385,intrinsic,central,Kenyon_Cell,KCg,MBp3,left,,KCg-m,
720575940653913505,afferent,sensory,olfactory,,,right,AN,ORN_VL2p,
720575940654499745,afferent,sensory,olfactory,,,left,AN,ORN_VL2a,
720575940654805665,intrinsic,central,Kenyon_Cell,,MBp4,left,,KCapbp-ap2,KCab-ap2
720575940654808225,intrinsic,central,Kenyon_Cell,,MBp1,left,,KCab,KCab-s
720575940654810785,intrinsic,central,Kenyon_Cell,KCg,MBp3,right,,KCg-d,
720575940658539905,afferent,sensory,olfactory,,,left,AN,ORN_D,
720575940658726785,intrinsic,central,Kenyon_Cell,KCg,MBp3,left,,KCg-m,
720575940659164545,afferent,sensory,olfactory,,,left,AN,ORN_DL2v,
720575940659392385,intrinsic,central,Kenyon_Cell,KCg,MBp4,left,,KCg-m,
720575940659754625,intrinsic,central,Kenyon_Cell,KCg,MBp3,left,,KCg-m,
720575940659940225,intrinsic,central,Kenyon_Cell,,MBp4,right,,KCapbp-ap2,KCab-ap2
720575940660271745,intrinsic,central,DAN,,CREa2_medial,left,,PAM10,
720575940602605536,intrinsic,central,Kenyon_Cell,,MBp2,right,,KCab,KCab-m
720575940602829536,intrinsic,central,Kenyon_Cell,KCg,MBp4,left,,KCg-d,
720575940603317216,intrinsic,central,Kenyon_Cell,KCg,MBp4,left,,KCg-m,
720575940603674656,intrinsic,central,Kenyon_Cell,,MBp3,right,,KCab,KCab-c
720575940603747616,intrinsic,central,Kenyon_Cell,,MBp2,right,,KCapbp-ap1,KCab-ap1
720575940603984486,intrinsic,central,Kenyon_Cell,,MBp4,left,,KCab,KCab-s
720575940604131296,intrinsic,central,Kenyon_Cell,KCg,MBp2,left,,KCg-m,
720575940604435046,intrinsic,central,Kenyon_Cell,,MBp2,left,,KCab-p,
720575940604478176,intrinsic,central,Kenyon_Cell,KCg,MBp4,right,,KCg-m,
720575940604499936,afferent,sensory,olfactory,pheromone,,right,AN,ORN_VA1d,
720575940604630496,intrinsic,central,Kenyon_Cell,,MBp3,right,,KCab,KCab-m
720575940604700006,afferent,sensory,olfactory,,,right,AN,ORN_VC5,ORN_VC3m
720575940604824236,intrinsic,central,Kenyon_Cell,,MBp1,left,,KCapbp-m,KCab-m
720575940604833196,intrinsic,central,Kenyon_Cell,,MBp4,left,,KCab,KCab-c
720575940604861356,intrinsic,central,DAN,,CREa1_dorsal,right,,PAM12,
720575940604884396,intrinsic,central,Kenyon_Cell,KCg,MBp2,right,,KCg-m,
720575940604924606,intrinsic,central,Kenyon_Cell,,MBp3,left,,KCab,KCab-s
720575940604961126,intrinsic,central,Kenyon_Cell,KCg,MBp2,left,,KCg-m,
720575940604963686,intrinsic,central,Kenyon_Cell,KCg,MBp4,left,,KCg-m,
720575940604999526,intrinsic,central,Kenyon_Cell,KCg,MBp1,right,,KCg-m,
720575940605113376,intrinsic,central,DAN,,CREa1_dorsal,right,,PAM08,
720575940605236866,intrinsic,central,Kenyon_Cell,,MBp1,left,,KCab,KCab-m
720575940605350066,intrinsic,central,Kenyon_Cell,,MBp1,right,,KCapbp-ap1,KCab-ap1
720575940605407846,intrinsic,central,Kenyon_Cell,KCg,MBp3,right,,KCg-m,
720575940605424416,intrinsic,central,Kenyon_Cell,KCg,MBp4,right,,KCg-d,
720575940605488416,intrinsic,central,Kenyon_Cell,KCg,MBp1,right,,KCg-m,
720575940605559986,intrinsic,central,Kenyon_Cell,KCg,MBp1,left,,KCg-m,
720575940605565886,intrinsic,central,Kenyon_Cell,KCg,MBp2,right,,KCg-m,
720575940605597216,intrinsic,central,Kenyon_Cell,KCg,MBp1,right,,KCg-m,
720575940605608806,afferent,sensory,olfactory,pheromone,,right,AN,ORN_VA1v,
720575940605620926,intrinsic,central,Kenyon_Cell,KCg,MBp4,left,,KCg-m,
720575940605625376,intrinsic,central,Kenyon_Cell,,MBp1,left,,KCab,KCab-c
720575940605664446,intrinsic,central,Kenyon_Cell,KCg,MBp4,right,,KCg-m,
720575940605686886,afferent,sensory,olfactory,pheromone,,right,AN,ORN_DA1,
720575940605792946,intrinsic,central,Kenyon_Cell,KCg,MBp3,right,,KCg-d,
720575940605834626,afferent,sensory,olfactory,,,right,AN,ORN_VA2,
720575940606165606,afferent,sensory,olfactory,pheromone,,left,AN,ORN_DA1,
720575940606331996,intrinsic,central,Kenyon_Cell,,MBp1,right,,KCab,KCab-m
720575940606335106,intrinsic,central,Kenyon_Cell,KCg,MBp1,left,,KCg-m,
720575940606680706,intrinsic,central,Kenyon_Cell,,MBp3,right,,KCapbp-ap1,KCab-ap1
720575940606730076,intrinsic,central,Kenyon_Cell,KCg,MBp1,left,,KCg-m,
720575940606893186,intrinsic,central,Kenyon_Cell,KCg,MBp1,right,,KCg-m,
720575940606909826,intrinsic,central,DAN,,CREa2_medial,right,,PAM01,aSP13
720575940606963586,intrinsic,central,Kenyon_Cell,KCg,MBp1,right,,KCg-m,
720575940607038386,intrinsic,central,Kenyon_Cell,KCg,MBp1,left,,KCg-s3,
720575940607090306,afferent,sensory,olfactory,pheromone,,left,AN,ORN_DA1,
720575940607177906,intrinsic,central,Kenyon_Cell,KCg,MBp2,left,,KCg-m,
720575940607280306,intrinsic,central,Kenyon_Cell,KCg,MBp3,right,,KCg-m,
720575940607930716,intrinsic,central,Kenyon_Cell,KCg,MBp4,right,,KCg-m,
720575940607981636,intrinsic,central,Kenyon_Cell,,MBp2,right,,KCab,KCab-m
720575940608126386,intrinsic,central,Kenyon_Cell,KCg,MBp4,left,,KCg-d,
720575940608184156,intrinsic,central,Kenyon_Cell,,MBp2,left,,KCapbp-m,KCab-m
720575940608191836,intrinsic,central,Kenyon_Cell,,MBp4,right,,KCab-p,
720575940608286556,intrinsic,central,Kenyon_Cell,KCg,MBp3,right,,KCg-m,
720575940608433476,intrinsic,central,Kenyon_Cell,,MBp4,right,,KCab,KCab-s
720575940608774776,intrinsic,central,Kenyon_Cell,,MBp2,right,,KCab,KCab-m
720575940608806776,intrinsic,central,Kenyon_Cell,,MBp1,right,,KCab,KCab-m
720575940609114436,afferent,sensory,olfactory,,,right,AN,ORN_VA6,
720575940609153746,intrinsic,central,Kenyon_Cell,,MBp4,right,,KCab,KCab-s
720575940609163986,intrinsic,central,Kenyon_Cell,,MBp3,right,,KCapbp-ap1,KCab-ap1
720575940609171576,intrinsic,central,Kenyon_Cell,,MBp4,left,,KCapbp-m,KCab-m
720575940609190866,intrinsic,central,Kenyon_Cell,,MBp1,right,,KCab,KCab-c
720575940609318446,intrinsic,central,Kenyon_Cell,KCg,MBp4,left,,KCg-m,
720575940609371086,intrinsic,central,Kenyon_Cell,,MBp2,right,,KCab-p,
720575940609399506,intrinsic,central,Kenyon_Cell,,MBp3,left,,KCapbp-ap2,KCab-ap2
720575940609405646,intrinsic,central,Kenyon_Cell,,MBp1,right,,KCab,KCab-c
720575940609590596,afferent,sensory,olfactory,,,left,AN,ORN_DM6,
720575940609684946,intrinsic,central,Kenyon_Cell,,MBp1,right,,KCab,KCab-m
720575940609781966,intrinsic,central,Kenyon_Cell,,MBp1,left,,KCab,KCab-m
720575940609924306,afferent,sensory,olfactory,,,left,AN,ORN_DP1m,
720575940609929426,afferent,sensory,olfactory,,,left,AN,ORN_DL1,
720575940609944526,intrinsic,central,Kenyon_Cell,,MBp4,right,,KCapbp-m,KCab-m
720575940610015586,afferent,sensory,olfactory,,,right,AN,ORN_VA3,
720575940610059726,afferent,sensory,olfactory,,,right,AN,ORN_DM1,
720575940610081746,afferent,sensory,olfactory,,,left,AN,ORN_VA6,
720575940610147826,intrinsic,central,Kenyon_Cell,,MBp4,right,,KCab,KCab-s
720575940610181496,intrinsic,central,DAN,,CREa2_medial,right,,PAM12,
720575940610287566,afferent,sensory,olfactory,,,right,AN,ORN_VC3,ORN_VC3l
720575940610375726,intrinsic,central,Kenyon_Cell,KCg,MBp2,right,,KCg-m,
720575940610384226,afferent,sensory,olfactory,,,left,AN,ORN_DA3,
720575940610406776,intrinsic,central,Kenyon_Cell,KCg,MBp3,right,,KCg-m,
720575940610412386,afferent,sensory,olfactory,pheromone,,right,AN,ORN_DA1,
720575940610476506,intrinsic,central,Kenyon_Cell,,MBp1,left,,KCab,KCab-c
720575940610505426,intrinsic,central,Kenyon_Cell,KCg,MBp4,right,,KCg-d,
720575940610523746,intrinsic,central,DAN,,CREa2_medial,right,,PAM04,
720575940610529656,intrinsic,central,Kenyon_Cell,,MBp2,left,,KCapbp-m,KCab-m
720575940610647416,intrinsic,central,MBON,,EBa1,right,,MBON10,
720575940610669786,intrinsic,central,Kenyon_Cell,,MBp1,right,,KCapbp-ap2,KCab-ap2
720575940610694866,afferent,sensory,olfactory,,,left,AN,ORN_VM6m,ORN_VC5
720575940610709106,intrinsic,central,Kenyon_Cell,KCg,MBp2,right,,KCg-d,
720575940610724306,afferent,sensory,olfactory,,,right,AN,ORN_DL5,
720575940610862506,intrinsic,central,Kenyon_Cell,KCg,MBp4,left,,KCg-m,
720575940610942066,intrinsic,central,Kenyon_Cell,KCg,MBp2,left,,KCg-m,
720575940610964946,intrinsic,central,MBON,,putative_primary,right,,MBON09,
720575940611056846,afferent,sensory,olfactory,,,left,AN,ORN_VL2p,
720575940611116386,afferent,sensory,olfactory,pheromone,,left,AN,ORN_VA1v,
720575940611157466,afferent,sensory,olfactory,,,right,AN,ORN_DL1,
720575940611177386,afferent,sensory,olfactory,,,left,AN,ORN_DM3,
720575940611336726,intrinsic,central,Kenyon_Cell,KCg,MBp3,left,,KCg-d,
720575940611615986,intrinsic,central,Kenyon_Cell,KCg,MBp3,left,,KCg-m,
720575940611662706,afferent,sensory,olfactory,,,right,AN,ORN_VC3,ORN_VC3l
720575940611697066,intrinsic,central,Kenyon_Cell,KCg,MBp1,right,,KCg-m,
720575940611844886,afferent,sensory,olfactory,,,right,AN,ORN_VM5d,
720575940611943976,intrinsic,central,Kenyon_Cell,KCg,MBp4,right,,KCg-m,
720575940612105586,afferent,sensory,olfactory,,,left,AN,ORN_VA6,
720575940612111346,intrinsic,central,Kenyon_Cell,,MBp1,left,,KCab,KCab-c
720575940612587286,intrinsic,central,Kenyon_Cell,KCg,MBp4,right,,KCg-m,
720575940612626966,intrinsic,central,Kenyon_Cell,KCg,MBp4,left,,KCg-m,
720575940612706706,intrinsic,central,Kenyon_Cell,,MBp4,right,,KCab,KCab-m
720575940612725906,intrinsic,central,Kenyon_Cell,,MBp1,right,,KCab,KCab-m
720575940612728466,intrinsic,central,Kenyon_Cell,,MBp1,right,,KCab,KCab-s
720575940612739186,intrinsic,central,Kenyon_Cell,KCg,MBp1,right,,KCg-d,
720575940612740466,intrinsic,central,Kenyon_Cell,KCg,MBp3,right,,KCg-m,
720575940612740886,intrinsic,central,Kenyon_Cell,,MBp3,right,,KCapbp-ap2,KCab-ap2
720575940612765846,intrinsic,central,Kenyon_Cell,,MBp1,right,,KCab,KCab-m
720575940612767126,intrinsic,central,Kenyon_Cell,,MBp2,right,,KCab-p,
720575940612778646,intrinsic,central,Kenyon_Cell,,MBp1,right,,KCab,KCab-s
720575940612796786,intrinsic,central,Kenyon_Cell,,MBp3,right,,KCapbp-ap1,KCab-ap1
720575940612896106,intrinsic,central,Kenyon_Cell,,MBp4,right,,KCab,KCab-m
720575940612910486,intrinsic,central,Kenyon_Cell,,MBp3,left,,KCab,KCab-m
720575940612961686,intrinsic,central,Kenyon_Cell,KCg,MBp4,left,,KCg-m,
720575940612971816,afferent,sensory,olfactory,,,left,AN,ORN_VM4,
720575940613021206,afferent,sensory,olfactory,pheromone,,right,AN,ORN_VA1d,
720575940613108186,afferent,sensory,olfactory,pheromone,,left,AN,ORN_VA1d,
720575940613224446,intrinsic,central,Kenyon_Cell,,MBp2,left,,KCab,KCab-s
720575940613294016,intrinsic,central,Kenyon_Cell,KCg,MBp3,left,,KCg-d,
720575940613337086,afferent,sensory,olfactory,,,right,AN,ORN_VM5d,
720575940613348246,intrinsic,central,Kenyon_Cell,,MBp3,left,,KCapbp-m,KCab-m
720575940613359266,intrinsic,central,Kenyon_Cell,,MBp2,left,,KCapbp-m,KCab-m
720575940613481256,afferent,sensory,olfactory,,,right,AN,ORN_VM3,
720575940613507946,intrinsic,central,Kenyon_Cell,,MBp1,right,,KCapbp-ap1,KCab-ap1
720575940613666666,afferent,sensory,olfactory,,,right,AN,ORN_VA2,
720575940613684906,intrinsic,central,Kenyon_Cell,,MBp4,right,,KCab,KCab-m
720575940613729576,intrinsic,central,Kenyon_Cell,KCg,MBp1,left,,KCg-d,
720575940613773566,intrinsic,central,Kenyon_Cell,KCg,MBp1,right,,KCg-m,
720575940613782796,intrinsic,central,Kenyon_Cell,KCg,MBp1,right,,KCg-m,
720575940613783106,intrinsic,central,Kenyon_Cell,,MBp1,left,,KCapbp-m,KCab-m
720575940613784386,intrinsic,central,Kenyon_Cell,KCg,MBp4,left,,KCg-m,
720575940613799436,intrinsic,central,Kenyon_Cell,,MBp1,right,,KCab,KCab-s
720575940613885506,afferent,sensory,olfactory,,,left,MxLbN,ORN_VM7v,
720575940613911186,afferent,sensory,olfactory,,,left,AN,ORN_VM2,
720575940614109506,intrinsic,central,Kenyon_Cell,,MBp1,left,,KCab,KCab-m
720575940614110866,afferent,sensory,olfactory,,,right,AN,ORN_VM2,
720575940614183786,intrinsic,central,Kenyon_Cell,,MBp2,left,,KCab,KCab-m
720575940614200426,intrinsic,central,Kenyon_Cell,KCg,MBp1,right,,KCg-m,
720575940614203916,intrinsic,central,Kenyon_Cell,,MBp2,left,,KCapbp-m,KCab-m
720575940614218346,intrinsic,central,Kenyon_Cell,KCg,MBp1,left,,KCg-m,
720575940614240766,intrinsic,central,Kenyon_Cell,,MBp4,right,,KCapbp-ap1,KCab-ap1
720575940614248446,intrinsic,central,Kenyon_Cell,KCg,MBp4,left,,KCg-m,
720575940614257986,afferent,sensory,olfactory,,,left,AN,ORN_VA2,
720575940614283006,intrinsic,central,Kenyon_Cell,KCg,MBp1,right,,KCg-m,
720575940614308146,intrinsic,central,Kenyon_Cell,KCg,MBp4,left,,KCg-m,
720575940614313996,intrinsic,central,Kenyon_Cell,,MBp1,right,,KCapbp-ap1,KCab-ap1
720575940614371986,intrinsic,central,Kenyon_Cell,KCg,MBp3,left,,KCg-m,
720575940614412946,intrinsic,central,Kenyon_Cell,,MBp2,left,,KCab,KCab-s
720575940614484626,intrinsic,central,Kenyon_Cell,,MBp2,left,,KCab,KCab-m
720575940614533226,intrinsic,central,Kenyon_Cell,KCg,MBp1,left,,KCg-m,
720575940614549906,intrinsic,central,Kenyon_Cell,KCg,MBp4,left,,KCg-m,
720575940614634346,afferent,sensory,olfactory,,,left,AN,ORN_VM5d,
720575940614635666,intrinsic,central,Kenyon_Cell,,MBp1,left,,KCab,KCab-m
720575940614667926,intrinsic,central,Kenyon_Cell,,MBp3,left,,KCab,KCab-m
720575940614726546,afferent,sensory,olfactory,,,left,AN,ORN_DM3,
720575940614761026,intrinsic,central,Kenyon_Cell,,MBp2,left,,KCab,KCab-s
720575940614781546,intrinsic,central,Kenyon_Cell,KCg,MBp2,left,,KCg-m,
720575940614792086,intrinsic,central,Kenyon_Cell,,MBp4,left,,KCab-p,
720575940614793026,intrinsic,central,Kenyon_Cell,KCg,MBp4,left,,KCg-m,
720575940614803286,intrinsic,central,Kenyon_Cell,,MBp3,right,,KCab,KCab-s
720575940614813526,intrinsic,central,Kenyon_Cell,KCg,MBp2,right,,KCg-d,
720575940614822506,intrinsic,central,Kenyon_Cell,,MBp4,right,,KCapbp-ap1,KCab-ap1
720575940614825026,intrinsic,central,Kenyon_Cell,,MBp1,left,,KCapbp-ap2,KCab-ap2
720575940614900886,intrinsic,central,Kenyon_Cell,,MBp3,right,,KCab,KCab-s
720575940615094166,afferent,sensory,olfactory,pheromone,,left,AN,ORN_VA1d,
720575940615112646,afferent,sensory,olfactory,,,right,AN,ORN_VM6m,ORN_VC5
720575940615252786,intrinsic,central,Kenyon_Cell,KCg,MBp2,right,,KCg-m,
720575940615262786,intrinsic,central,Kenyon_Cell,KCg,MBp2,left,,KCg-m,
720575940615320076,intrinsic,central,Kenyon_Cell,KCg,MBp4,left,,KCg-m,
720575940615430806,afferent,sensory,olfactory,pheromone,,right,AN,ORN_VA1v,
720575940615520086,intrinsic,central,Kenyon_Cell,,MBp4,left,,KCapbp-m,KCab-m
720575940615650646,afferent,sensory,olfactory,,,left,AN,ORN_VL2a,
720575940615681366,afferent,sensory,olfactory,,,right,AN,ORN_VM5v,
720575940615682246,intrinsic,central,DAN,,CREa1_dorsal,right,,PAM05,
720575940615708466,afferent,sensory,olfactory,pheromone,,left,AN,ORN_DA1,
720575940615800076,intrinsic,central,Kenyon_Cell,,MBp2,left,,KCapbp-ap1,KCab-ap1
720575940615809366,afferent,sensory,olfactory,,,left,MxLbN,ORN_VC1,
720575940615892966,intrinsic,central,Kenyon_Cell,,MBp4,left,,KCab,KCab-m
720575940616045106,afferent,sensory,olfactory,pheromone,,right,AN,ORN_VA1d,
720575940616093746,afferent,sensory,olfactory,,,right,AN,ORN_V,
720575940616139606,intrinsic,central,Kenyon_Cell,KCg,MBp2,left,,KCg-m,
720575940616179286,afferent,sensory,olfactory,,,right,MxLbN,ORN_VC2,
720575940616254016,afferent,sensory,olfactory,,,left,MxLbN,ORN_VM7v,
720575940616300486,afferent,sensory,olfactory,,,left,AN,ORN_VL1,
720575940616347916,intrinsic,central,Kenyon_Cell,,MBp2,left,,KCapbp-ap2,KCab-ap2
720575940616490326,intrinsic,central,Kenyon_Cell,,MBp1,left,,KCab,KCab-s
720575940616578646,intrinsic,central,Kenyon_Cell,KCg,MBp4,right,,KCg-m,
720575940616654166,intrinsic,central,Kenyon_Cell,,MBp1,left,,KCab,KCab-m
720575940616858086,afferent,sensory,olfactory,,,right,AN,ORN_VM4,
720575940616867926,afferent,sensory,olfactory,pheromone,,left,AN,ORN_VA1v,
720575940616887966,intrinsic,central,Kenyon_Cell,,MBp2,right,,KCab,KCab-m
720575940616915686,intrinsic,central,Kenyon_Cell,KCg,MBp2,left,,KCg-m,
720575940616929766,intrinsic,central,Kenyon_Cell,KCg,MBp3,left,,KCg-m,
720575940616964766,intrinsic,central,Kenyon_Cell,KCg,MBp4,right,,KCg-m,
720575940617089876,afferent,sensory,olfactory,,,left,AN,ORN_DM6,
720575940617118016,intrinsic,central,Kenyon_Cell,,MBp1,right,,KCapbp-m,KCab-m
720575940617143966,intrinsic,central,Kenyon_Cell,,MBp3,left,,KCab-p,
720575940617244116,afferent,sensory,olfactory,,,left,AN,ORN_DL4,
720575940617293396,intrinsic,central,Kenyon_Cell,,MBp1,left,,KCab,KCab-s
720575940617313846,intrinsic,central,Kenyon_Cell,KCg,MBp4,left,,KCg-m,
720575940617340646,afferent,sensory,olfactory,,,right,AN,ORN_DL5,
720575940617363156,intrinsic,central,Kenyon_Cell,KCg,MBp1,left,,KCg-m,
720575940617390036,intrinsic,central,Kenyon_Cell,KCg,MBp1,right,,KCg-m,
720575940617496886,afferent,sensory,olfactory,,,right,AN,ORN_VM5d,
720575940617498166,afferent,sensory,olfactory,,,left,AN,ORN_VM5d,
720575940617514726,intrinsic,central,Kenyon_Cell,,MBp1,right,,KCapbp-m,KCab-m
720575940617534676,afferent,sensory,olfactory,,,right,AN,ORN_DP1m,
720575940617542996,afferent,sensory,olfactory,,,left,AN,ORN_DA4m,
720575940617567206,intrinsic,central,MBON,,DL1_dorsal,left,,MBON23,
720575940617615846,intrinsic,central,Kenyon_Cell,,MBp4,left,,KCab,KCab-m
720575940617713206,intrinsic,central,Kenyon_Cell,,MBp2,left,,KCapbp-m,KCab-m
720575940617792596,intrinsic,central,Kenyon_Cell,KCg,MBp4,left,,KCg-m,
720575940617845076,intrinsic,central,Kenyon_Cell,KCg,MBp3,right,,KCg-m,
720575940617854036,intrinsic,central,Kenyon_Cell,KCg,MBp2,left,,KCg-m,
720575940617902676,intrinsic,central,Kenyon_Cell,,MBp4,right,,KCab,KCab-s
720575940617941046,intrinsic,central,Kenyon_Cell,,MBp4,right,,KCab,KCab-m
720575940617942326,intrinsic,central,Kenyon_Cell,KCg,MBp2,left,,KCg-m,
720575940617989076,intrinsic,central,Kenyon_Cell,KCg,MBp2,right,,KCg-m,
720575940618080566,afferent,sensory,olfactory,pheromone,,left,AN,ORN_DA1,
720575940618148406,intrinsic,central,Kenyon_Cell,KCg,MBp4,right,,KCg-m,
720575940618150736,intrinsic,central,Kenyon_Cell,,MBp2,left,,KCab,KCab-m
720575940618185296,intrinsic,central,Kenyon_Cell,,MBp3,left,,KCab,KCab-m
720575940618225566,intrinsic,central,Kenyon_Cell,KCg,MBp1,left,,KCg-m,
720575940618353186,intrinsic,central,Kenyon_Cell,,MBp3,left,,KCab,KCab-m
720575940618419776,intrinsic,central,Kenyon_Cell,,MBp1,right,,KCapbp-m,KCab-m
720575940618425246,intrinsic,central,Kenyon_Cell,KCg,MBp4,left,,KCg-m,
720575940618497216,intrinsic,central,Kenyon_Cell,,MBp3,right,,KCab,KCab-m
720575940618696896,intrinsic,central,Kenyon_Cell,KCg,MBp3,left,,KCg-m,
720575940618790966,intrinsic,central,Kenyon_Cell,KCg,MBp4,left,,KCg-m,
720575940618869406,intrinsic,central,Kenyon_Cell,,MBp3,left,,KCab,KCab-s
720575940618886336,intrinsic,central,Kenyon_Cell,,MBp1,left,,KCapbp-m,KCab-m
720575940618894246,intrinsic,central,Kenyon_Cell,,MBp4,right,,KCab,KCab-c
720575940618905766,intrinsic,central,Kenyon_Cell,KCg,MBp1,right,,KCg-m,
720575940618975936,intrinsic,central,Kenyon_Cell,,MBp2,left,,KCab,KCab-s
720575940619062686,afferent,sensory,olfactory,pheromone,,left,AN,ORN_VA1v,
720575940619097816,afferent,sensory,olfactory,,,left,AN,ORN_VM2,
720575940619245016,intrinsic,central,DAN,,putative_primary,right,,PPL107,
720575940619251416,intrinsic,central,DAN,,CREa1_dorsal,left,,PAM08,
720575940619259886,intrinsic,central,Kenyon_Cell,KCg,MBp1,left,,KCg-m,
720575940619274456,intrinsic,central,Kenyon_Cell,,MBp3,left,,KCapbp-m,KCab-m
720575940619311286,intrinsic,central,Kenyon_Cell,,MBp2,left,,KCab,KCab-c
720575940619340446,afferent,sensory,olfactory,pheromone,,right,AN,ORN_DA1,
720575940619353766,intrinsic,central,Kenyon_Cell,,MBp4,left,,KCab,KCab-s
720575940619402576,intrinsic,central,DAN,,CREa1_dorsal,right,,PAM07,
720575940619412596,intrinsic,central,Kenyon_Cell,,MBp1,right,,KCab,KCab-m
720575940619430326,intrinsic,central,Kenyon_Cell,,MBp2,right,,KCab,KCab-m
720575940619443376,intrinsic,central,Kenyon_Cell,,MBp1,left,,KCab,KCab-m
720575940619454656,afferent,sensory,olfactory,,,right,AN,ORN_DM3,
720575940619466416,intrinsic,central,Kenyon_Cell,KCg,MBp1,left,,KCg-m,
720575940619475376,intrinsic,central,Kenyon_Cell,KCg,MBp3,left,,KCg-d,
720575940619511206,intrinsic,central,Kenyon_Cell,KCg,MBp4,left,,KCg-d,
720575940619514816,afferent,sensory,olfactory,,,left,AN,ORN_VM3,
720575940619559956,afferent,sensory,olfactory,,,right,AN,ORN_VL2a,
720575940619672656,intrinsic,central,Kenyon_Cell,KCg,MBp1,right,,KCg-m,
720575940619673936,intrinsic,central,Kenyon_Cell,KCg,MBp2,right,,KCg-m,
720575940619675056,afferent,sensory,olfactory,,,right,AN,ORN_DL5,
720575940619704656,intrinsic,central,Kenyon_Cell,,MBp3,left,,KCapbp-ap1,KCab-ap1
720575940619722576,intrinsic,central,Kenyon_Cell,KCg,MBp1,right,,KCg-d,
720575940619742656,intrinsic,central,Kenyon_Cell,,MBp2,right,,KCab,KCab-m
720575940619808756,intrinsic,central,Kenyon_Cell,,MBp1,right,,KCab,KCab-m
720575940619823536,intrinsic,central,DAN,,CREa2_medial,right,,PAM08,
720575940619855696,intrinsic,central,Kenyon_Cell,KCg,MBp1,left,,KCg-m,
720575940619960926,intrinsic,central,Kenyon_Cell,,MBp1,right,,KCapbp-ap2,KCab-ap2
720575940619964916,intrinsic,central,Kenyon_Cell,KCg,MBp4,left,,KCg-m,
720575940619970586,intrinsic,central,Kenyon_Cell,KCg,MBp4,right,,KCg-m,
720575940619976686,afferent,sensory,olfactory,,,right,AN,ORN_DA3,
720575940619977566,intrinsic,central,Kenyon_Cell,,MBp1,right,,KCab,KCab-c
720575940619978266,intrinsic,central,Kenyon_Cell,KCg,MBp4,right,,KCg-m,
720575940620002036,intrinsic,central,Kenyon_Cell,KCg,MBp1,left,,KCg-d,
720575940620039956,intrinsic,central,Kenyon_Cell,,MBp1,right,,KCapbp-ap2,KCab-ap2
720575940620056496,afferent,sensory,olfactory,,,left,AN,ORN_VM5d,
720575940620058236,intrinsic,central,Kenyon_Cell,,MBp4,right,,KCab,KCab-c
720575940620073606,intrinsic,central,Kenyon_Cell,KCg,MBp1,right,,KCg-m,
720575940620079856,intrinsic,central,Kenyon_Cell,KCg,MBp1,right,,KCg-m,
720575940620082096,afferent,sensory,olfactory,,,left,AN,ORN_VL2a,
720575940620126076,intrinsic,central,Kenyon_Cell,,MBp3,right,,KCapbp-ap1,KCab-ap1
720575940620153876,intrinsic,central,Kenyon_Cell,KCg,MBp3,right,,KCg-m,
720575940620154206,intrinsic,central,Kenyon_Cell,,MBp3,left,,KCapbp-ap2,KCab-ap2
720575940620196336,intrinsic,central,Kenyon_Cell,KCg,MBp3,left,,KCg-m,
720575940620307806,intrinsic,central,Kenyon_Cell,,MBp2,left,,KCapbp-ap2,KCab-ap2
720575940620316766,intrinsic,central,Kenyon_Cell,,MBp4,left,,KCab,KCab-c
720575940620326336,intrinsic,central,Kenyon_Cell,,MBp4,left,,KCapbp-ap1,KCab-ap1
720575940620349376,intrinsic,central,Kenyon_Cell,KCg,MBp1,left,,KCg-m,
720575940620352646,intrinsic,central,DAN,,CREa1_dorsal,left,,PAM12,
720575940620378246,intrinsic,central,Kenyon_Cell,KCg,MBp1,left,,KCg-m,
720575940620410606,intrinsic,central,Kenyon_Cell,,MBp3,right,,KCapbp-ap2,KCab-ap2
720575940620451916,intrinsic,central,Kenyon_Cell,KCg,MBp2,right,,KCg-m,
720575940620463536,intrinsic,central,Kenyon_Cell,,MBp3,left,,KCapbp-ap1,KCab-ap1
720575940620465996,intrinsic,central,Kenyon_Cell,,MBp1,right,,KCab,KCab-s
720575940620467836,intrinsic,central,Kenyon_Cell,,MBp4,left,,KCab-p,
720575940620472046,intrinsic,central,Kenyon_Cell,KCg,MBp2,left,,KCg-m,
720575940620477556,afferent,sensory,olfactory,,,left,AN,ORN_VM4,
720575940620538806,afferent,sensory,olfactory,pheromone,,right,AN,ORN_DA1,
720575940620673776,afferent,sensory,olfactory,pheromone,,right,AN,ORN_DL3,
720575940620684156,intrinsic,central,Kenyon_Cell,KCg,MBp1,right,,KCg-m,
720575940620685436,intrinsic,central,Kenyon_Cell,,MBp4,right,,KCab,KCab-m
720575940620750716,afferent,sensory,olfactory,,,left,AN,ORN_DM6,
720575940620774326,afferent,sensory,olfactory,,,right,AN,ORN_DA4m,
720575940620781446,afferent,sensory,olfactory,pheromone,,right,AN,ORN_VA1v,
720575940620810316,intrinsic,central,Kenyon_Cell,,MBp3,left,,KCab-p,
720575940620912086,afferent,sensory,olfactory,,,left,AN,ORN_DM4,
720575940620959256,intrinsic,central,Kenyon_Cell,KCg,MBp4,right,,KCg-m,
720575940620975696,intrinsic,central,MBIN,,putative_primary,left,,DPM,
720575940621022836,intrinsic,central,Kenyon_Cell,,MBp1,left,,KCab,KCab-c
720575940621072816,intrinsic,central,DAN,,CREa2_medial,left,,PAM12,
720575940621082996,intrinsic,central,DAN,,CREa1_dorsal,right,,PAM06,
720575940621121206,intrinsic,central,Kenyon_Cell,KCg,MBp1,right,,KCg-m,
720575940621146956,intrinsic,central,Kenyon_Cell,KCg,MBp3,right,,KCg-d,
720575940621162416,intrinsic,central,Kenyon_Cell,KCg,MBp3,right,,KCg-m,
720575940621163636,intrinsic,central,Kenyon_Cell,KCg,MBp1,right,,KCg-m,
720575940621166256,intrinsic,central,DAN,,CREa1_dorsal,left,,PAM12,
720575940621178206,intrinsic,central,Kenyon_Cell,,MBp2,right,,KCab,KCab-s
720575940621187166,intrinsic,central,Kenyon_Cell,,MBp1,left,,KCab,KCab-m
720575940621192436,afferent,sensory,olfactory,,,left,AN,ORN_V,
720575940621196826,afferent,sensory,olfactory,pheromone,,right,AN,ORN_VA1v,
720575940621203376,intrinsic,central,Kenyon_Cell,,MBp3,right,,KCab,KCab-m
720575940621204556,afferent,sensory,olfactory,,,right,AN,ORN_DM3,
720575940621207216,intrinsic,central,Kenyon_Cell,KCg,MBp2,right,,KCg-m,
720575940621236406,intrinsic,central,Kenyon_Cell,,MBp4,left,,KCab,KCab-m
720575940621250486,intrinsic,central,Kenyon_Cell,,MBp1,right,,KCab,KCab-s
720575940621284446,intrinsic,central,DAN,,CREa1_dorsal,right,,PAM04,
720575940621351876,intrinsic,central,Kenyon_Cell,,MBp4,right,,KCab,KCab-c
720575940621376196,intrinsic,central,Kenyon_Cell,,MBp3,right,,KCab,KCab-s
720575940621391636,intrinsic,central,Kenyon_Cell,,MBp4,right,,KCab,KCab-m
720575940621398366,afferent,sensory,olfactory,,,right,AN,ORN_DM4,
720575940621413926,intrinsic,central,Kenyon_Cell,,MBp2,right,,KCapbp-ap2,KCab-ap2
720575940621491696,intrinsic,central,Kenyon_Cell,KCg,MBp1,right,,KCg-m,
720575940621540446,afferent,sensory,olfactory,pheromone,,right,AN,ORN_DA1,
720575940621552116,intrinsic,central,Kenyon_Cell,KCg,MBp1,right,,KCg-m,
720575940621561226,intrinsic,central,Kenyon_Cell,,MBp4,right,,KCab,KCab-c
720575940621574026,intrinsic,central,Kenyon_Cell,KCg,MBp3,right,,KCg-m,
720575940621616776,intrinsic,central,Kenyon_Cell,KCg,MBp3,left,,KCg-m,
720575940621617286,intrinsic,central,DAN,,CREa1_dorsal,left,,PAM08,
720575940621626406,intrinsic,central,Kenyon_Cell,,MBp2,left,,KCab,KCab-c
720575940621650116,intrinsic,central,Kenyon_Cell,KCg,MBp4,left,,KCg-d,
720575940621688926,intrinsic,central,Kenyon_Cell,KCg,MBp1,right,,KCg-m,
720575940621784926,intrinsic,central,Kenyon_Cell,KCg,MBp2,left,,KCg-m,
720575940621791356,intrinsic,central,Kenyon_Cell,KCg,MBp4,right,,KCg-m,
720575940621809246,intrinsic,central,Kenyon_Cell,KCg,MBp1,right,,KCg-m,
720575940621812006,intrinsic,central,Kenyon_Cell,KCg,MBp4,left,,KCg-m,
720575940621839086,intrinsic,central,Kenyon_Cell,,MBp4,right,,KCapbp-m,KCab-m
720575940621863006,intrinsic,central,Kenyon_Cell,,MBp2,right,,KCapbp-m,KCab-m
720575940621873246,intrinsic,central,Kenyon_Cell,KCg,MBp4,right,,KCg-m,
720575940621897496,afferent,sensory,olfactory,,,left,AN,ORN_VA3,
720575940621904166,afferent,sensory,olfactory,,,left,MxLbN,ORN_VA7l,
720575940621912346,intrinsic,central,Kenyon_Cell,KCg,MBp4,left,,KCg-m,
720575940621920746,intrinsic,central,Kenyon_Cell,,MBp1,left,,KCab,KCab-s
720575940621925726,intrinsic,central,Kenyon_Cell,KCg,MBp3,left,,KCg-m,
720575940621926536,afferent,sensory,olfactory,,,right,AN,ORN_VL2a,
720575940621947486,intrinsic,central,Kenyon_Cell,,MBp3,right,,KCapbp-m,KCab-m
720575940622003316,intrinsic,central,Kenyon_Cell,,MBp3,right,,KCab-p,
720575940622006506,intrinsic,central,Kenyon_Cell,,MBp4,left,,KCab,KCab-s
720575940622050186,intrinsic,central,Kenyon_Cell,KCg,MBp4,right,,KCg-m,
720575940622060426,intrinsic,central,Kenyon_Cell,,MBp3,left,,KCapbp-ap1,KCab-ap1
720575940622067956,afferent,sensory,olfactory,pheromone,,right,AN,ORN_VA1d,
720575940622093436,intrinsic,central,MBON,,DL1_dorsal,right,,MBON15,
720575940622112636,intrinsic,central,Kenyon_Cell,,MBp3,right,,KCab,KCab-m
720575940622133206,intrinsic,central,Kenyon_Cell,,MBp3,right,,KCab,KCab-c
720575940622149196,intrinsic,central,Kenyon_Cell,KCg,MBp3,left,,KCg-m,
720575940622229836,intrinsic,central,Kenyon_Cell,,MBp4,left,,KCab,KCab-s
720575940622272076,intrinsic,central,Kenyon_Cell,KCg,MBp1,left,,KCg-m,
720575940622307096,intrinsic,central,Kenyon_Cell,KCg,MBp1,left,,KCg-m,
720575940622452006,afferent,sensory,olfactory,,,left,AN,ORN_VM3,
720575940622697196,intrinsic,central,Kenyon_Cell,KCg,MBp3,right,,KCg-m,
720575940622768266,intrinsic,central,Kenyon_Cell,KCg,MBp3,right,,KCg-m,
720575940622809046,afferent,sensory,olfactory,pheromone,,right,AN,ORN_VA1d,
720575940622820586,intrinsic,central,Kenyon_Cell,KCg,MBp3,right,,KCg-m,
720575940622830856,intrinsic,central,Kenyon_Cell,KCg,MBp1,left,,KCg-m,
720575940622839956,intrinsic,central,Kenyon_Cell,KCg,MBp2,left,,KCg-m,
720575940622888456,intrinsic,central,Kenyon_Cell,,MBp1,left,,KCab,KCab-s
720575940622972686,intrinsic,central,Kenyon_Cell,KCg,MBp4,right,,KCg-m,
720575940622981646,intrinsic,central,Kenyon_Cell,KCg,MBp4,right,,KCg-m,
720575940623003016,intrinsic,central,Kenyon_Cell,KCg,MBp1,left,,KCg-m,
720575940623009416,intrinsic,central,Kenyon_Cell,KCg,MBp2,right,,KCg-m,
720575940623018986,intrinsic,central,Kenyon_Cell,,MBp3,left,,KCab,KCab-s
720575940623066406,intrinsic,central,Kenyon_Cell,,MBp2,left,,KCab,KCab-s
720575940623095276,intrinsic,central,Kenyon_Cell,,MBp4,left,,KCab,KCab-s
720575940623102396,intrinsic,central,Kenyon_Cell,KCg,MBp2,right,,KCg-m,
720575940623165636,intrinsic,central,Kenyon_Cell,,MBp1,left,,KCab,KCab-s
720575940623218666,intrinsic,central,Kenyon_Cell,KCg,MBp2,left,,KCg-m,
720575940623242476,afferent,sensory,olfactory,,,right,AN,ORN_VL1,
720575940623321226,intrinsic,central,Kenyon_Cell,KCg,MBp3,left,,KCg-m,
720575940623359466,afferent,sensory,olfactory,,,left,AN,ORN_DA4l,
720575940623381956,intrinsic,central,MBON,,putative_primary,right,,MBON07,
720575940623386506,intrinsic,central,Kenyon_Cell,KCg,MBp4,right,,KCg-m,
720575940623390186,intrinsic,central,Kenyon_Cell,KCg,MBp1,left,,KCg-m,
720575940623464316,intrinsic,central,MBON,,putative_primary,right,,MBON24,
720575940623509256,afferent,sensory,olfactory,,,left,AN,ORN_VM4,
720575940623521806,intrinsic,central,Kenyon_Cell,,MBp4,right,,KCab,KCab-s
720575940623707656,intrinsic,central,Kenyon_Cell,KCg,MBp3,left,,KCg-m,
720575940623747086,afferent,sensory,olfactory,pheromone,,left,AN,ORN_DA1,
720575940623801276,afferent,sensory,olfactory,,,right,AN,ORN_VA2,
720575940623816596,afferent,sensory,olfactory,,,right,AN,ORN_DL4,
720575940623927956,afferent,sensory,olfactory,pheromone,,left,AN,ORN_DA1,
720575940623943316,intrinsic,central,Kenyon_Cell,,MBp3,left,,KCab,KCab-s
720575940623959566,afferent,sensory,olfactory,,,left,AN,ORN_DL4,
720575940623962516,intrinsic,central,Kenyon_Cell,KCg,MBp2,left,,KCg-m,
720575940623972756,intrinsic,central,Kenyon_Cell,KCg,MBp3,left,,KCg-m,
720575940623973356,afferent,sensory,olfactory,,,left,AN,ORN_DA4m,
720575940623981576,afferent,sensory,olfactory,,,left,AN,ORN_D,
720575940624036656,intrinsic,central,Kenyon_Cell,,MBp2,left,,KCapbp-ap2,KCab-ap2
720575940624061116,afferent,sensory,olfactory,,,right,AN,ORN_VM2,
720575940624095246,afferent,sensory,olfactory,,,right,AN,ORN_VL2a,
720575940624107706,intrinsic,central,Kenyon_Cell,,MBp2,right,,KCab,KCab-s
720575940624125626,intrinsic,central,Kenyon_Cell,,MBp3,right,,KCab,KCab-m
720575940624147976,intrinsic,central,Kenyon_Cell,,MBp1,left,,KCab,KCab-m
720575940624149256,intrinsic,central,Kenyon_Cell,,MBp1,right,,KCapbp-ap2,KCab-ap2
720575940624158906,intrinsic,central,Kenyon_Cell,,MBp1,right,,KCab,KCab-m
720575940624159376,intrinsic,central,Kenyon_Cell,,MBp4,right,,KCapbp-ap2,KCab-ap2
720575940624224526,intrinsic,central,Kenyon_Cell,KCg,MBp2,left,,KCg-m,
720575940624266936,intrinsic,central,Kenyon_Cell,,MBp2,left,,KCab,KCab-m
720575940624271716,intrinsic,central,Kenyon_Cell,KCg,MBp1,right,,KCg-m,
720575940624296376,intrinsic,central,Kenyon_Cell,KCg,MBp1,right,,KCg-m,
720575940624327196,intrinsic,central,Kenyon_Cell,,MBp4,right,,KCab,KCab-m
720575940624329146,intrinsic,central,Kenyon_Cell,,MBp3,left,,KCab,KCab-c
720575940624406986,intrinsic,central,DAN,,CREa2_medial,right,,PAM14,
720575940624429036,intrinsic,central,Kenyon_Cell,KCg,MBp4,right,,KCg-m,
720575940624494996,intrinsic,central,Kenyon_Cell,KCg,MBp1,right,,KCg-m,
720575940624526266,intrinsic,central,Kenyon_Cell,,MBp2,left,,KCab,KCab-m
720575940624537836,intrinsic,central,Kenyon_Cell,KCg,MBp2,right,,KCg-m,
720575940624549646,intrinsic,central,Kenyon_Cell,,MBp4,left,,KCapbp-m,KCab-m
720575940624562836,intrinsic,central,Kenyon_Cell,KCg,MBp1,right,,KCg-d,
720575940624590316,intrinsic,central,MBON,,putative_primary,right,,MBON03,
720575940624601236,intrinsic,central,Kenyon_Cell,,MBp4,right,,KCapbp-m,KCab-m
720575940624638396,intrinsic,central,Kenyon_Cell,KCg,MBp1,right,,KCg-m,
720575940624669966,afferent,sensory,olfactory,,,left,AN,ORN_DA4l,
720575940624682426,intrinsic,central,Kenyon_Cell,KCg,MBp4,right,,KCg-m,
720575940624689336,afferent,sensory,olfactory,,,right,AN,ORN_DM1,
720575940624711216,afferent,sensory,olfactory,pheromone,,right,AN,ORN_DL3,
720575940624716746,afferent,sensory,olfactory,,,right,AN,ORN_DC4,
720575940624773646,intrinsic,central,Kenyon_Cell,KCg,MBp2,left,,KCg-m,
720575940624776206,intrinsic,central,Kenyon_Cell,,MBp3,left,,KCapbp-m,KCab-m
720575940624851726,intrinsic,central,Kenyon_Cell,KCg,MBp4,left,,KCg-m,
720575940624853276,afferent,sensory,olfactory,,,right,AN,ORN_DL5,
720575940624922256,intrinsic,central,Kenyon_Cell,,MBp3,left,,KCapbp-m,KCab-m
720575940624941326,intrinsic,central,Kenyon_Cell,KCg,MBp4,right,,KCg-m,
720575940624945666,intrinsic,central,Kenyon_Cell,,MBp2,left,,KCapbp-ap1,KCab-ap1
720575940624946446,intrinsic,central,Kenyon_Cell,,MBp4,left,,KCab,KCab-s
720575940624974266,afferent,sensory,olfactory,,,left,AN,ORN_VA5,
720575940625002526,intrinsic,central,Kenyon_Cell,,MBp3,right,,KCapbp-ap1,KCab-ap1
720575940625050826,afferent,sensory,olfactory,,,right,AN,ORN_VL2a,
720575940625187586,intrinsic,central,Kenyon_Cell,,MBp2,left,,KCapbp-ap2,KCab-ap2
720575940625215416,afferent,sensory,olfactory,,,right,AN,ORN_VM3,
720575940625258506,intrinsic,central,Kenyon_Cell,KCg,MBp3,right,,KCg-d,
720575940625273116,afferent,sensory,olfactory,,,right,MxLbN,ORN_VM7d,
720575940625292606,intrinsic,central,Kenyon_Cell,KCg,MBp2,right,,KCg-m,
720575940625312186,intrinsic,central,Kenyon_Cell,KCg,MBp1,left,,KCg-m,
720575940625323326,intrinsic,central,Kenyon_Cell,KCg,MBp3,right,,KCg-m,
720575940625329726,intrinsic,central,Kenyon_Cell,KCg,MBp2,left,,KCg-m,
720575940625331006,intrinsic,central,Kenyon_Cell,KCg,MBp1,right,,KCg-m,
720575940625337546,afferent,sensory,olfactory,,,left,AN,ORN_D,
720575940625343546,intrinsic,central,Kenyon_Cell,KCg,MBp4,right,,KCg-d,
720575940625352456,intrinsic,central,DAN,,CREa2_medial,left,,PAM01,aSP13
720575940625513616,intrinsic,central,Kenyon_Cell,,MBp4,left,,KCab,KCab-s
720575940625516436,intrinsic,central,Kenyon_Cell,KCg,MBp2,left,,KCg-m,
720575940625539786,afferent,sensory,olfactory,,,left,AN,ORN_DM3,
720575940625564816,intrinsic,central,Kenyon_Cell,,MBp1,right,,KCapbp-m,KCab-m
720575940625568186,intrinsic,central,DAN,,CREa1_dorsal,left,,PAM08,
720575940625607946,intrinsic,central,Kenyon_Cell,,MBp3,left,,KCab-p,
720575940625625136,intrinsic,central,Kenyon_Cell,,MBp3,right,,KCapbp-ap2,KCab-ap2
720575940625646876,intrinsic,central,Kenyon_Cell,KCg,MBp1,right,,KCg-m,
720575940625671426,afferent,sensory,olfactory,,,right,AN,ORN_VA6,
720575940625683716,intrinsic,central,DAN,,CREa2_medial,left,,PAM01,aSP13
720575940625692816,intrinsic,central,Kenyon_Cell,,MBp4,right,,KCab,KCab-s
720575940625718696,intrinsic,central,Kenyon_Cell,KCg,MBp4,right,,KCg-m,
720575940625721866,intrinsic,central,Kenyon_Cell,KCg,MBp1,right,,KCg-d,
720575940625732496,intrinsic,central,Kenyon_Cell,,MBp2,right,,KCab,KCab-s
720575940625744466,intrinsic,central,Kenyon_Cell,,MBp3,left,,KCab,KCab-c
720575940625749586,intrinsic,central,Kenyon_Cell,,MBp2,left,,KCab,KCab-m
720575940625760816,afferent,sensory,olfactory,,,right,AN,,
720575940625765306,intrinsic,central,Kenyon_Cell,KCg,MBp4,right,,KCg-m,
720575940625818426,afferent,sensory,olfactory,,,left,AN,ORN_VM5d,
720575940625852446,afferent,sensory,olfactory,,,left,AN,ORN_VM5d,
720575940625860026,intrinsic,central,Kenyon_Cell,KCg,MBp3,left,,KCg-m,
720575940625903626,intrinsic,central,Kenyon_Cell,,MBp2,left,,KCab-p,
720575940625927626,intrinsic,central,Kenyon_Cell,,MBp1,left,,KCab,KCab-m
720575940625931266,intrinsic,central,DAN,,CREa2_medial,right,,PAM06,
720575940625940456,intrinsic,central,Kenyon_Cell,KCg,MBp4,right,,KCg-m,
720575940625944266,intrinsic,central,Kenyon_Cell,KCg,MBp1,left,,KCg-m,
720575940625953466,afferent,sensory,olfactory,,,right,AN,ORN_VL2a,
720575940626047536,afferent,sensory,olfactory,pheromone,,right,AN,ORN_DA1,
720575940626081176,intrinsic,central,Kenyon_Cell,KCg,MBp4,right,,KCg-m,
720575940626081636,intrinsic,central,Kenyon_Cell,KCg,MBp2,left,,KCg-m,
720575940626170826,afferent,sensory,olfactory,pheromone,,right,AN,ORN_VA1d,
720575940626194716,intrinsic,central,Kenyon_Cell,,MBp4,right,,KCab,KCab-s
720575940626234626,intrinsic,central,Kenyon_Cell,KCg,MBp2,left,,KCg-m,
720575940626239236,intrinsic,central,Kenyon_Cell,,MBp1,left,,KCab,KCab-c
720575940626275656,intrinsic,central,Kenyon_Cell,,MBp4,left,,KCab,KCab-s
720575940626313546,intrinsic,central,Kenyon_Cell,,MBp3,right,,KCapbp-m,KCab-m
720575940626356306,afferent,sensory,olfactory,,,left,AN,ORN_VM5d,
720575940626357586,afferent,sensory,olfactory,,,left,AN,ORN_DA2,
720575940626362696,intrinsic,central,Kenyon_Cell,,MBp4,right,,KCab,KCab-s
720575940626364956,intrinsic,central,Kenyon_Cell,KCg,MBp4,left,,KCg-m,
720575940626404776,intrinsic,central,Kenyon_Cell,KCg,MBp3,left,,KCg-m,
720575940626455326,intrinsic,central,DAN,,CREa1_dorsal,right,,PAM06,
720575940626461706,afferent,sensory,olfactory,,,left,AN,ORN_DL4,
720575940626465286,intrinsic,central,Kenyon_Cell,KCg,MBp4,left,,KCg-d,
720575940626467836,intrinsic,central,Kenyon_Cell,,MBp1,left,,KCab,KCab-m
720575940626516026,afferent,sensory,olfactory,,,right,AN,ORN_DM6,
720575940626534226,afferent,sensory,olfactory,,,left,AN,ORN_DM4,
720575940626607626,afferent,sensory,olfactory,,,right,AN,ORN_VA3,
720575940626618696,afferent,sensory,olfactory,,,right,AN,ORN_VM5v,
720575940626681886,afferent,sensory,olfactory,,,right,AN,ORN_DM5,
720575940626689176,intrinsic,central,Kenyon_Cell,,MBp2,left,,KCab,KCab-s
720575940626724946,intrinsic,central,Kenyon_Cell,KCg,MBp3,left,,KCg-m,
720575940626734436,intrinsic,central,Kenyon_Cell,,MBp1,left,,KCab,KCab-m
720575940626742866,intrinsic,central,Kenyon_Cell,,MBp4,right,,KCab,KCab-c
720575940626822916,afferent,sensory,olfactory,,,left,AN,ORN_V,
720575940626879996,afferent,sensory,olfactory,,,right,AN,ORN_DL1,
720575940626916126,intrinsic,central,Kenyon_Cell,,MBp3,left,,KCapbp-ap2,KCab-ap2
720575940626930186,intrinsic,central,Kenyon_Cell,KCg,MBp1,left,,KCg-m,
720575940626941446,intrinsic,central,Kenyon_Cell,KCg,MBp1,right,,KCg-d,
720575940626974266,afferent,sensory,olfactory,,,right,AN,ORN_DA3,
720575940627043666,intrinsic,central,Kenyon_Cell,,MBp2,right,,KCab,KCab-c
720575940627045636,intrinsic,central,Kenyon_Cell,KCg,MBp1,right,,KCg-m,
720575940627060476,afferent,sensory,olfactory,,,left,AN,ORN_VC4,
720575940627069256,afferent,sensory,olfactory,pheromone,,,AN,ORN_VA1d,
720575940627086596,intrinsic,central,Kenyon_Cell,KCg,MBp2,left,,KCg-m,
720575940627101706,intrinsic,central,Kenyon_Cell,KCg,MBp2,left,,KCg-m,
720575940627120536,afferent,sensory,olfactory,pheromone,,left,AN,ORN_VA1v,
720575940627158866,intrinsic,central,Kenyon_Cell,KCg,MBp3,left,,KCg-m,
720575940627172936,intrinsic,central,Kenyon_Cell,,MBp3,left,,KCapbp-m,KCab-m
720575940627185896,afferent,sensory,olfactory,,,left,AN,ORN_DA3,
720575940627194426,intrinsic,central,Kenyon_Cell,KCg,MBp2,right,,KCg-m,
720575940627205386,intrinsic,central,Kenyon_Cell,KCg,MBp1,right,,KCg-m,
720575940627208196,afferent,sensory,olfactory,,,right,AN,ORN_DA4l,
720575940627213736,afferent,sensory,olfactory,,,left,AN,ORN_DL1,
720575940627230986,intrinsic,central,Kenyon_Cell,,MBp2,right,,KCapbp-ap1,KCab-ap1
720575940627251216,intrinsic,central,Kenyon_Cell,KCg,MBp4,left,,KCg-d,
720575940627251786,afferent,sensory,olfactory,pheromone,,right,AN,ORN_DL3,
720575940627318696,afferent,sensory,olfactory,,,left,AN,ORN_DA2,
720575940627389256,intrinsic,central,Kenyon_Cell,KCg,MBp1,left,,KCg-m,
720575940627397386,afferent,sensory,olfactory,,,right,AN,ORN_VA6,
720575940627564616,intrinsic,central,Kenyon_Cell,,MBp1,left,,KCab,KCab-c
720575940627568646,intrinsic,central,Kenyon_Cell,KCg,MBp1,right,,KCg-m,
720575940627573766,intrinsic,central,Kenyon_Cell,,MBp1,left,,KCapbp-ap2,KCab-ap2
720575940627585286,intrinsic,central,Kenyon_Cell,KCg,MBp4,right,,KCg-m,
720575940627621626,intrinsic,central,Kenyon_Cell,,MBp3,right,,KCab,KCab-c
720575940627636476,afferent,sensory,olfactory,pheromone,,right,AN,ORN_DA1,
720575940627680516,intrinsic,central,DAN,,CREa1_dorsal,left,,PAM07,
720575940627732296,afferent,sensory,olfactory,,,left,AN,ORN_VL1,
720575940627800446,intrinsic,central,Kenyon_Cell,KCg,MBp4,left,,KCg-d,
720575940627804136,intrinsic,central,Kenyon_Cell,,MBp3,left,,KCab,KCab-c
720575940627805096,afferent,sensory,olfactory,,,right,AN,ORN_DA2,
720575940627834856,intrinsic,central,Kenyon_Cell,,MBp3,left,,KCab,KCab-c
720575940627861736,intrinsic,central,Kenyon_Cell,KCg,MBp4,right,,KCg-m,
720575940627906536,intrinsic,central,Kenyon_Cell,KCg,MBp1,left,,KCg-m,
720575940627931466,intrinsic,central,Kenyon_Cell,KCg,MBp2,right,,KCg-m,
720575940627935996,intrinsic,central,Kenyon_Cell,KCg,MBp3,left,,KCg-m,
720575940627958466,intrinsic,central,Kenyon_Cell,,MBp1,left,,KCab,KCab-m
720575940627960826,intrinsic,central,Kenyon_Cell,,MBp2,left,,KCab,KCab-m
720575940627969786,intrinsic,central,Kenyon_Cell,,MBp1,left,,KCab,KCab-c
720575940627987756,intrinsic,central,Kenyon_Cell,,MBp4,right,,KCab,KCab-c
720575940628060166,intrinsic,central,Kenyon_Cell,,MBp3,right,,KCab,KCab-c
720575940628103806,intrinsic,central,Kenyon_Cell,,MBp2,right,,KCapbp-m,KCab-m
720575940628107776,intrinsic,central,Kenyon_Cell,,MBp1,left,,KCab,KCab-m
720575940628134266,intrinsic,central,Kenyon_Cell,KCg,MBp1,left,,KCg-d,
720575940628138246,intrinsic,central,Kenyon_Cell,,MBp3,right,,KCapbp-m,KCab-m
720575940628215056,intrinsic,central,Kenyon_Cell,KCg,MBp4,right,,KCg-d,
720575940628238586,intrinsic,central,Kenyon_Cell,KCg,MBp1,left,,KCg-m,
720575940628309186,intrinsic,central,Kenyon_Cell,,MBp2,right,,KCab,KCab-s
720575940628358406,afferent,sensory,olfactory,,,right,AN,ORN_DM3,
720575940628367836,intrinsic,central,Kenyon_Cell,,MBp4,right,,KCapbp-ap1,KCab-ap1
720575940628385546,intrinsic,central,Kenyon_Cell,,MBp4,left,,KCapbp-ap2,KCab-ap2
720575940628394716,intrinsic,central,Kenyon_Cell,KCg,MBp4,right,,KCg-m,
720575940628429056,afferent,sensory,olfactory,,,right,AN,ORN_DM1,
720575940628476716,intrinsic,central,Kenyon_Cell,,MBp2,right,,KCapbp-ap1,KCab-ap1
720575940628484396,intrinsic,central,Kenyon_Cell,KCg,MBp2,left,,KCg-m,
720575940628514156,intrinsic,central,Kenyon_Cell,,MBp3,right,,KCab-p,
720575940628533356,intrinsic,central,Kenyon_Cell,,MBp3,right,,KCab,KCab-s
720575940628565776,afferent,sensory,olfactory,,,right,AN,ORN_VA6,
720575940628599296,afferent,sensory,olfactory,,,left,AN,ORN_DP1m,
720575940628599746,afferent,sensory,olfactory,,,left,AN,ORN_VM5v,
720575940628621316,afferent,sensory,olfactory,,,left,AN,ORN_DM1,
720575940628624956,afferent,sensory,olfactory,,,left,MxLbN,ORN_VC1,
720575940628673786,afferent,sensory,olfactory,pheromone,,left,AN,ORN_DC3,
720575940628674686,afferent,sensory,olfactory,,,left,AN,ORN_DM3,
720575940628677626,afferent,sensory,olfactory,,,right,AN,ORN_DM2,
720575940628734376,intrinsic,central,MBON,,putative_primary,right,,MBON04,
720575940628777466,intrinsic,central,Kenyon_Cell,KCg,MBp3,left,,KCg-m,
720575940628788496,intrinsic,central,Kenyon_Cell,,MBp4,right,,KCapbp-ap1,KCab-ap1
720575940628806876,intrinsic,central,Kenyon_Cell,,MBp3,left,,KCab,KCab-m
720575940628808186,intrinsic,central,Kenyon_Cell,KCg,MBp4,left,,KCg-m,
720575940628822906,afferent,sensory,olfactory,,,left,AN,ORN_DM3,
720575940628837436,afferent,sensory,olfactory,,,right,AN,ORN_VM6m,ORN_VC5
720575940628863036,intrinsic,central,Kenyon_Cell,,MBp2,left,,KCab,KCab-m
720575940628888796,intrinsic,central,Kenyon_Cell,,MBp1,left,,KCab,KCab-s
720575940628901246,intrinsic,central,Kenyon_Cell,KCg,MBp3,left,,KCg-m,
720575940628981036,afferent,sensory,olfactory,,,left,AN,ORN_VC3,ORN_VC3l
720575940629009786,afferent,sensory,olfactory,,,right,AN,ORN_VA3,
720575940629020176,afferent,sensory,olfactory,,,right,AN,ORN_DA4l,
720575940629127936,intrinsic,central,Kenyon_Cell,KCg,MBp4,left,,KCg-m,
720575940629133056,intrinsic,central,Kenyon_Cell,,MBp1,right,,KCab,KCab-m
720575940629172736,intrinsic,central,Kenyon_Cell,KCg,MBp2,left,,KCg-m,
720575940629211666,intrinsic,central,Kenyon_Cell,,MBp2,right,,KCab,KCab-s
720575940629260406,intrinsic,central,Kenyon_Cell,,MBp4,right,,KCapbp-ap1,KCab-ap1
720575940629271596,intrinsic,central,Kenyon_Cell,KCg,MBp1,right,,KCg-m,
720575940629294636,intrinsic,central,Kenyon_Cell,KCg,MBp1,right,,KCg-m,
720575940629295916,intrinsic,central,Kenyon_Cell,KCg,MBp2,left,,KCg-m,
720575940629319106,intrinsic,central,Kenyon_Cell,,MBp3,right,,KCab-p,
720575940629322746,intrinsic,central,Kenyon_Cell,,MBp2,left,,KCab,KCab-m
720575940629332606,intrinsic,central,Kenyon_Cell,KCg,MBp1,right,,KCg-m,
720575940629388026,intrinsic,central,Kenyon_Cell,KCg,MBp1,left,,KCg-m,
720575940629422086,intrinsic,central,MBON,,putative_primary,left,,MBON09,
720575940629445626,intrinsic,central,Kenyon_Cell,,MBp2,left,,KCapbp-ap1,KCab-ap1
720575940629453116,afferent,sensory,olfactory,,,left,AN,ORN_DC4,
720575940629456146,intrinsic,central,Kenyon_Cell,,MBp1,left,,KCab,KCab-c
720575940629498306,intrinsic,central,Kenyon_Cell,KCg,MBp1,right,,KCg-m,
720575940629502506,intrinsic,central,Kenyon_Cell,KCg,MBp2,right,,KCg-m,
720575940629507706,intrinsic,central,Kenyon_Cell,,MBp1,right,,KCab-p,
720575940629515306,intrinsic,central,Kenyon_Cell,KCg,MBp1,right,,KCg-m,
720575940629540546,afferent,sensory,olfactory,pheromone,,,AN,ORN_VA1v,
720575940629563006,intrinsic,central,Kenyon_Cell,KCg,MBp3,right,,KCg-m,
720575940629564286,intrinsic,central,DAN,,CREa2_medial,right,,PAM08,aSP13
720575940629578366,intrinsic,central,Kenyon_Cell,KCg,MBp2,left,,KCg-m,
720575940629579836,intrinsic,central,DAN,,CREa1_dorsal,right,,PAM04,
720575940629591746,afferent,sensory,olfactory,pheromone,,right,AN,ORN_DC3,
720575940629611996,afferent,sensory,olfactory,,,left,AN,ORN_VA3,
720575940629625466,intrinsic,central,Kenyon_Cell,,MBp3,right,,KCab,KCab-c
720575940629633406,intrinsic,central,Kenyon_Cell,,MBp3,left,,KCab,KCab-m
720575940629644666,intrinsic,central,Kenyon_Cell,KCg,MBp4,right,,KCg-d,
720575940629746626,intrinsic,central,Kenyon_Cell,KCg,MBp3,left,,KCg-m,
720575940629821756,afferent,sensory,olfactory,,,right,AN,ORN_VM6m,ORN_VC5
720575940629834796,intrinsic,central,Kenyon_Cell,,MBp2,right,,KCab,KCab-m
720575940629849196,intrinsic,central,Kenyon_Cell,KCg,MBp1,right,,KCg-m,
720575940629855596,intrinsic,central,Kenyon_Cell,KCg,MBp4,right,,KCg-m,
720575940629871146,intrinsic,central,Kenyon_Cell,,MBp1,left,,KCapbp-ap2,KCab-ap2
720575940629922166,intrinsic,central,Kenyon_Cell,KCg,MBp2,right,,KCg-m,
720575940629955446,intrinsic,central,Kenyon_Cell,KCg,MBp1,left,,KCg-m,
720575940629963116,afferent,sensory,olfactory,pheromone,,right,AN,ORN_DA1,
720575940629967756,intrinsic,central,Kenyon_Cell,KCg,MBp3,right,,KCg-m,
720575940629978666,intrinsic,central,Kenyon_Cell,KCg,MBp2,right,,KCg-m,
720575940630026856,intrinsic,central,Kenyon_Cell,,MBp2,right,,KCab,KCab-s
720575940630038156,intrinsic,central,Kenyon_Cell,KCg,MBp1,right,,KCg-m,
720575940630063676,intrinsic,central,Kenyon_Cell,KCg,MBp2,right,,KCg-m,
720575940630067816,intrinsic,central,Kenyon_Cell,,MBp2,right,,KCab,KCab-m
720575940630109756,intrinsic,central,Kenyon_Cell,KCg,MBp3,right,,KCg-m,
720575940630166646,intrinsic,central,Kenyon_Cell,KCg,MBp3,left,,KCg-d,
720575940630251576,intrinsic,central,Kenyon_Cell,KCg,MBp1,right,,KCg-d,
720575940630284306,afferent,sensory,olfactory,,,right,AN,ORN_D,
720575940630384246,afferent,sensory,olfactory,,,right,AN,ORN_VM2,
720575940630456996,intrinsic,central,Kenyon_Cell,,MBp1,right,,KCab,KCab-m
720575940630537676,intrinsic,central,Kenyon_Cell,,MBp4,right,,KCab,KCab-c
720575940630547916,intrinsic,central,Kenyon_Cell,,MBp3,right,,KCab,KCab-m
720575940630722956,intrinsic,central,DAN,,CREa1_dorsal,left,,PAM01,aSP13
720575940630786346,intrinsic,central,Kenyon_Cell,,MBp4,left,,KCab,KCab-s
720575940630833706,intrinsic,central,Kenyon_Cell,KCg,MBp1,left,,KCg-m,
720575940630926866,intrinsic,central,Kenyon_Cell,,MBp3,left,,KCab,KCab-s
720575940630947176,afferent,sensory,olfactory,,,left,MxLbN,ORN_VM7d,
720575940630983186,intrinsic,central,Kenyon_Cell,,MBp3,left,,KCab,KCab-s
720575940630990756,afferent,sensory,olfactory,,,right,MxLbN,ORN_VM7d,
720575940631002386,intrinsic,central,Kenyon_Cell,KCg,MBp1,right,,KCg-m,
720575940631005046,intrinsic,central,DAN,,CREa1_dorsal,left,,PAM14,
720575940631043896,intrinsic,central,Kenyon_Cell,,MBp3,left,,KCab,KCab-c
720575940631117586,intrinsic,central,DAN,,CREa2_medial,left,,PAM06,
720575940631141516,afferent,sensory,olfactory,,,left,AN,ORN_VM3,
720575940631198776,intrinsic,central,DAN,,CREa1_dorsal,right,,PAM04,
720575940631203896,afferent,sensory,olfactory,,,left,AN,ORN_VA2,
720575940631239076,afferent,sensory,olfactory,,,right,MxLbN,ORN_VA4,
720575940631240296,afferent,sensory,olfactory,,,left,AN,ORN_DM1,
720575940631295116,afferent,sensory,olfactory,,,right,AN,ORN_DM2,
720575940631302186,intrinsic,central,Kenyon_Cell,KCg,MBp4,left,,KCg-m,
720575940631342476,intrinsic,central,Kenyon_Cell,KCg,MBp3,right,,KCg-m,
720575940631474316,afferent,sensory,olfactory,,,right,AN,ORN_DM4,
720575940631512376,afferent,sensory,olfactory,,,right,MxLbN,ORN_VC2,
720575940631616056,afferent,sensory,olfactory,,,left,AN,ORN_DA4m,
720575940631629866,afferent,sensory,olfactory,pheromone,,right,AN,ORN_DA1,
720575940631756136,intrinsic,central,Kenyon_Cell,KCg,MBp3,right,,KCg-m,
720575940631774776,intrinsic,central,Kenyon_Cell,,MBp3,left,,KCapbp-ap1,KCab-ap1
720575940631842956,intrinsic,central,Kenyon_Cell,KCg,MBp1,right,,KCg-m,
720575940631919756,intrinsic,central,Kenyon_Cell,KCg,MBp2,left,,KCg-m,
720575940631923816,afferent,sensory,olfactory,,,left,AN,ORN_DM2,
720575940631925096,afferent,sensory,olfactory,,,left,AN,ORN_VM6v,ORN_VC5
720575940632009356,intrinsic,central,Kenyon_Cell,KCg,MBp3,right,,KCg-d,
720575940632063396,afferent,sensory,olfactory,,,left,AN,ORN_VL2a,
720575940632315106,afferent,sensory,olfactory,,,left,AN,ORN_VA2,
720575940632356066,afferent,sensory,olfactory,,,left,AN,ORN_VA2,
720575940632391736,afferent,sensory,olfactory,pheromone,,left,AN,ORN_VA1d,
720575940632404706,afferent,sensory,olfactory,,,right,AN,ORN_VM5v,
720575940632535756,intrinsic,central,MBON,,FLAa2,left,,MBON14,
720575940632728476,intrinsic,central,Kenyon_Cell,KCg,MBp4,right,,KCg-m,
720575940632854156,afferent,sensory,olfactory,,,left,AN,ORN_DC1,
720575940632932506,intrinsic,central,Kenyon_Cell,,MBp4,right,,KCab,KCab-c
720575940632951266,intrinsic,central,Kenyon_Cell,,MBp4,right,,KCab,KCab-m
720575940633034336,intrinsic,central,Kenyon_Cell,,MBp4,right,,KCapbp-m,KCab-m
720575940633145996,intrinsic,central,DAN,,CREa2_medial,left,,PAM01,aSP13
720575940633155226,intrinsic,central,Kenyon_Cell,,MBp4,left,,KCab,KCab-m
720575940633175196,afferent,sensory,olfactory,,,right,AN,ORN_DL5,
720575940633313376,afferent,sensory,olfactory,,,left,AN,ORN_VM5d,
720575940633333986,intrinsic,central,Kenyon_Cell,KCg,MBp3,left,,KCg-m,
720575940633557986,afferent,sensory,olfactory,,,right,AN,ORN_DA4l,
720575940633572506,intrinsic,central,Kenyon_Cell,,MBp2,left,,KCab,KCab-s
720575940633596826,intrinsic,central,Kenyon_Cell,KCg,MBp4,left,,KCg-m,
720575940633688476,intrinsic,central,DAN,,CREa2_medial,left,,PAM04,
720575940633771256,intrinsic,central,Kenyon_Cell,,MBp1,left,,KCab,KCab-m
720575940633904736,intrinsic,central,Kenyon_Cell,,MBp3,left,,KCapbp-m,KCab-m
720575940634032376,intrinsic,central,Kenyon_Cell,,MBp4,left,,KCab,KCab-s
720575940634057976,afferent,sensory,olfactory,,,left,MxLbN,ORN_VC1,
720575940634071476,intrinsic,central,Kenyon_Cell,,MBp4,left,,KCab,KCab-c
720575940634072756,intrinsic,central,Kenyon_Cell,KCg,MBp2,right,,KCg-m,
720575940634117216,intrinsic,central,Kenyon_Cell,,MBp2,right,,KCab,KCab-c
720575940634131356,intrinsic,central,Kenyon_Cell,,MBp2,left,,KCab,KCab-c
720575940634202036,afferent,sensory,olfactory,,,right,AN,ORN_DM5,
720575940634209376,intrinsic,central,Kenyon_Cell,,MBp1,left,,KCapbp-m,KCab-m
720575940634661806,intrinsic,central,Kenyon_Cell,KCg,MBp4,right,,KCg-d,
720575940634775476,afferent,sensory,olfactory,,,left,AN,ORN_DA3,
720575940634818296,afferent,sensory,olfactory,,,right,MxLbN,ORN_VC1,
720575940634858676,intrinsic,central,Kenyon_Cell,KCg,MBp3,right,,KCg-m,
720575940634906286,intrinsic,central,Kenyon_Cell,KCg,MBp2,left,,KCg-d,
720575940634939546,intrinsic,central,Kenyon_Cell,,MBp3,left,,KCab,KCab-s
720575940635094426,afferent,sensory,olfactory,,,left,AN,ORN_DM2,
720575940635110286,intrinsic,central,Kenyon_Cell,KCg,MBp2,right,,KCg-m,
720575940635146926,afferent,sensory,olfactory,,,left,AN,ORN_DM1,
720575940635304116,afferent,sensory,olfactory,,,right,AN,ORN_VL1,
720575940635356316,intrinsic,central,DAN,,CREa1_dorsal,right,,PAM04,
720575940635370096,intrinsic,central,Kenyon_Cell,KCg,MBp1,left,,KCg-d,
720575940635386616,intrinsic,central,Kenyon_Cell,KCg,MBp3,right,,KCg-m,
720575940635562096,afferent,sensory,olfactory,,,left,AN,ORN_DM1,
720575940635628766,intrinsic,central,Kenyon_Cell,KCg,MBp1,right,,KCg-m,
720575940635659486,intrinsic,central,Kenyon_Cell,,MBp3,right,,KCab,KCab-s
720575940635757936,afferent,sensory,olfactory,,,right,AN,ORN_DM1,
720575940635803876,intrinsic,central,Kenyon_Cell,KCg,MBp4,right,,KCg-m,
720575940635850206,intrinsic,central,Kenyon_Cell,KCg,MBp4,left,,KCg-m,
720575940635899566,intrinsic,central,Kenyon_Cell,,MBp4,left,,KCapbp-ap2,KCab-ap2
720575940636059226,intrinsic,central,Kenyon_Cell,,MBp1,right,,KCapbp-m,KCab-m
720575940636227696,afferent,sensory,olfactory,pheromone,,left,AN,ORN_DL3,
720575940636230746,intrinsic,central,Kenyon_Cell,KCg,MBp4,left,,KCg-m,
720575940636246446,intrinsic,central,Kenyon_Cell,KCg,MBp4,right,,KCg-m,
720575940636356836,intrinsic,central,Kenyon_Cell,KCg,MBp1,right,,KCg-m,
720575940636426126,intrinsic,central,Kenyon_Cell,KCg,MBp1,left,,KCg-m,
720575940636551086,intrinsic,central,Kenyon_Cell,KCg,MBp1,right,,KCg-m,
720575940636553306,intrinsic,central,Kenyon_Cell,,MBp2,right,,KCab,KCab-s
720575940636553646,intrinsic,central,Kenyon_Cell,KCg,MBp1,right,,KCg-m,
720575940636561636,intrinsic,central,Kenyon_Cell,KCg,MBp4,left,,KCg-m,
720575940636562916,intrinsic,central,Kenyon_Cell,KCg,MBp2,left,,KCg-d,
720575940636576436,intrinsic,central,Kenyon_Cell,,MBp3,left,,KCapbp-m,KCab-m
720575940636636486,intrinsic,central,Kenyon_Cell,KCg,MBp4,right,,KCg-d,
720575940636659886,intrinsic,central,DAN,,CREa2_medial,right,,PAM02,
720575940636676976,intrinsic,central,Kenyon_Cell,,MBp2,left,,KCab,KCab-m
720575940636698286,intrinsic,central,Kenyon_Cell,KCg,MBp3,left,,KCg-m,
720575940636767856,afferent,sensory,olfactory,,,left,AN,ORN_DP1m,
720575940636841286,intrinsic,central,Kenyon_Cell,KCg,MBp4,left,,KCg-m,
720575940636877936,intrinsic,central,Kenyon_Cell,KCg,MBp3,right,,KCg-m,
720575940636991856,intrinsic,central,Kenyon_Cell,,MBp1,right,,KCapbp-ap2,KCab-ap2
720575940637013726,afferent,sensory,olfactory,,,right,AN,ORN_D,
720575940637037126,intrinsic,central,Kenyon_Cell,KCg,MBp1,left,,KCg-d,
720575940637148486,intrinsic,central,Kenyon_Cell,,MBp4,right,,KCapbp-ap1,KCab-ap1
720575940637169636,intrinsic,central,Kenyon_Cell,KCg,MBp1,left,,KCg-m,
720575940637435726,intrinsic,central,Kenyon_Cell,KCg,MBp3,left,,KCg-d,
720575940637639396,afferent,sensory,olfactory,pheromone,,right,AN,ORN_VA1v,
720575940637685476,intrinsic,central,Kenyon_Cell,,MBp2,left,,KCab,KCab-m
720575940637704676,afferent,sensory,olfactory,,,right,AN,ORN_DA2,
720575940637747526,afferent,sensory,olfactory,,,left,AN,ORN_VM4,
720575940637774426,intrinsic,central,Kenyon_Cell,KCg,MBp2,right,,KCg-m,
720575940637787226,intrinsic,central,Kenyon_Cell,,MBp4,left,,KCab-p,
720575940638013016,intrinsic,central,Kenyon_Cell,KCg,MBp2,left,,KCg-m,
720575940638212166,afferent,sensory,olfactory,,,left,AN,ORN_DC1,
720575940638446936,intrinsic,central,Kenyon_Cell,,MBp1,left,,KCapbp-m,KCab-m
720575940638472006,intrinsic,central,Kenyon_Cell,,MBp2,right,,KCapbp-ap2,KCab-ap2
720575940638496896,intrinsic,central,Kenyon_Cell,KCg,MBp2,left,,KCg-m,
720575940638535296,intrinsic,central,Kenyon_Cell,KCg,MBp4,left,,KCg-m,
720575940638542426,afferent,sensory,olfactory,,,left,AN,ORN_DA4l,
720575940638667846,afferent,sensory,olfactory,,,right,AN,ORN_VA6,
720575940638724186,intrinsic,central,Kenyon_Cell,,MBp3,left,,KCab,KCab-m
720575940638774606,intrinsic,central,MBON,,DL1_dorsal,left,,MBON17,
720575940638852736,afferent,sensory,olfactory,,,left,AN,ORN_VA2,
720575940638867526,afferent,sensory,olfactory,pheromone,,right,AN,ORN_VA1d,
720575940638878416,intrinsic,central,Kenyon_Cell,,MBp2,left,,KCab,KCab-s
720575940638894976,afferent,sensory,olfactory,,,left,AN,ORN_VM5v,
720575940639053776,intrinsic,central,Kenyon_Cell,,MBp4,left,,KCab,KCab-m
720575940639076696,afferent,sensory,olfactory,,,right,AN,ORN_DL4,
720575940639080526,afferent,sensory,olfactory,,,right,AN,ORN_DM1,
720575940639083086,afferent,sensory,olfactory,pheromone,,right,AN,ORN_VA1d,
720575940639116496,afferent,sensory,olfactory,,,left,MxLbN,ORN_VM7d,
720575940639166336,afferent,sensory,olfactory,,,right,AN,ORN_VM4,
720575940639188046,intrinsic,central,Kenyon_Cell,,MBp3,left,,KCapbp-m,KCab-m
720575940639195776,afferent,sensory,olfactory,,,left,AN,ORN_VL2p,
720575940639267406,intrinsic,central,Kenyon_Cell,KCg,MBp1,left,,KCg-m,
720575940639286606,intrinsic,central,Kenyon_Cell,KCg,MBp2,right,,KCg-m,
720575940639427416,afferent,sensory,olfactory,,,left,AN,ORN_DM1,
720575940639506776,afferent,sensory,olfactory,,,left,AN,ORN_DC1,
720575940639509336,afferent,sensory,olfactory,pheromone,,right,AN,ORN_VA1v,
720575940639517016,afferent,sensory,olfactory,pheromone,,right,AN,ORN_DC3,
720575940639564496,afferent,sensory,olfactory,pheromone,,right,AN,ORN_DL3,
720575940639566406,intrinsic,central,DAN,,CREa1_dorsal,left,,PAM01,aSP13
720575940639625286,afferent,sensory,olfactory,pheromone,,left,AN,ORN_DA1,
720575940639684696,intrinsic,central,DAN,,CREa2_medial,right,,PAM01,aSP13
720575940639860096,intrinsic,central,Kenyon_Cell,,MBp3,left,,KCab,KCab-s
720575940639903696,intrinsic,central,Kenyon_Cell,KCg,MBp2,right,,KCg-m,
720575940640113616,afferent,sensory,olfactory,pheromone,,right,AN,ORN_DL3,
720575940640242896,intrinsic,central,Kenyon_Cell,,MBp3,left,,KCab,KCab-s
720575940640451536,intrinsic,central,Kenyon_Cell,,MBp1,left,,KCapbp-ap2,KCab-ap2
720575940640566736,intrinsic,central,Kenyon_Cell,KCg,MBp2,right,,KCg-m,
720575940640688336,intrinsic,central,Kenyon_Cell,KCg,MBp4,right,,KCg-m,
720575940642010056,intrinsic,central,Kenyon_Cell,,MBp1,right,,KCab,KCab-s
720575940642328736,intrinsic,central,Kenyon_Cell,KCg,MBp3,right,,KCg-m,
720575940642347936,intrinsic,central,Kenyon_Cell,KCg,MBp4,right,,KCg-m,
720575940642592416,intrinsic,central,DAN,,CREa2_medial,left,,PAM13,
720575940642733216,intrinsic,central,DAN,,CREa1_dorsal,right,,PAM08,
720575940642968776,afferent,sensory,olfactory,,,left,AN,ORN_V,
720575940643128356,intrinsic,central,Kenyon_Cell,,MBp2,left,,KCab,KCab-c
720575940643448686,intrinsic,central,Kenyon_Cell,KCg,MBp4,left,,KCg-m,
720575940643473056,intrinsic,central,Kenyon_Cell,,MBp3,left,,KCapbp-ap1,KCab-ap1
720575940643477796,afferent,sensory,olfactory,,,left,AN,ORN_DL1,
720575940643547296,intrinsic,central,Kenyon_Cell,KCg,MBp4,right,,KCg-m,
720575940643657376,intrinsic,central,Kenyon_Cell,,MBp2,left,,KCab,KCab-s
720575940643790536,intrinsic,central,DAN,,CREa2_medial,left,,PAM05,
720575940643823816,intrinsic,central,Kenyon_Cell,KCg,MBp2,left,,KCg-d,
720575940643830126,intrinsic,central,Kenyon_Cell,,MBp2,right,,KCapbp-m,KCab-m
720575940643863496,intrinsic,central,MBON,,putative_primary,left,,MBON20,
720575940643931336,afferent,sensory,olfactory,,,left,AN,ORN_DM3,
720575940643973156,intrinsic,central,Kenyon_Cell,KCg,MBp4,left,,KCg-m,
720575940644153636,intrinsic,central,Kenyon_Cell,,MBp3,left,,KCapbp-ap2,KCab-ap2
720575940644238496,intrinsic,central,Kenyon_Cell,,MBp1,left,,KCapbp-m,KCab-m
720575940644366536,afferent,sensory,olfactory,,,right,AN,ORN_VA6,
720575940644490276,intrinsic,central,Kenyon_Cell,,MBp3,left,,KCapbp-ap2,KCab-ap2
720575940644554606,intrinsic,central,Kenyon_Cell,,MBp3,right,,KCab,KCab-c
720575940644590116,afferent,sensory,olfactory,,,right,AN,ORN_DA2,
720575940644615716,intrinsic,central,MBON,,putative_primary,left,,MBON31,
720575940644667246,afferent,sensory,olfactory,,,right,AN,ORN_VC5,ORN_VC3m
720575940644746606,afferent,sensory,olfactory,pheromone,,right,AN,ORN_DL3,
720575940644838766,intrinsic,central,Kenyon_Cell,KCg,MBp3,right,,KCg-d,
720575940645209966,intrinsic,central,Kenyon_Cell,KCg,MBp4,left,,KCg-d,
720575940645334126,intrinsic,central,Kenyon_Cell,KCg,MBp4,left,,KCg-m,
720575940645576756,afferent,sensory,olfactory,,,right,AN,ORN_VA2,
720575940645949316,intrinsic,central,Kenyon_Cell,KCg,MBp1,left,,KCg-d,
720575940646564916,intrinsic,central,DAN,,CREa2_medial,left,,PAM08,
720575940646582836,intrinsic,central,DAN,,CREa1_dorsal,right,,PAM08,
720575940647153796,intrinsic,central,Kenyon_Cell,,MBp3,right,,KCapbp-ap2,KCab-ap2
720575940647242116,intrinsic,central,Kenyon_Cell,,MBp3,left,,KCab,KCab-m
720575940650706166,intrinsic,central,Kenyon_Cell,KCg,MBp1,left,,KCg-d,
720575940651629046,intrinsic,central,Kenyon_Cell,,MBp4,left,,KCab,KCab-m
720575940652109046,intrinsic,central,Kenyon_Cell,,MBp1,left,,KCab,KCab-m
720575940652342006,intrinsic,central,Kenyon_Cell,KCg,MBp4,right,,KCg-m,
720575940652403446,intrinsic,central,Kenyon_Cell,KCg,MBp4,left,,KCg-m,
720575940604876977,afferent,sensory,olfactory,,,left,AN,ORN_DM3,
720575940605180337,intrinsic,central,Kenyon_Cell,,MBp4,right,,KCab,KCab-s
720575940605513417,afferent,sensory,olfactory,,,left,AN,ORN_DL1,
720575940605627057,intrinsic,central,Kenyon_Cell,,MBp4,right,,KCab,KCab-s
720575940605829297,intrinsic,central,Kenyon_Cell,KCg,MBp1,left,,KCg-d,
720575940605997257,intrinsic,central,Kenyon_Cell,,MBp4,right,,KCab,KCab-c
720575940606195657,intrinsic,central,Kenyon_Cell,KCg,MBp2,left,,KCg-m,
720575940606483467,intrinsic,central,Kenyon_Cell,,MBp4,right,,KCab,KCab-c
720575940606667977,intrinsic,central,Kenyon_Cell,KCg,MBp4,right,,KCg-m,
720575940606698697,intrinsic,central,Kenyon_Cell,,MBp1,right,,KCab-p,
720575940606715337,intrinsic,central,Kenyon_Cell,KCg,MBp3,left,,KCg-m,
720575940606941397,intrinsic,central,Kenyon_Cell,KCg,MBp2,right,,KCg-m,
720575940606954507,intrinsic,central,Kenyon_Cell,KCg,MBp4,left,,KCg-m,
720575940607239947,afferent,sensory,olfactory,,,left,AN,ORN_V,
720575940607351747,intrinsic,central,Kenyon_Cell,,MBp2,right,,KCab,KCab-s
720575940607510027,afferent,sensory,olfactory,,,left,AN,ORN_VM6l,ORN_VC5
720575940607641557,afferent,sensory,olfactory,,,right,MxLbN,ORN_VC2,
720575940607698627,intrinsic,central,Kenyon_Cell,,MBp3,left,,KCapbp-ap2,KCab-ap2
720575940607763467,intrinsic,central,Kenyon_Cell,KCg,MBp2,right,,KCg-m,
720575940607809547,intrinsic,central,Kenyon_Cell,,MBp3,left,,KCab,KCab-m
720575940607900867,intrinsic,central,Kenyon_Cell,KCg,MBp4,left,,KCg-m,
720575940607927817,afferent,sensory,olfactory,,,left,AN,ORN_DM1,
720575940608015627,intrinsic,central,Kenyon_Cell,KCg,MBp3,right,,KCg-m,
720575940608145877,intrinsic,central,Kenyon_Cell,,MBp1,right,,KCab,KCab-m
720575940608158677,intrinsic,central,Kenyon_Cell,,MBp2,left,,KCab,KCab-c
720575940608283147,afferent,sensory,olfactory,pheromone,,right,AN,ORN_DA1,
720575940608345867,intrinsic,central,Kenyon_Cell,KCg,MBp2,right,,KCg-m,
720575940608452617,intrinsic,central,Kenyon_Cell,KCg,MBp4,left,,KCg-m,
720575940608535747,intrinsic,central,Kenyon_Cell,,MBp3,left,,KCapbp-ap2,KCab-ap2
720575940608537027,intrinsic,central,Kenyon_Cell,KCg,MBp4,left,,KCg-m,
720575940608634837,afferent,sensory,olfactory,,,right,AN,ORN_VL1,
720575940608767957,intrinsic,central,Kenyon_Cell,KCg,MBp1,left,,KCg-m,
720575940609959637,intrinsic,central,MBON,,putative_primary,left,,MBON32,
720575940609999217,intrinsic,central,Kenyon_Cell,,MBp4,right,,KCab,KCab-m
720575940610167987,intrinsic,central,Kenyon_Cell,,MBp2,right,,KCab,KCab-m
720575940610206387,intrinsic,central,Kenyon_Cell,KCg,MBp4,right,,KCg-m,
720575940610308757,intrinsic,central,Kenyon_Cell,,MBp4,left,,KCapbp-m,KCab-m
720575940610519747,afferent,sensory,olfactory,,,left,AN,ORN_VC5,ORN_VC3m
720575940610543257,intrinsic,central,Kenyon_Cell,,MBp2,left,,KCab,KCab-c
720575940610580377,intrinsic,central,Kenyon_Cell,,MBp4,right,,KCab-p,
720575940610604437,afferent,sensory,olfactory,,,right,AN,ORN_VL1,
720575940610614757,intrinsic,central,Kenyon_Cell,,MBp3,left,,KCab,KCab-c
720575940610617317,intrinsic,central,Kenyon_Cell,,MBp1,left,,KCab,KCab-m
720575940610691507,intrinsic,central,Kenyon_Cell,,MBp2,right,,KCab,KCab-s
720575940610873237,afferent,sensory,olfactory,,,right,AN,ORN_DC2,
720575940610943897,intrinsic,central,Kenyon_Cell,,MBp3,right,,KCab,KCab-c
720575940610951577,intrinsic,central,Kenyon_Cell,KCg,MBp1,left,,KCg-m,
720575940611052517,intrinsic,central,Kenyon_Cell,KCg,MBp4,left,,KCg-m,
720575940611098517,intrinsic,central,Kenyon_Cell,,MBp2,right,,KCapbp-ap2,KCab-ap2
720575940611111317,intrinsic,central,Kenyon_Cell,KCg,MBp3,left,,KCg-m,
720575940611111907,afferent,sensory,olfactory,,,left,AN,ORN_VM6l,ORN_VC5
720575940611161237,afferent,sensory,olfactory,,,right,AN,ORN_DC2,
720575940611208817,intrinsic,central,Kenyon_Cell,KCg,MBp4,left,,KCg-m,
720575940611229297,intrinsic,central,Kenyon_Cell,KCg,MBp1,left,,KCg-m,
720575940611353457,afferent,sensory,olfactory,,,left,AN,ORN_DL1,
720575940611430117,afferent,sensory,olfactory,,,left,AN,ORN_VM1,
720575940611453107,intrinsic,central,Kenyon_Cell,,MBp1,right,,KCapbp-ap2,KCab-ap2
720575940611473587,intrinsic,central,Kenyon_Cell,,MBp4,left,,KCab,KCab-m
720575940611612387,intrinsic,central,Kenyon_Cell,KCg,MBp4,left,,KCg-m,
720575940611724437,intrinsic,central,Kenyon_Cell,,MBp3,left,,KCapbp-ap2,KCab-ap2
720575940611733997,intrinsic,central,Kenyon_Cell,KCg,MBp4,right,,KCg-m,
720575940611830937,afferent,sensory,olfactory,,,right,MxLbN,ORN_VM7d,
720575940611902577,intrinsic,central,Kenyon_Cell,KCg,MBp1,left,,KCg-m,
720575940612104627,intrinsic,central,Kenyon_Cell,KCg,MBp4,left,,KCg-m,
720575940612455917,afferent,sensory,olfactory,,,right,AN,ORN_DL2v,
720575940612559587,afferent,sensory,olfactory,,,right,AN,ORN_VC4,
720575940612674257,afferent,sensory,olfactory,,,left,AN,ORN_DL5,
720575940612742297,afferent,sensory,olfactory,pheromone,,left,AN,ORN_VA1d,
720575940612901807,afferent,sensory,olfactory,,,left,AN,ORN_V,
720575940613071587,intrinsic,central,Kenyon_Cell,KCg,MBp1,right,,KCg-m,
720575940613141987,intrinsic,central,Kenyon_Cell,KCg,MBp1,left,,KCg-m,
720575940613156067,intrinsic,central,Kenyon_Cell,,MBp4,right,,KCab,KCab-m
720575940613161267,afferent,sensory,olfactory,,,right,AN,ORN_VM4,
720575940613466577,afferent,sensory,olfactory,,,right,AN,ORN_DM4,
720575940613540767,intrinsic,central,Kenyon_Cell,,MBp4,right,,KCab,KCab-s
720575940613563187,intrinsic,central,Kenyon_Cell,,MBp1,right,,KCab,KCab-s
720575940613647007,intrinsic,central,DAN,,CREa2_medial,right,,PAM01,aSP13
720575940613699807,afferent,sensory,olfactory,,,right,AN,ORN_V,
720575940613737647,intrinsic,central,Kenyon_Cell,,MBp2,right,,KCapbp-ap2,KCab-ap2
720575940613796527,intrinsic,central,Kenyon_Cell,KCg,MBp1,left,,KCg-m,
720575940613876447,intrinsic,central,Kenyon_Cell,KCg,MBp2,left,,KCg-m,
720575940613886687,afferent,sensory,olfactory,,,right,AN,ORN_VL1,
720575940614121147,intrinsic,central,Kenyon_Cell,,MBp4,right,,KCab,KCab-c
720575940614132667,intrinsic,central,Kenyon_Cell,,MBp3,right,,KCab,KCab-c
720575940614176927,intrinsic,central,Kenyon_Cell,,MBp4,left,,KCapbp-m,KCab-m
720575940614252967,intrinsic,central,Kenyon_Cell,,MBp4,left,,KCab,KCab-s
720575940614357407,afferent,sensory,olfactory,,,left,AN,ORN_DL4,
720575940614427567,afferent,sensory,olfactory,,,left,AN,ORN_VM6m,ORN_VC5
720575940614522847,afferent,sensory,olfactory,,,right,AN,ORN_DM1,
720575940614524127,intrinsic,central,Kenyon_Cell,KCg,MBp1,right,,KCg-m,
720575940614534367,intrinsic,central,Kenyon_Cell,,MBp4,left,,KCab,KCab-c
720575940614676447,afferent,sensory,olfactory,,,left,AN,ORN_DC1,
720575940614705567,afferent,sensory,olfactory,,,right,AN,ORN_DL1,
720575940614742687,intrinsic,central,Kenyon_Cell,KCg,MBp3,right,,KCg-m,
720575940614769567,intrinsic,central,Kenyon_Cell,,MBp4,left,,KCab,KCab-c
720575940614770847,intrinsic,central,Kenyon_Cell,KCg,MBp4,right,,KCg-m,
720575940614777247,intrinsic,central,Kenyon_Cell,KCg,MBp2,left,,KCg-m,
720575940614833567,afferent,sensory,olfactory,,,left,AN,ORN_VA2,
720575940614869387,intrinsic,central,Kenyon_Cell,,MBp2,right,,KCapbp-ap2,KCab-ap2
720575940614898037,afferent,sensory,olfactory,,,left,AN,ORN_VL2p,
720575940614902667,intrinsic,central,Kenyon_Cell,,MBp3,right,,KCab,KCab-c
720575940614967007,intrinsic,central,Kenyon_Cell,,MBp1,left,,KCab-p,
720575940614981087,intrinsic,central,Kenyon_Cell,KCg,MBp3,right,,KCg-m,
720575940614984927,intrinsic,central,Kenyon_Cell,,MBp1,left,,KCapbp-ap1,KCab-ap1
720575940615113867,intrinsic,central,Kenyon_Cell,KCg,MBp2,left,,KCg-m,
720575940615125307,intrinsic,central,Kenyon_Cell,,MBp4,right,,KCab,KCab-s
720575940615125877,intrinsic,central,Kenyon_Cell,,MBp4,left,,KCab,KCab-m
720575940615356347,intrinsic,central,Kenyon_Cell,KCg,MBp4,right,,KCg-m,
720575940615476667,intrinsic,central,Kenyon_Cell,KCg,MBp4,right,,KCg-d,
720575940615783837,intrinsic,central,Kenyon_Cell,KCg,MBp3,right,,KCg-d,
720575940615830877,intrinsic,central,Kenyon_Cell,,MBp3,left,,KCab-p,
720575940615831947,afferent,sensory,olfactory,,,left,AN,ORN_VC5,ORN_VC3m
720575940615832577,intrinsic,central,Kenyon_Cell,,MBp3,right,,KCab-p,
720575940615846237,intrinsic,central,Kenyon_Cell,,MBp3,left,,KCapbp-ap2,KCab-ap2
720575940615901597,intrinsic,central,Kenyon_Cell,,MBp3,right,,KCab,KCab-m
720575940615903547,afferent,sensory,olfactory,,,right,AN,ORN_VL2a,
720575940615907997,intrinsic,central,Kenyon_Cell,KCg,MBp1,right,,KCg-m,
720575940615927197,intrinsic,central,Kenyon_Cell,KCg,MBp1,right,,KCg-m,
720575940615975227,intrinsic,central,Kenyon_Cell,,MBp1,right,,KCapbp-m,KCab-m
720575940615994907,afferent,sensory,olfactory,,,left,AN,ORN_VM6m,ORN_VC5
720575940616095517,intrinsic,central,Kenyon_Cell,KCg,MBp4,right,,KCg-m,
720575940616194397,afferent,sensory,olfactory,,,right,AN,ORN_VA2,
720575940616203067,afferent,sensory,olfactory,,,right,AN,ORN_DM2,
720575940616308597,intrinsic,central,Kenyon_Cell,,MBp2,right,,KCab,KCab-m
720575940616322397,afferent,sensory,olfactory,,,right,AN,ORN_VA6,
720575940616428917,intrinsic,central,Kenyon_Cell,KCg,MBp2,left,,KCg-m,
720575940616439697,afferent,sensory,olfactory,,,right,MxLbN,ORN_VM7d,
720575940616463477,intrinsic,central,MBON,,putative_primary,left,,MBON22,
720575940616475717,intrinsic,central,Kenyon_Cell,KCg,MBp4,left,,KCg-m,
720575940616502017,intrinsic,central,Kenyon_Cell,,MBp3,left,,KCapbp-m,KCab-m
720575940616569227,intrinsic,central,Kenyon_Cell,KCg,MBp4,right,,KCg-m,
720575940616578777,afferent,sensory,olfactory,,,left,AN,ORN_DL1,
720575940616673497,intrinsic,central,Kenyon_Cell,,MBp1,left,,KCab,KCab-s
720575940616701657,intrinsic,central,Kenyon_Cell,KCg,MBp2,left,,KCg-m,
720575940616748827,intrinsic,central,Kenyon_Cell,,MBp2,left,,KCapbp-m,KCab-m
720575940616844347,afferent,sensory,olfactory,,,right,AN,ORN_VL2a,
720575940616857757,afferent,sensory,olfactory,,,right,AN,ORN_VC5,ORN_VC3m
720575940616882757,intrinsic,central,DAN,,CREa1_dorsal,left,,PAM11,
720575940617022277,afferent,sensory,olfactory,,,left,AN,ORN_DM6,
720575940617038337,intrinsic,central,Kenyon_Cell,KCg,MBp2,left,,KCg-m,
720575940617079257,intrinsic,central,Kenyon_Cell,KCg,MBp1,right,,KCg-m,
720575940617109597,afferent,sensory,olfactory,,,right,AN,ORN_VM6l,ORN_VC5
720575940617178717,intrinsic,central,Kenyon_Cell,KCg,MBp2,left,,KCg-m,
720575940617217537,afferent,sensory,olfactory,,,right,AN,ORN_DL4,
720575940617232477,afferent,sensory,olfactory,,,right,AN,ORN_VL1,
720575940617234077,afferent,sensory,olfactory,,,right,AN,ORN_DM2,
720575940617238457,intrinsic,central,Kenyon_Cell,,MBp1,right,,KCab,KCab-s
720575940617328477,intrinsic,central,Kenyon_Cell,KCg,MBp3,left,,KCg-m,
720575940617341597,intrinsic,central,Kenyon_Cell,KCg,MBp1,left,,KCg-m,
720575940617351057,intrinsic,central,Kenyon_Cell,KCg,MBp1,left,,KCg-m,
720575940617369017,intrinsic,central,Kenyon_Cell,KCg,MBp2,left,,KCg-m,
720575940617372957,intrinsic,central,Kenyon_Cell,,MBp2,left,,KCab,KCab-c
720575940617453457,intrinsic,central,Kenyon_Cell,KCg,MBp4,left,,KCg-m,
720575940617478427,intrinsic,central,Kenyon_Cell,,MBp2,right,,KCab-p,
720575940617577797,afferent,sensory,olfactory,,,right,AN,ORN_DM1,
720575940617648507,intrinsic,central,Kenyon_Cell,KCg,MBp3,left,,KCg-m,
720575940617650407,afferent,sensory,olfactory,,,left,AN,ORN_V,
720575940617708747,intrinsic,central,Kenyon_Cell,,MBp4,right,,KCab,KCab-m
720575940617717917,intrinsic,central,Kenyon_Cell,,MBp4,left,,KCab,KCab-s
720575940617760257,intrinsic,central,MBON,,DL1_dorsal,right,,MBON17,
720575940617769217,intrinsic,central,Kenyon_Cell,KCg,MBp4,right,,KCg-m,
720575940617807517,intrinsic,central,Kenyon_Cell,KCg,MBp4,right,,KCg-m,
720575940617865117,intrinsic,central,Kenyon_Cell,KCg,MBp2,left,,KCg-m,
720575940617931547,intrinsic,central,Kenyon_Cell,KCg,MBp4,left,,KCg-d,
720575940617937437,intrinsic,central,Kenyon_Cell,KCg,MBp3,right,,KCg-m,
720575940617957937,intrinsic,central,Kenyon_Cell,,MBp2,left,,KCab,KCab-s
720575940617984297,afferent,sensory,olfactory,,,left,AN,ORN_VM6m,ORN_VC5
720575940617989417,afferent,sensory,olfactory,,,left,AN,ORN_V,
720575940618021147,intrinsic,central,Kenyon_Cell,KCg,MBp4,left,,KCg-m,
720575940618106437,intrinsic,central,Kenyon_Cell,,MBp2,left,,KCab,KCab-m
720575940618145147,afferent,sensory,olfactory,,,right,AN,ORN_DL4,
720575940618249797,intrinsic,central,MBON,,putative_primary,right,,MBON27,
720575940618266747,intrinsic,central,Kenyon_Cell,KCg,MBp1,right,,KCg-m,
720575940618339777,intrinsic,central,Kenyon_Cell,KCg,MBp2,right,,KCg-m,
720575940618371777,intrinsic,central,Kenyon_Cell,KCg,MBp4,right,,KCg-m,
720575940618376327,intrinsic,central,Kenyon_Cell,,MBp3,left,,KCab,KCab-c
720575940618544367,intrinsic,central,Kenyon_Cell,,MBp1,right,,KCab,KCab-c
720575940618627207,intrinsic,central,Kenyon_Cell,KCg,MBp1,right,,KCg-m,
720575940618746747,intrinsic,central,Kenyon_Cell,KCg,MBp2,right,,KCg-m,
720575940618756987,intrinsic,central,Kenyon_Cell,,MBp1,left,,KCab-p,
720575940618821067,afferent,sensory,olfactory,,,left,AN,ORN_DC1,
720575940618889387,intrinsic,central,Kenyon_Cell,,MBp4,left,,KCab,KCab-c
720575940618912427,afferent,sensory,olfactory,,,right,AN,ORN_DL2v,
720575940618997297,intrinsic,central,Kenyon_Cell,KCg,MBp4,right,,KCg-m,
720575940619054027,intrinsic,central,Kenyon_Cell,,MBp3,right,,KCab,KCab-s
720575940619077217,intrinsic,central,Kenyon_Cell,,MBp3,right,,KCab-p,
720575940619146837,intrinsic,central,Kenyon_Cell,,MBp1,left,,KCapbp-ap2,KCab-ap2
720575940619148117,intrinsic,central,Kenyon_Cell,,MBp1,left,,KCab,KCab-m
720575940619219627,afferent,sensory,olfactory,,,right,AN,ORN_DP1m,
720575940619226607,intrinsic,central,Kenyon_Cell,KCg,MBp2,left,,KCg-m,
720575940619229037,intrinsic,central,Kenyon_Cell,KCg,MBp1,left,,KCg-d,
720575940619259477,intrinsic,central,Kenyon_Cell,KCg,MBp1,right,,KCg-m,
720575940619260737,intrinsic,central,Kenyon_Cell,,MBp1,left,,KCab,KCab-s
720575940619354417,intrinsic,central,Kenyon_Cell,,MBp2,left,,KCapbp-m,KCab-m
720575940619358257,intrinsic,central,Kenyon_Cell,KCg,MBp1,right,,KCg-m,
720575940619419757,afferent,sensory,olfactory,,,left,AN,ORN_DM1,
720575940619434887,intrinsic,central,Kenyon_Cell,KCg,MBp2,right,,KCg-m,
720575940619498887,afferent,sensory,olfactory,pheromone,,left,AN,ORN_DA1,
720575940619519727,afferent,sensory,olfactory,,,left,MxLbN,ORN_VM7d,
720575940619556437,intrinsic,central,Kenyon_Cell,KCg,MBp4,right,,KCg-m,
720575940619566507,afferent,sensory,olfactory,,,right,AN,ORN_VL1,
720575940619601237,afferent,sensory,olfactory,pheromone,,right,AN,ORN_VA1d,
720575940619630207,intrinsic,central,Kenyon_Cell,,MBp1,right,,KCab,KCab-m
720575940619668577,intrinsic,central,Kenyon_Cell,,MBp4,left,,KCab,KCab-s
720575940619702337,afferent,sensory,olfactory,,,right,AN,ORN_DM1,
720575940619749767,afferent,sensory,olfactory,pheromone,,left,AN,ORN_VA1d,
720575940619755457,afferent,sensory,olfactory,pheromone,,right,AN,ORN_DL3,
720575940619812487,afferent,sensory,olfactory,,,left,AN,ORN_DL5,
720575940619813637,intrinsic,central,Kenyon_Cell,KCg,MBp4,right,,KCg-d,
720575940619825237,intrinsic,central,Kenyon_Cell,KCg,MBp2,left,,KCg-d,
720575940619866657,intrinsic,central,Kenyon_Cell,KCg,MBp3,right,,KCg-d,
720575940619896047,afferent,sensory,olfactory,,,left,MxLbN,ORN_VA7l,
720575940619899527,intrinsic,central,Kenyon_Cell,KCg,MBp2,left,,KCg-m,
720575940619906987,intrinsic,central,Kenyon_Cell,KCg,MBp4,left,,KCg-d,
720575940619968647,intrinsic,central,Kenyon_Cell,,MBp3,left,,KCapbp-ap1,KCab-ap1
720575940620007457,intrinsic,central,Kenyon_Cell,KCg,MBp1,right,,KCg-m,
720575940620020257,intrinsic,central,Kenyon_Cell,,MBp1,right,,KCapbp-ap2,KCab-ap2
720575940620036417,afferent,sensory,olfactory,,,right,AN,ORN_VM1,
720575940620054277,intrinsic,central,Kenyon_Cell,,MBp1,left,,KCab,KCab-m
720575940620096097,afferent,sensory,olfactory,pheromone,,right,AN,ORN_DA1,
720575940620172397,intrinsic,central,Kenyon_Cell,,MBp2,right,,KCab,KCab-c
720575940620176237,intrinsic,central,Kenyon_Cell,KCg,MBp3,right,,KCg-m,
720575940620177517,intrinsic,central,Kenyon_Cell,KCg,MBp3,left,,KCg-m,
720575940620210857,intrinsic,central,Kenyon_Cell,,MBp4,right,,KCab,KCab-s
720575940620224677,afferent,sensory,olfactory,,,right,AN,ORN_D,
720575940620227617,intrinsic,central,Kenyon_Cell,KCg,MBp4,left,,KCg-d,
720575940620230497,intrinsic,central,Kenyon_Cell,,MBp1,right,,KCapbp-m,KCab-m
720575940620274497,intrinsic,central,Kenyon_Cell,KCg,MBp4,right,,KCg-m,
720575940620283227,intrinsic,central,Kenyon_Cell,KCg,MBp4,left,,KCg-m,
720575940620296107,afferent,sensory,olfactory,,,right,AN,ORN_VL1,
720575940620344837,intrinsic,central,Kenyon_Cell,KCg,MBp2,right,,KCg-m,
720575940620373697,intrinsic,central,Kenyon_Cell,KCg,MBp2,left,,KCg-m,
720575940620378657,intrinsic,central,Kenyon_Cell,,MBp2,left,,KCab,KCab-m
720575940620382317,intrinsic,central,Kenyon_Cell,,MBp4,left,,KCapbp-m,KCab-m
720575940620429317,intrinsic,central,Kenyon_Cell,,MBp2,left,,KCapbp-ap2,KCab-ap2
720575940620442817,intrinsic,central,Kenyon_Cell,KCg,MBp3,right,,KCg-m,
720575940620497217,intrinsic,central,DAN,,CREa1_dorsal,right,,PAM02,
720575940620500417,intrinsic,central,Kenyon_Cell,KCg,MBp2,right,,KCg-m,
720575940620543067,afferent,sensory,olfactory,,,right,AN,ORN_VA6,
720575940620574817,afferent,sensory,olfactory,,,left,AN,ORN_VM5d,
720575940620577217,afferent,sensory,olfactory,,,left,AN,ORN_DM2,
720575940620589677,intrinsic,central,Kenyon_Cell,,MBp3,left,,KCab,KCab-s
720575940620653377,intrinsic,central,Kenyon_Cell,KCg,MBp1,left,,KCg-m,
720575940620681837,intrinsic,central,DAN,,CREa1_dorsal,left,,PAM14,
720575940620774977,intrinsic,central,Kenyon_Cell,,MBp3,left,,KCapbp-ap2,KCab-ap2
720575940620823617,intrinsic,central,Kenyon_Cell,,MBp2,left,,KCab,KCab-c
720575940620850017,intrinsic,central,Kenyon_Cell,KCg,MBp4,left,,KCg-m,
720575940620883917,intrinsic,central,Kenyon_Cell,KCg,MBp2,right,,KCg-m,
720575940620892877,intrinsic,central,Kenyon_Cell,,MBp1,right,,KCab,KCab-c
720575940620932717,afferent,sensory,olfactory,,,left,AN,ORN_DM2,
720575940620955357,intrinsic,central,Kenyon_Cell,,MBp3,left,,KCapbp-ap2,KCab-ap2
720575940621019457,intrinsic,central,Kenyon_Cell,KCg,MBp3,right,,KCg-m,
720575940621023297,intrinsic,central,Kenyon_Cell,KCg,MBp1,right,,KCg-m,
720575940621040737,intrinsic,central,DAN,,putative_primary,left,,PPL101,
720575940621056577,intrinsic,central,Kenyon_Cell,KCg,MBp4,right,,KCg-m,
720575940621072297,afferent,sensory,olfactory,,,left,AN,ORN_VA6,
720575940621073117,intrinsic,central,Kenyon_Cell,,MBp3,right,,KCapbp-ap2,KCab-ap2
720575940621094527,intrinsic,central,Kenyon_Cell,KCg,MBp1,right,,KCg-m,
720575940621100117,afferent,sensory,olfactory,,,left,AN,ORN_DM4,
720575940621126527,afferent,sensory,olfactory,,,left,AN,ORN_DM5,
720575940621189637,intrinsic,central,Kenyon_Cell,,MBp3,right,,KCab,KCab-m
720575940621263457,afferent,sensory,olfactory,pheromone,,right,AN,ORN_DA1,
720575940621290017,intrinsic,central,Kenyon_Cell,KCg,MBp3,right,,KCg-m,
720575940621357147,intrinsic,central,Kenyon_Cell,KCg,MBp4,right,,KCg-m,
720575940621424397,afferent,sensory,olfactory,,,right,AN,ORN_DL5,
720575940621444777,intrinsic,central,Kenyon_Cell,KCg,MBp1,left,,KCg-m,
720575940621444877,intrinsic,central,Kenyon_Cell,,MBp1,left,,KCab,KCab-m
720575940621457577,intrinsic,central,Kenyon_Cell,KCg,MBp4,left,,KCg-m,
720575940621462797,intrinsic,central,Kenyon_Cell,KCg,MBp2,right,,KCg-m,
720575940621527337,intrinsic,central,Kenyon_Cell,KCg,MBp4,left,,KCg-d,
720575940621585507,afferent,sensory,olfactory,,,right,AN,ORN_VC3,ORN_VC3l
720575940621661197,intrinsic,central,Kenyon_Cell,,MBp3,left,,KCapbp-ap1,KCab-ap1
720575940621716067,intrinsic,central,Kenyon_Cell,,MBp1,left,,KCapbp-ap2,KCab-ap2
720575940621730687,intrinsic,central,Kenyon_Cell,KCg,MBp3,right,,KCg-m,
720575940621763767,intrinsic,central,Kenyon_Cell,KCg,MBp4,right,,KCg-m,
720575940621767977,intrinsic,central,Kenyon_Cell,,MBp3,left,,KCab,KCab-s
720575940621786807,intrinsic,central,Kenyon_Cell,,MBp2,right,,KCab,KCab-s
720575940621808227,afferent,sensory,olfactory,,,right,AN,ORN_VA2,
720575940621844137,afferent,sensory,olfactory,,,right,AN,ORN_VA7m,
720575940621861637,intrinsic,central,DAN,,CREa2_medial,right,,PAM09,
720575940621873677,afferent,sensory,olfactory,,,left,AN,ORN_VA3,
720575940621879557,intrinsic,central,Kenyon_Cell,,MBp2,left,,KCab,KCab-m
720575940621913897,intrinsic,central,Kenyon_Cell,,MBp1,right,,KCapbp-m,KCab-m
720575940621925417,intrinsic,central,Kenyon_Cell,,MBp2,right,,KCab-p,
720575940621943977,intrinsic,central,Kenyon_Cell,,MBp3,left,,KCapbp-m,KCab-m
720575940621946317,afferent,sensory,olfactory,,,left,AN,ORN_DM5,
720575940621957267,intrinsic,central,Kenyon_Cell,KCg,MBp1,left,,KCg-m,
720575940621966827,intrinsic,central,Kenyon_Cell,,MBp3,left,,KCab,KCab-s
720575940621983777,intrinsic,central,Kenyon_Cell,,MBp4,right,,KCab,KCab-m
720575940622013097,intrinsic,central,Kenyon_Cell,KCg,MBp3,left,,KCg-d,
720575940622145277,intrinsic,central,Kenyon_Cell,,MBp4,right,,KCapbp-ap1,KCab-ap1
720575940622163197,intrinsic,central,Kenyon_Cell,KCg,MBp3,right,,KCg-m,
720575940622191177,intrinsic,central,Kenyon_Cell,KCg,MBp3,right,,KCg-m,
720575940622202807,intrinsic,central,Kenyon_Cell,,MBp1,left,,KCab,KCab-s
720575940622204157,intrinsic,central,Kenyon_Cell,,MBp1,right,,KCapbp-ap2,KCab-ap2
720575940622270307,intrinsic,central,Kenyon_Cell,KCg,MBp4,left,,KCg-m,
720575940622278157,intrinsic,central,Kenyon_Cell,KCg,MBp2,left,,KCg-m,
720575940622333027,afferent,sensory,olfactory,pheromone,,right,AN,ORN_DL3,
720575940622384227,intrinsic,central,DAN,,CREa1_dorsal,left,,PAM08,
720575940622387677,intrinsic,central,Kenyon_Cell,KCg,MBp1,right,,KCg-m,
720575940622428087,intrinsic,central,Kenyon_Cell,,MBp1,right,,KCapbp-ap1,KCab-ap1
720575940622441107,afferent,sensory,olfactory,,,left,AN,ORN_VM2,
720575940622492637,afferent,sensory,olfactory,,,left,AN,ORN_VA6,
720575940622542007,intrinsic,central,Kenyon_Cell,KCg,MBp2,left,,KCg-m,
720575940622542517,intrinsic,central,Kenyon_Cell,KCg,MBp2,right,,KCg-m,
720575940622548487,intrinsic,central,Kenyon_Cell,,MBp3,left,,KCab,KCab-m
720575940622565887,intrinsic,central,Kenyon_Cell,,MBp1,right,,KCab,KCab-s
720575940622595827,intrinsic,central,Kenyon_Cell,,MBp1,right,,KCab,KCab-m
720575940622685367,afferent,sensory,olfactory,,,left,AN,ORN_DM2,
720575940622742477,intrinsic,central,Kenyon_Cell,,MBp4,left,,KCab,KCab-c
720575940622768397,intrinsic,central,Kenyon_Cell,,MBp1,right,,KCapbp-ap2,KCab-ap2
720575940622833577,afferent,sensory,olfactory,,,left,AN,ORN_VA2,
720575940622836237,intrinsic,central,Kenyon_Cell,KCg,MBp3,left,,KCg-m,
720575940622838797,intrinsic,central,Kenyon_Cell,,MBp4,left,,KCapbp-ap2,KCab-ap2
720575940622857447,intrinsic,central,Kenyon_Cell,,MBp3,right,,KCab,KCab-m
720575940622865907,intrinsic,central,Kenyon_Cell,,MBp1,left,,KCab,KCab-m
720575940622878477,intrinsic,central,Kenyon_Cell,KCg,MBp1,left,,KCg-m,
720575940622889997,intrinsic,central,Kenyon_Cell,,MBp4,left,,KCapbp-m,KCab-m
720575940622891277,intrinsic,central,Kenyon_Cell,KCg,MBp2,right,,KCg-m,
720575940622906867,intrinsic,central,Kenyon_Cell,KCg,MBp3,left,,KCg-m,
720575940622928397,intrinsic,central,Kenyon_Cell,KCg,MBp2,right,,KCg-m,
720575940622930957,intrinsic,central,Kenyon_Cell,KCg,MBp1,right,,KCg-m,
720575940622938637,intrinsic,central,Kenyon_Cell,,MBp1,right,,KCab,KCab-c
720575940622972167,afferent,sensory,olfactory,,,right,AN,ORN_DM4,
720575940622979277,intrinsic,central,MBON,,putative_primary,left,,MBON27,
720575940622987007,afferent,sensory,olfactory,,,right,AN,ORN_DC1,
720575940623002087,intrinsic,central,Kenyon_Cell,,MBp3,left,,KCab,KCab-c
720575940623003917,intrinsic,central,Kenyon_Cell,KCg,MBp3,right,,KCg-m,
720575940623026357,afferent,sensory,olfactory,,,right,AN,ORN_DL4,
720575940623045117,afferent,sensory,olfactory,,,right,MxLbN,ORN_VM7d,
720575940623059347,afferent,sensory,olfactory,,,right,AN,ORN_DM3,
720575940623103487,intrinsic,central,Kenyon_Cell,KCg,MBp2,left,,KCg-m,
720575940623122957,afferent,sensory,olfactory,pheromone,,right,AN,ORN_DC3,
720575940623129087,intrinsic,central,Kenyon_Cell,,MBp4,right,,KCab,KCab-c
720575940623129587,afferent,sensory,olfactory,,,right,AN,ORN_DL5,
720575940623165737,intrinsic,central,Kenyon_Cell,,MBp2,right,,KCapbp-m,KCab-m
720575940623171847,intrinsic,central,Kenyon_Cell,KCg,MBp2,right,,KCg-m,
720575940623182847,intrinsic,central,MBON,,putative_primary,left,,MBON33,
720575940623203767,intrinsic,central,Kenyon_Cell,KCg,MBp1,right,,KCg-m,
720575940623218687,intrinsic,central,Kenyon_Cell,KCg,MBp3,left,,KCg-m,
720575940623229927,intrinsic,central,Kenyon_Cell,,MBp4,left,,KCab,KCab-s
720575940623257597,afferent,sensory,olfactory,pheromone,,right,AN,ORN_DL3,
720575940623287187,afferent,sensory,olfactory,pheromone,,left,AN,ORN_VA1d,
720575940623315347,intrinsic,central,Kenyon_Cell,KCg,MBp2,right,,KCg-m,
720575940623322697,afferent,sensory,olfactory,,,right,AN,ORN_VM5d,
720575940623334837,afferent,sensory,olfactory,,,right,AN,ORN_VL2a,
720575940623361427,afferent,sensory,olfactory,,,right,AN,ORN_VL1,
720575940623367607,afferent,sensory,olfactory,,,right,AN,ORN_VA5,
720575940623398397,intrinsic,central,Kenyon_Cell,KCg,MBp3,left,,KCg-m,
720575940623441387,intrinsic,central,Kenyon_Cell,,MBp3,right,,KCab,KCab-m
720575940623607527,afferent,sensory,olfactory,,,right,AN,ORN_DL2d,
720575940623623687,afferent,sensory,olfactory,,,right,AN,ORN_VA5,
720575940623638967,afferent,sensory,olfactory,,,left,AN,ORN_DP1l,
720575940623646537,afferent,sensory,olfactory,,,right,MxLbN,ORN_VA7l,
720575940623696647,intrinsic,central,DAN,,CREa1_dorsal,left,,PAM05,
720575940623699207,intrinsic,central,Kenyon_Cell,,MBp4,left,,KCab,KCab-c
720575940623706867,afferent,sensory,olfactory,,,left,AN,ORN_VL2a,
720575940623729907,afferent,sensory,olfactory,,,right,AN,ORN_VA7m,
720575940623738807,intrinsic,central,Kenyon_Cell,,MBp2,left,,KCab,KCab-s
720575940623776437,intrinsic,central,Kenyon_Cell,,MBp3,right,,KCab,KCab-m
720575940623810487,intrinsic,central,Kenyon_Cell,KCg,MBp3,right,,KCg-m,
720575940623825077,intrinsic,central,Kenyon_Cell,KCg,MBp3,left,,KCg-m,
720575940623859127,intrinsic,central,Kenyon_Cell,KCg,MBp3,left,,KCg-d,
720575940623865597,afferent,sensory,olfactory,pheromone,,left,AN,ORN_VA1v,
720575940623878327,intrinsic,central,Kenyon_Cell,,MBp2,right,,KCapbp-ap2,KCab-ap2
720575940623948617,intrinsic,central,Kenyon_Cell,,MBp2,left,,KCab,KCab-c
720575940624006477,intrinsic,central,Kenyon_Cell,KCg,MBp1,left,,KCg-m,
720575940624014077,intrinsic,central,Kenyon_Cell,,MBp4,right,,KCab,KCab-s
720575940624041447,intrinsic,central,Kenyon_Cell,KCg,MBp4,left,,KCg-m,
720575940624144107,intrinsic,central,Kenyon_Cell,KCg,MBp4,left,,KCg-m,
720575940624152357,intrinsic,central,Kenyon_Cell,,MBp2,left,,KCab,KCab-s
720575940624210407,afferent,sensory,olfactory,,,left,AN,ORN_DM3,
720575940624279527,intrinsic,central,Kenyon_Cell,,MBp1,left,,KCab,KCab-c
720575940624367347,afferent,sensory,olfactory,,,left,AN,ORN_DM5,
720575940624382727,afferent,sensory,olfactory,pheromone,,,AN,ORN_VA1v,
720575940624384007,afferent,sensory,olfactory,pheromone,,left,AN,ORN_VA1v,
720575940624390477,afferent,sensory,olfactory,,,right,AN,ORN_VM4,
720575940624570917,intrinsic,central,Kenyon_Cell,KCg,MBp1,left,,KCg-m,
720575940624570957,intrinsic,central,Kenyon_Cell,,MBp1,left,,KCab,KCab-s
720575940624648067,intrinsic,central,Kenyon_Cell,,MBp1,right,,KCab,KCab-m
720575940624651507,intrinsic,central,Kenyon_Cell,KCg,MBp2,left,,KCg-m,
720575940624663427,intrinsic,central,Kenyon_Cell,,MBp1,right,,KCapbp-m,KCab-m
720575940624693287,intrinsic,central,Kenyon_Cell,KCg,MBp1,right,,KCg-m,
720575940624837927,intrinsic,central,Kenyon_Cell,KCg,MBp3,right,,KCg-m,
720575940624839257,intrinsic,central,Kenyon_Cell,KCg,MBp3,left,,KCg-m,
720575940624958757,afferent,sensory,olfactory,,,left,AN,ORN_DC1,
720575940624963917,afferent,sensory,olfactory,,,left,AN,ORN_VM3,
720575940625003907,intrinsic,central,Kenyon_Cell,KCg,MBp4,left,,KCg-d,
720575940625059917,intrinsic,central,Kenyon_Cell,,MBp4,left,,KCab,KCab-s
720575940625128067,intrinsic,central,DAN,,CREa2_medial,left,,PAM12,
720575940625155877,intrinsic,central,Kenyon_Cell,KCg,MBp1,right,,KCg-m,
720575940625158437,intrinsic,central,Kenyon_Cell,,MBp1,right,,KCab,KCab-m
720575940625260837,afferent,sensory,olfactory,,,left,AN,ORN_DL4,
720575940625266057,intrinsic,central,Kenyon_Cell,KCg,MBp2,right,,KCg-m,
720575940625358157,afferent,sensory,olfactory,,,left,AN,ORN_VL1,
720575940625399077,intrinsic,central,Kenyon_Cell,,MBp3,right,,KCab,KCab-m
720575940625404197,intrinsic,central,Kenyon_Cell,,MBp1,left,,KCab,KCab-m
720575940625485657,afferent,sensory,olfactory,,,right,AN,ORN_VM5d,
720575940625492057,afferent,sensory,olfactory,,,left,AN,ORN_VM5d,
720575940625529477,intrinsic,central,Kenyon_Cell,KCg,MBp2,left,,KCg-m,
720575940625605257,intrinsic,central,Kenyon_Cell,,MBp4,left,,KCab-p,
720575940625694857,afferent,sensory,olfactory,,,right,AN,ORN_DL5,
720575940625751117,intrinsic,central,Kenyon_Cell,KCg,MBp1,left,,KCg-m,
720575940625762447,intrinsic,central,Kenyon_Cell,,MBp2,right,,KCab,KCab-c
720575940625793317,intrinsic,central,Kenyon_Cell,KCg,MBp2,left,,KCg-m,
720575940625853477,intrinsic,central,Kenyon_Cell,KCg,MBp4,left,,KCg-m,
720575940625937797,intrinsic,central,Kenyon_Cell,,MBp3,right,,KCapbp-m,KCab-m
720575940626048637,afferent,sensory,olfactory,,,right,AN,ORN_VM1,
720575940626162707,afferent,sensory,olfactory,pheromone,,left,AN,ORN_DL3,
720575940626202237,afferent,sensory,olfactory,,,right,AN,ORN_DM4,
720575940626216317,intrinsic,central,Kenyon_Cell,KCg,MBp4,left,,KCg-m,
720575940626279557,afferent,sensory,olfactory,pheromone,,left,AN,ORN_DL3,
720575940626284157,intrinsic,central,Kenyon_Cell,KCg,MBp2,right,,KCg-m,
720575940626349957,afferent,sensory,olfactory,,,left,AN,ORN_VM6m,ORN_VC5
720575940626411097,afferent,sensory,olfactory,,,,AN,ORN_DA2,
720575940626513027,intrinsic,central,Kenyon_Cell,KCg,MBp4,right,,KCg-m,
720575940626547817,intrinsic,central,Kenyon_Cell,KCg,MBp4,right,,KCg-m,
720575940626560857,intrinsic,central,Kenyon_Cell,,MBp3,right,,KCab,KCab-c
720575940626565907,afferent,sensory,olfactory,,,right,MxLbN,ORN_VC1,
720575940626632837,intrinsic,central,Kenyon_Cell,KCg,MBp2,left,,KCg-m,
720575940626669957,intrinsic,central,Kenyon_Cell,KCg,MBp3,right,,KCg-m,
720575940626674707,afferent,sensory,olfactory,,,left,AN,ORN_DC1,
720575940626698377,intrinsic,central,Kenyon_Cell,KCg,MBp2,left,,KCg-m,
720575940626703637,afferent,sensory,olfactory,,,left,AN,ORN_DM5,
720575940626756117,afferent,sensory,olfactory,,,left,AN,ORN_VM4,
720575940626772357,intrinsic,central,Kenyon_Cell,KCg,MBp2,right,,KCg-d,
720575940626782507,intrinsic,central,Kenyon_Cell,KCg,MBp3,right,,KCg-m,
720575940626794027,intrinsic,central,Kenyon_Cell,,MBp2,right,,KCab,KCab-s
720575940626859797,afferent,sensory,olfactory,,,left,AN,ORN_DA3,
720575940626860487,afferent,sensory,olfactory,,,right,AN,ORN_VM5d,
720575940626874097,intrinsic,central,Kenyon_Cell,,MBp4,right,,KCapbp-ap1,KCab-ap1
720575940626930947,intrinsic,central,Kenyon_Cell,,MBp1,right,,KCab,KCab-m
720575940626937347,intrinsic,central,Kenyon_Cell,KCg,MBp3,right,,KCg-d,
720575940626950147,intrinsic,central,Kenyon_Cell,KCg,MBp3,right,,KCg-d,
720575940627003547,intrinsic,central,Kenyon_Cell,,MBp2,right,,KCab,KCab-s
720575940627044337,intrinsic,central,Kenyon_Cell,,MBp4,left,,KCapbp-ap2,KCab-ap2
720575940627075407,intrinsic,central,Kenyon_Cell,,MBp3,left,,KCab,KCab-c
720575940627079557,intrinsic,central,Kenyon_Cell,KCg,MBp1,left,,KCg-m,
720575940627094917,intrinsic,central,Kenyon_Cell,,MBp1,right,,KCab,KCab-m
720575940627103877,intrinsic,central,DAN,,CREa2_medial,left,,PAM04,
720575940627185767,intrinsic,central,Kenyon_Cell,,MBp4,right,,KCab,KCab-m
720575940627211307,intrinsic,central,Kenyon_Cell,,MBp4,left,,KCapbp-ap2,KCab-ap2
720575940627220327,intrinsic,central,Kenyon_Cell,KCg,MBp3,right,,KCg-m,
720575940627229007,intrinsic,central,Kenyon_Cell,KCg,MBp3,left,,KCg-d,
720575940627252267,intrinsic,central,Kenyon_Cell,,MBp4,left,,KCab,KCab-m
720575940627343377,intrinsic,central,Kenyon_Cell,KCg,MBp1,left,,KCg-m,
720575940627370027,afferent,sensory,olfactory,,,right,AN,ORN_DC4,
720575940627377937,intrinsic,central,Kenyon_Cell,,MBp2,left,,KCab,KCab-s
720575940627390507,intrinsic,central,DAN,,CREa2_medial,right,,PAM12,
720575940627426837,intrinsic,central,Kenyon_Cell,KCg,MBp1,right,,KCg-m,
720575940627492117,intrinsic,central,Kenyon_Cell,KCg,MBp4,left,,KCg-m,
720575940627546897,intrinsic,central,Kenyon_Cell,,MBp1,left,,KCab,KCab-m
720575940627583217,intrinsic,central,Kenyon_Cell,KCg,MBp3,left,,KCg-d,
720575940627588337,intrinsic,central,Kenyon_Cell,,MBp4,left,,KCab,KCab-s
720575940627750647,intrinsic,central,Kenyon_Cell,KCg,MBp4,right,,KCg-m,
720575940627768567,intrinsic,central,Kenyon_Cell,,MBp2,right,,KCab,KCab-s
720575940627948367,afferent,sensory,olfactory,,,right,AN,ORN_DM6,
720575940627953607,intrinsic,central,Kenyon_Cell,KCg,MBp4,left,,KCg-d,
720575940628086607,afferent,sensory,olfactory,,,left,AN,ORN_DA2,
720575940628121287,intrinsic,central,Kenyon_Cell,,MBp1,right,,KCab,KCab-s
720575940628145667,intrinsic,central,Kenyon_Cell,KCg,MBp2,left,,KCg-d,
720575940628164907,afferent,sensory,olfactory,pheromone,,right,AN,ORN_DL3,
720575940628186667,intrinsic,central,Kenyon_Cell,KCg,MBp1,left,,KCg-m,
720575940628205417,afferent,sensory,olfactory,pheromone,,right,AN,ORN_DC3,
720575940628251947,afferent,sensory,olfactory,pheromone,,left,AN,ORN_DA1,
720575940628277147,afferent,sensory,olfactory,,,right,AN,ORN_DP1l,
720575940628277327,afferent,sensory,olfactory,pheromone,,left,AN,ORN_DL3,
720575940628291407,intrinsic,central,Kenyon_Cell,,MBp4,right,,KCab,KCab-s
720575940628297627,intrinsic,central,Kenyon_Cell,,MBp2,right,,KCab,KCab-s
720575940628314217,afferent,sensory,olfactory,pheromone,,left,AN,ORN_DA1,
720575940628372327,afferent,sensory,olfactory,,,right,AN,ORN_VA7m,
720575940628380827,afferent,sensory,olfactory,,,right,AN,ORN_DA2,
720575940628414567,intrinsic,central,Kenyon_Cell,KCg,MBp2,right,,KCg-m,
720575940628424527,intrinsic,central,Kenyon_Cell,,MBp4,left,,KCapbp-m,KCab-m
720575940628557527,intrinsic,central,Kenyon_Cell,,MBp4,left,,KCab,KCab-c
720575940628609127,intrinsic,central,DAN,,CREa2_medial,right,,PAM02,
720575940628641847,intrinsic,central,Kenyon_Cell,,MBp1,left,,KCapbp-m,KCab-m
720575940628687207,intrinsic,central,DAN,,CREa2_medial,left,,PAM01,aSP13
720575940628694007,intrinsic,central,Kenyon_Cell,KCg,MBp3,right,,KCg-m,
720575940628750747,afferent,sensory,olfactory,,,right,AN,ORN_DM5,
720575940628757547,intrinsic,central,MBON,,DL1_dorsal,left,,MBON15-like,
720575940628766467,intrinsic,central,Kenyon_Cell,,MBp3,left,,KCapbp-m,KCab-m
720575940628800277,afferent,sensory,olfactory,,,left,AN,ORN_DM1,
720575940628844187,intrinsic,central,Kenyon_Cell,KCg,MBp3,left,,KCg-m,
720575940628887887,intrinsic,central,Kenyon_Cell,KCg,MBp3,right,,KCg-m,
720575940628920987,intrinsic,central,Kenyon_Cell,KCg,MBp4,left,,KCg-m,
720575940628924887,intrinsic,central,Kenyon_Cell,,MBp3,left,,KCapbp-m,KCab-m
720575940628976887,afferent,sensory,olfactory,,,left,AN,ORN_DP1l,
720575940629036997,intrinsic,central,Kenyon_Cell,,MBp4,right,,KCapbp-ap1,KCab-ap1
720575940629043817,afferent,sensory,olfactory,,,,AN,ORN_VA3,
720575940629079707,intrinsic,central,Kenyon_Cell,,MBp3,right,,KCab,KCab-c
720575940629119737,intrinsic,central,Kenyon_Cell,KCg,MBp1,left,,KCg-m,
720575940629141607,intrinsic,central,Kenyon_Cell,,MBp2,left,,KCapbp-m,KCab-m
720575940629166587,intrinsic,central,Kenyon_Cell,,MBp2,right,,KCab,KCab-s
720575940629188507,intrinsic,central,DAN,,CREa1_dorsal,left,,PAM01,aSP13
720575940629202167,intrinsic,central,Kenyon_Cell,,MBp4,right,,KCab,KCab-m
720575940629235047,intrinsic,central,DAN,,CREa1_dorsal,left,,PAM04,
720575940629266767,afferent,sensory,olfactory,pheromone,,left,AN,ORN_DA1,
720575940629270487,afferent,sensory,olfactory,,,left,AN,ORN_D,
720575940629277687,intrinsic,central,Kenyon_Cell,KCg,MBp4,right,,KCg-m,
720575940629528827,afferent,sensory,olfactory,,,left,AN,ORN_VA6,
720575940629541187,intrinsic,central,Kenyon_Cell,,MBp4,right,,KCapbp-ap2,KCab-ap2
720575940629545027,intrinsic,central,Kenyon_Cell,KCg,MBp4,right,,KCg-m,
720575940629557957,intrinsic,central,Kenyon_Cell,,MBp4,left,,KCapbp-ap2,KCab-ap2
720575940629694027,intrinsic,central,Kenyon_Cell,KCg,MBp1,left,,KCg-m,
720575940629724247,afferent,sensory,olfactory,,,left,AN,ORN_DM3,
720575940629765647,intrinsic,central,Kenyon_Cell,,MBp2,right,,KCapbp-ap1,KCab-ap1
720575940629804857,intrinsic,central,Kenyon_Cell,,MBp1,right,,KCab,KCab-m
720575940629836087,intrinsic,central,Kenyon_Cell,KCg,MBp4,right,,KCg-d,
720575940629863737,intrinsic,central,Kenyon_Cell,,MBp1,right,,KCab,KCab-s
720575940629979897,intrinsic,central,Kenyon_Cell,,MBp2,left,,KCab,KCab-m
720575940630014917,afferent,sensory,olfactory,pheromone,,left,AN,ORN_DL3,
720575940630039547,intrinsic,central,Kenyon_Cell,KCg,MBp1,right,,KCg-m,
720575940630049337,intrinsic,central,Kenyon_Cell,KCg,MBp4,left,,KCg-m,
720575940630052857,afferent,sensory,olfactory,,,left,AN,ORN_DM5,
720575940630062587,afferent,sensory,olfactory,pheromone,,left,AN,ORN_DA1,
720575940630076887,intrinsic,central,DAN,,CREa2_medial,right,,PAM08,
720575940630101497,afferent,sensory,olfactory,,,right,AN,ORN_V,
720575940630166267,intrinsic,central,DAN,,CREa2_medial,right,,PAM06,
720575940630170967,intrinsic,central,Kenyon_Cell,KCg,MBp1,left,,KCg-m,
720575940630176047,intrinsic,central,Kenyon_Cell,KCg,MBp4,right,,KCg-m,
720575940630188887,intrinsic,central,Kenyon_Cell,,MBp3,left,,KCab,KCab-m
720575940630219567,intrinsic,central,Kenyon_Cell,KCg,MBp1,right,,KCg-m,
720575940630285007,afferent,sensory,olfactory,,,left,AN,ORN_VA3,
720575940630336057,intrinsic,central,Kenyon_Cell,,MBp2,left,,KCapbp-ap2,KCab-ap2
720575940630360377,intrinsic,central,Kenyon_Cell,KCg,MBp2,right,,KCg-m,
720575940630397527,intrinsic,central,DAN,,CREa1_dorsal,right,,PAM12,
720575940630413087,intrinsic,central,Kenyon_Cell,,MBp3,right,,KCab,KCab-s
720575940630418937,intrinsic,central,Kenyon_Cell,KCg,MBp1,left,,KCg-m,
720575940630428227,afferent,sensory,olfactory,pheromone,,left,AN,ORN_DA1,
720575940630428667,intrinsic,central,Kenyon_Cell,KCg,MBp4,left,,KCg-d,
720575940630467087,intrinsic,central,Kenyon_Cell,KCg,MBp4,left,,KCg-m,
720575940630469647,intrinsic,central,Kenyon_Cell,,MBp1,left,,KCab,KCab-m
720575940630488827,intrinsic,central,Kenyon_Cell,,MBp2,left,,KCapbp-m,KCab-m
720575940630525967,intrinsic,central,Kenyon_Cell,,MBp1,right,,KCab,KCab-s
720575940630578247,intrinsic,central,Kenyon_Cell,,MBp2,left,,KCapbp-ap2,KCab-ap2
720575940630620747,intrinsic,central,Kenyon_Cell,KCg,MBp2,right,,KCg-m,
720575940630642447,afferent,sensory,olfactory,,,right,AN,ORN_VM5v,
720575940630645067,afferent,sensory,olfactory,,,right,AN,ORN_DM3,
720575940630662737,afferent,sensory,olfactory,,,left,AN,ORN_DM4,
720575940630682927,intrinsic,central,Kenyon_Cell,,MBp4,left,,KCapbp-ap1,KCab-ap1
720575940630687827,intrinsic,central,Kenyon_Cell,,MBp1,right,,KCab,KCab-m
720575940630722757,intrinsic,central,Kenyon_Cell,,MBp1,right,,KCapbp-ap2,KCab-ap2
720575940630733137,intrinsic,central,Kenyon_Cell,KCg,MBp1,right,,KCg-m,
720575940630734587,afferent,sensory,olfactory,,,right,AN,ORN_DL1,
720575940630759507,intrinsic,central,Kenyon_Cell,KCg,MBp3,right,,KCg-m,
720575940630816207,intrinsic,central,DAN,,CREa1_dorsal,left,,PAM15,
720575940630862287,intrinsic,central,Kenyon_Cell,,MBp2,left,,KCapbp-m,KCab-m
720575940630864847,intrinsic,central,MBON,,putative_primary,right,,MBON09,
720575940630949187,intrinsic,central,Kenyon_Cell,,MBp4,right,,KCab-p,
720575940630972747,intrinsic,central,Kenyon_Cell,KCg,MBp4,left,,KCg-m,
720575940630998287,intrinsic,central,DAN,,CREa1_dorsal,left,,PAM02,
720575940630999327,intrinsic,central,Kenyon_Cell,,MBp4,left,,KCab,KCab-m
720575940631036687,intrinsic,central,Kenyon_Cell,KCg,MBp4,left,,KCg-m,
720575940631048267,intrinsic,central,Kenyon_Cell,KCg,MBp2,right,,KCg-m,
720575940631089657,afferent,sensory,olfactory,,,right,AN,ORN_VL1,
720575940631093007,intrinsic,central,Kenyon_Cell,,MBp3,left,,KCab-p,
720575940631095087,intrinsic,central,DAN,,CREa1_dorsal,left,,PAM01,aSP13
720575940631236167,afferent,sensory,olfactory,,,right,AN,ORN_DA4m,
720575940631253967,afferent,sensory,olfactory,,,left,AN,ORN_DA4m,
720575940631335417,intrinsic,central,Kenyon_Cell,KCg,MBp4,left,,KCg-m,
720575940631406547,intrinsic,central,Kenyon_Cell,KCg,MBp2,right,,KCg-m,
720575940631451897,intrinsic,central,Kenyon_Cell,,MBp2,left,,KCab,KCab-s
720575940631470417,intrinsic,central,Kenyon_Cell,,MBp3,left,,KCab,KCab-s
720575940631494687,afferent,sensory,olfactory,,,left,AN,ORN_VM4,
720575940631499587,intrinsic,central,Kenyon_Cell,KCg,MBp2,left,,KCg-m,
720575940631571247,intrinsic,central,Kenyon_Cell,,MBp1,left,,KCapbp-m,KCab-m
720575940631584057,intrinsic,central,Kenyon_Cell,,MBp1,left,,KCab,KCab-m
720575940631587897,intrinsic,central,Kenyon_Cell,,MBp4,left,,KCab,KCab-m
720575940631603267,intrinsic,central,Kenyon_Cell,,MBp4,right,,KCapbp-ap1,KCab-ap1
720575940631620177,afferent,sensory,olfactory,,,right,MxLbN,ORN_VA4,
720575940631639097,afferent,sensory,olfactory,,,left,AN,ORN_VA7m,
720575940631655737,intrinsic,central,Kenyon_Cell,KCg,MBp1,left,,KCg-m,
720575940631662147,intrinsic,central,Kenyon_Cell,KCg,MBp2,left,,KCg-m,
720575940631667937,intrinsic,central,Kenyon_Cell,KCg,MBp2,right,,KCg-m,
720575940631694137,intrinsic,central,Kenyon_Cell,,MBp3,right,,KCapbp-ap2,KCab-ap2
720575940631701807,intrinsic,central,Kenyon_Cell,,MBp1,left,,KCab,KCab-s
720575940631745367,intrinsic,central,DAN,,putative_primary,right,,PPL102,
720575940631754527,intrinsic,central,Kenyon_Cell,KCg,MBp4,right,,KCg-m,
720575940631761977,intrinsic,central,Kenyon_Cell,,MBp2,left,,KCab,KCab-m
720575940631763257,intrinsic,central,Kenyon_Cell,KCg,MBp2,left,,KCg-m,
720575940631777567,intrinsic,central,Kenyon_Cell,KCg,MBp4,right,,KCg-m,
720575940631782447,intrinsic,central,Kenyon_Cell,,MBp3,right,,KCapbp-ap2,KCab-ap2
720575940631827527,intrinsic,central,Kenyon_Cell,KCg,MBp1,right,,KCg-m,
720575940631865937,afferent,sensory,olfactory,pheromone,,left,AN,ORN_VA1d,
720575940631875097,intrinsic,central,Kenyon_Cell,,MBp2,right,,KCab,KCab-m
720575940631880217,intrinsic,central,Kenyon_Cell,,MBp1,right,,KCab,KCab-m
720575940631941587,afferent,sensory,olfactory,,,left,MxLbN,ORN_VC2,
720575940631956397,afferent,sensory,olfactory,,,right,AN,ORN_VM3,
720575940632001607,intrinsic,central,Kenyon_Cell,,MBp3,left,,KCapbp-ap1,KCab-ap1
720575940632010567,intrinsic,central,Kenyon_Cell,KCg,MBp1,right,,KCg-m,
720575940632019247,intrinsic,central,Kenyon_Cell,KCg,MBp3,right,,KCg-m,
720575940632077127,intrinsic,central,Kenyon_Cell,KCg,MBp3,right,,KCg-m,
720575940632110637,afferent,sensory,olfactory,,,right,AN,ORN_VL1,
720575940632115247,intrinsic,central,Kenyon_Cell,KCg,MBp4,right,,KCg-m,
720575940632169007,intrinsic,central,Kenyon_Cell,KCg,MBp3,right,,KCg-m,
720575940632175407,afferent,sensory,olfactory,pheromone,,right,AN,ORN_DA1,
720575940632195887,intrinsic,central,Kenyon_Cell,KCg,MBp4,left,,KCg-m,
720575940632284717,afferent,sensory,olfactory,,,left,AN,ORN_VC5,ORN_VC3m
720575940632342497,intrinsic,central,Kenyon_Cell,,MBp4,left,,KCapbp-ap1,KCab-ap1
720575940632351457,intrinsic,central,Kenyon_Cell,,MBp4,left,,KCapbp-m,KCab-m
720575940632364717,intrinsic,central,Kenyon_Cell,KCg,MBp3,right,,KCg-m,
720575940632371737,intrinsic,central,Kenyon_Cell,,MBp1,right,,KCapbp-ap1,KCab-ap1
720575940632447827,intrinsic,central,Kenyon_Cell,KCg,MBp2,left,,KCg-m,
720575940632530207,intrinsic,central,Kenyon_Cell,KCg,MBp3,left,,KCg-m,
720575940632582807,intrinsic,central,Kenyon_Cell,,MBp4,right,,KCab,KCab-m
720575940632584787,intrinsic,central,Kenyon_Cell,KCg,MBp3,right,,KCg-m,
720575940632625837,afferent,sensory,olfactory,,,right,AN,ORN_DL2d,
720575940632652077,intrinsic,central,Kenyon_Cell,,MBp4,right,,KCapbp-ap2,KCab-ap2
720575940632696877,intrinsic,central,Kenyon_Cell,,MBp4,left,,KCapbp-ap2,KCab-ap2
720575940632737837,intrinsic,central,Kenyon_Cell,,MBp1,left,,KCapbp-m,KCab-m
720575940632805037,intrinsic,central,Kenyon_Cell,KCg,MBp1,right,,KCg-m,
720575940632915937,intrinsic,central,Kenyon_Cell,KCg,MBp3,left,,KCg-m,
720575940632917217,intrinsic,central,Kenyon_Cell,,MBp2,left,,KCab,KCab-s
720575940632943277,intrinsic,central,MBON,,putative_primary,right,,MBON35,
720575940632969567,intrinsic,central,Kenyon_Cell,KCg,MBp4,right,,KCg-d,
720575940633056467,intrinsic,central,Kenyon_Cell,KCg,MBp4,right,,KCg-m,
720575940633058897,intrinsic,central,Kenyon_Cell,KCg,MBp1,left,,KCg-m,
720575940633140887,intrinsic,central,Kenyon_Cell,,MBp3,right,,KCab,KCab-s
720575940633146007,intrinsic,central,Kenyon_Cell,KCg,MBp1,right,,KCg-m,
720575940633209647,intrinsic,central,MBON,,EBa1,left,,MBON10,
720575940633221657,afferent,sensory,olfactory,,,right,AN,ORN_VM2,
720575940633231827,intrinsic,central,Kenyon_Cell,KCg,MBp4,left,,KCg-m,
720575940633300927,intrinsic,central,Kenyon_Cell,KCg,MBp2,right,,KCg-m,
720575940633336727,intrinsic,central,Kenyon_Cell,,MBp1,left,,KCab,KCab-m
720575940633367377,afferent,sensory,olfactory,,,right,AN,ORN_DP1m,
720575940633422687,intrinsic,central,Kenyon_Cell,,MBp3,left,,KCab,KCab-s
720575940633509407,afferent,sensory,olfactory,,,right,AN,ORN_DM1,
720575940633541857,intrinsic,central,DAN,,CREa2_medial,right,,PAM13,
720575940633673497,intrinsic,central,Kenyon_Cell,KCg,MBp4,left,,KCg-m,
720575940633713087,afferent,sensory,olfactory,,,right,AN,ORN_VM5d,
720575940633750297,intrinsic,central,Kenyon_Cell,,MBp2,left,,KCab,KCab-m
720575940633816857,intrinsic,central,DAN,,CREa1_dorsal,left,,PAM06,
720575940633837247,afferent,sensory,olfactory,,,left,AN,ORN_VA6,
720575940633857687,afferent,sensory,olfactory,,,right,MxLbN,ORN_VC2,
720575940633867927,afferent,sensory,olfactory,,,left,AN,ORN_VL1,
720575940633907607,intrinsic,central,Kenyon_Cell,KCg,MBp2,left,,KCg-m,
720575940633908887,intrinsic,central,Kenyon_Cell,KCg,MBp2,right,,KCg-m,
720575940633915327,afferent,sensory,olfactory,,,right,AN,ORN_VL2p,
720575940633938657,afferent,sensory,olfactory,,,right,AN,ORN_VM6v,ORN_VC5
720575940633998687,afferent,sensory,olfactory,,,right,AN,ORN_VM6l,ORN_VC5
720575940634001007,intrinsic,central,Kenyon_Cell,,MBp3,right,,KCab,KCab-m
720575940634294367,intrinsic,central,Kenyon_Cell,KCg,MBp1,right,,KCg-m,
720575940634342007,intrinsic,central,Kenyon_Cell,KCg,MBp1,right,,KCg-d,
720575940634377327,intrinsic,central,Kenyon_Cell,,MBp2,left,,KCab,KCab-m
720575940634468197,intrinsic,central,Kenyon_Cell,,MBp3,right,,KCab,KCab-c
720575940634546807,intrinsic,central,Kenyon_Cell,KCg,MBp3,left,,KCg-m,
720575940634614367,afferent,sensory,olfactory,,,right,AN,ORN_DA2,
720575940634703987,afferent,sensory,olfactory,,,right,AN,ORN_DM3,
720575940634733537,afferent,sensory,olfactory,,,left,AN,ORN_VM6v,ORN_VC5
720575940634808927,intrinsic,central,Kenyon_Cell,KCg,MBp1,left,,KCg-m,
720575940634839487,intrinsic,central,Kenyon_Cell,KCg,MBp1,right,,KCg-m,
720575940634878047,intrinsic,central,Kenyon_Cell,KCg,MBp1,right,,KCg-m,
720575940634903397,intrinsic,central,Kenyon_Cell,,MBp3,left,,KCab,KCab-s
720575940634923967,intrinsic,central,Kenyon_Cell,,MBp3,left,,KCab,KCab-c
720575940634941887,afferent,sensory,olfactory,pheromone,,right,AN,ORN_DC3,
720575940634951007,intrinsic,central,Kenyon_Cell,KCg,MBp1,right,,KCg-m,
720575940635082347,intrinsic,central,MBON,,DL1_dorsal,left,,MBON15-like,
720575940635114347,afferent,sensory,olfactory,,,left,AN,ORN_VL2p,
720575940635291247,intrinsic,central,Kenyon_Cell,,MBp4,left,,KCab,KCab-s
720575940635419237,afferent,sensory,olfactory,,,right,AN,ORN_VM6v,ORN_VC5
720575940635459947,afferent,sensory,olfactory,pheromone,,left,AN,ORN_VA1v,
720575940635465317,afferent,sensory,olfactory,,,left,AN,ORN_VL1,
720575940635538807,intrinsic,central,Kenyon_Cell,KCg,MBp3,left,,KCg-m,
720575940635708267,afferent,sensory,olfactory,pheromone,,left,AN,ORN_DA1,
720575940635807087,intrinsic,central,Kenyon_Cell,,MBp1,right,,KCapbp-m,KCab-m
720575940636136567,intrinsic,central,Kenyon_Cell,,MBp1,right,,KCapbp-m,KCab-m
720575940636316137,intrinsic,central,Kenyon_Cell,,MBp2,left,,KCab,KCab-s
720575940636352357,intrinsic,central,Kenyon_Cell,KCg,MBp4,right,,KCg-m,
720575940636430437,intrinsic,central,Kenyon_Cell,KCg,MBp2,right,,KCg-m,
720575940636579817,intrinsic,central,Kenyon_Cell,,MBp4,left,,KCapbp-m,KCab-m
720575940636675817,intrinsic,central,Kenyon_Cell,,MBp2,right,,KCapbp-ap2,KCab-ap2
720575940637055797,intrinsic,central,Kenyon_Cell,,MBp1,right,,KCapbp-m,KCab-m
720575940637165157,intrinsic,central,Kenyon_Cell,KCg,MBp4,left,,KCg-d,
720575940637277117,intrinsic,central,Kenyon_Cell,,MBp3,right,,KCab,KCab-m
720575940637355497,afferent,sensory,olfactory,pheromone,,left,AN,ORN_VA1d,
720575940637508917,intrinsic,central,Kenyon_Cell,,MBp3,left,,KCab,KCab-s
720575940637535797,intrinsic,central,Kenyon_Cell,,MBp3,left,,KCapbp-ap2,KCab-ap2
720575940637539647,intrinsic,central,Kenyon_Cell,KCg,MBp3,right,,KCg-d,
720575940637595507,intrinsic,central,Kenyon_Cell,,MBp1,right,,KCab,KCab-m
720575940637731817,afferent,sensory,olfactory,,,left,AN,ORN_VM3,
720575940637773117,intrinsic,central,Kenyon_Cell,,MBp4,right,,KCab,KCab-c
720575940638028607,intrinsic,central,MBON,,putative_primary,right,,MBON06,
720575940638208627,intrinsic,central,Kenyon_Cell,,MBp1,left,,KCapbp-ap1,KCab-ap1
720575940638249917,afferent,sensory,olfactory,,,right,AN,ORN_VM6v,ORN_VC5
720575940638402357,afferent,sensory,olfactory,,,right,MxLbN,ORN_VC1,
720575940638422387,afferent,sensory,olfactory,,,left,AN,ORN_VM5d,
720575940638434357,afferent,sensory,olfactory,,,left,AN,ORN_VM3,
720575940638447677,intrinsic,central,Kenyon_Cell,KCg,MBp2,left,,KCg-m,
720575940638511267,afferent,sensory,olfactory,,,right,AN,ORN_DL2v,
720575940638531637,intrinsic,central,Kenyon_Cell,,MBp3,right,,KCab,KCab-s
720575940638564797,afferent,sensory,olfactory,,,right,AN,ORN_VL2p,
720575940638772387,afferent,sensory,olfactory,,,left,AN,ORN_VM4,
720575940638818357,afferent,sensory,olfactory,,,left,AN,ORN_VM6v,ORN_VC5
720575940638881907,afferent,sensory,olfactory,,,left,AN,ORN_DL1,
720575940638888307,intrinsic,central,Kenyon_Cell,KCg,MBp2,left,,KCg-m,
720575940638925877,intrinsic,central,Kenyon_Cell,KCg,MBp3,right,,KCg-m,
720575940638960547,intrinsic,central,Kenyon_Cell,KCg,MBp4,left,,KCg-m,
720575940638990397,intrinsic,central,Kenyon_Cell,KCg,MBp4,left,,KCg-m,
720575940639018147,intrinsic,central,Kenyon_Cell,KCg,MBp1,left,,KCg-m,
720575940639020707,intrinsic,central,Kenyon_Cell,KCg,MBp3,left,,KCg-m,
720575940639043637,intrinsic,central,Kenyon_Cell,,MBp4,left,,KCapbp-ap1,KCab-ap1
720575940639071797,intrinsic,central,Kenyon_Cell,KCg,MBp4,left,,KCg-m,
720575940639078717,intrinsic,central,Kenyon_Cell,,MBp4,right,,KCab,KCab-s
720575940639090997,intrinsic,central,Kenyon_Cell,KCg,MBp2,right,,KCg-m,
720575940639114557,afferent,sensory,olfactory,,,left,AN,ORN_VM5d,
720575940639287667,afferent,sensory,olfactory,,,left,AN,ORN_DC4,
720575940639449507,afferent,sensory,olfactory,,,right,AN,ORN_V,
720575940639556467,intrinsic,central,MBON,,EBa1,right,,MBON10,
720575940639593587,intrinsic,central,Kenyon_Cell,KCg,MBp3,right,,KCg-m,
720575940639697827,intrinsic,central,MBON,,FLAa2,right,,MBON14,
720575940639727067,intrinsic,central,Kenyon_Cell,,MBp3,right,,KCab,KCab-m
720575940639980277,intrinsic,central,Kenyon_Cell,,MBp4,left,,KCapbp-ap1,KCab-ap1
720575940640027637,afferent,sensory,olfactory,,,left,AN,ORN_VA2,
720575940640634787,intrinsic,central,Kenyon_Cell,KCg,MBp3,right,,KCg-m,
720575940640758157,intrinsic,central,Kenyon_Cell,,MBp4,right,,KCab,KCab-s
720575940640770957,intrinsic,central,DAN,,CREa2_medial,right,,PAM12,
720575940640805877,afferent,sensory,olfactory,pheromone,,right,AN,ORN_VA1d,
720575940640837027,afferent,sensory,olfactory,,,right,MxLbN,ORN_VM7v,
720575940641039067,afferent,sensory,olfactory,,,right,AN,ORN_DM2,
720575940641174747,afferent,sensory,olfactory,pheromone,,right,AN,ORN_DC3,
720575940641362907,intrinsic,central,Kenyon_Cell,KCg,MBp2,right,,KCg-m,
720575940641536397,intrinsic,central,Kenyon_Cell,KCg,MBp3,right,,KCg-m,
720575940641842677,afferent,sensory,olfactory,pheromone,,right,AN,ORN_VA1v,
720575940641979277,afferent,sensory,olfactory,,,right,AN,ORN_DM4,
720575940642071437,intrinsic,central,Kenyon_Cell,,MBp4,left,,KCab,KCab-m
720575940642631387,intrinsic,central,DAN,,CREa2_medial,left,,PAM15,
720575940642948887,intrinsic,central,Kenyon_Cell,,MBp1,right,,KCab,KCab-m
720575940643309197,intrinsic,central,MBON,,putative_primary,left,,MBON01,
720575940644145687,intrinsic,central,Kenyon_Cell,KCg,MBp3,left,,KCg-m,
720575940644479267,intrinsic,central,Kenyon_Cell,,MBp3,right,,KCab,KCab-m
720575940644644387,intrinsic,central,Kenyon_Cell,,MBp3,left,,KCapbp-ap1,KCab-ap1
720575940645059107,intrinsic,central,Kenyon_Cell,,MBp3,left,,KCapbp-m,KCab-m
720575940645196567,afferent,sensory,olfactory,pheromone,,right,AN,ORN_VA1v,
720575940645747747,intrinsic,central,Kenyon_Cell,KCg,MBp2,left,,KCg-m,
720575940646262307,intrinsic,central,Kenyon_Cell,KCg,MBp4,left,,KCg-m,
720575940647973497,intrinsic,central,Kenyon_Cell,KCg,MBp3,left,,KCg-d,
720575940649012857,intrinsic,central,Kenyon_Cell,KCg,MBp2,right,,KCg-m,
720575940649020537,intrinsic,central,Kenyon_Cell,KCg,MBp1,left,,KCg-m,
720575940649501817,intrinsic,central,Kenyon_Cell,KCg,MBp1,left,,KCg-m,
720575940649536377,intrinsic,central,Kenyon_Cell,KCg,MBp4,right,,KCg-m,
720575940649675897,intrinsic,central,DAN,,CREa2_medial,right,,PAM12,
720575940650003577,afferent,sensory,olfactory,,,left,AN,ORN_DA4l,
720575940650745977,intrinsic,central,DAN,,CREa1_dorsal,right,,PAM10,
720575940650894457,afferent,sensory,olfactory,,,left,AN,ORN_VM6l,ORN_VC5
720575940652809377,intrinsic,central,Kenyon_Cell,,MBp4,right,,KCab,KCab-s
720575940653542817,afferent,sensory,olfactory,,,left,AN,ORN_DL1,
720575940653764257,afferent,sensory,olfactory,,,left,AN,ORN_VA6,
720575940653829537,afferent,sensory,olfactory,,,left,AN,ORN_DM4,
720575940653892257,afferent,sensory,olfactory,,,left,AN,ORN_DP1l,
720575940654129057,intrinsic,central,Kenyon_Cell,,MBp2,left,,KCapbp-ap1,KCab-ap1
720575940654194337,afferent,sensory,olfactory,,,right,AN,ORN_DM2,
720575940654500257,afferent,sensory,olfactory,,,right,AN,ORN_D,
720575940654643617,intrinsic,central,Kenyon_Cell,,MBp1,left,,KCab,KCab-s
720575940654647457,intrinsic,central,Kenyon_Cell,,MBp2,right,,KCapbp-ap1,KCab-ap1
720575940654752417,intrinsic,central,Kenyon_Cell,,MBp4,right,,KCab,KCab-s
720575940654810017,intrinsic,central,Kenyon_Cell,KCg,MBp4,left,,KCg-m,
720575940654849697,afferent,sensory,olfactory,pheromone,,right,AN,ORN_DA1,
720575940654879137,intrinsic,central,Kenyon_Cell,KCg,MBp3,left,,KCg-m,
720575940658795137,intrinsic,central,Kenyon_Cell,KCg,MBp3,right,,KCg-m,
720575940659150977,afferent,sensory,olfactory,,,right,AN,ORN_VM2,
720575940659222657,afferent,sensory,olfactory,,,right,AN,ORN_DA2,
720575940659314817,intrinsic,central,Kenyon_Cell,,MBp3,right,,KCab,KCab-s
720575940659447937,afferent,sensory,olfactory,,,right,AN,ORN_DA4m,
720575940659536257,intrinsic,central,Kenyon_Cell,,MBp3,right,,KCab,KCab-s
720575940659577217,intrinsic,central,Kenyon_Cell,,MBp4,right,,KCapbp-ap1,KCab-ap1
720575940659770497,afferent,sensory,olfactory,,,left,AN,ORN_DL1,
720575940661337217,intrinsic,central,Kenyon_Cell,,MBp4,left,,KCab-p,
720575940602553568,intrinsic,central,Kenyon_Cell,,MBp4,right,,KCapbp-ap2,KCab-ap2
720575940603050668,intrinsic,central,Kenyon_Cell,,MBp3,right,,KCab,KCab-m
720575940603174368,intrinsic,central,Kenyon_Cell,,MBp1,right,,KCapbp-ap2,KCab-ap2
720575940603356128,afferent,sensory,olfactory,,,right,AN,ORN_DM2,
720575940603659488,afferent,sensory,olfactory,,,left,AN,ORN_VA7m,
720575940603721248,intrinsic,central,Kenyon_Cell,,MBp2,right,,KCab,KCab-s
720575940603773798,intrinsic,central,Kenyon_Cell,,MBp3,right,,KCapbp-ap1,KCab-ap1
720575940603832288,afferent,sensory,olfactory,,,right,AN,ORN_DA2,
720575940603870688,afferent,sensory,olfactory,pheromone,,left,AN,ORN_VA1d,
720575940603988838,intrinsic,central,Kenyon_Cell,,MBp3,left,,KCab,KCab-c
720575940604319078,intrinsic,central,Kenyon_Cell,,MBp4,right,,KCapbp-ap1,KCab-ap1
720575940604497888,intrinsic,central,Kenyon_Cell,KCg,MBp4,left,,KCg-d,
720575940604500448,intrinsic,central,Kenyon_Cell,,MBp1,left,,KCab,KCab-s
720575940604505278,intrinsic,central,Kenyon_Cell,,MBp4,left,,KCab-p,
720575940604645478,afferent,sensory,olfactory,,,left,AN,ORN_VA6,
720575940604962918,intrinsic,central,Kenyon_Cell,KCg,MBp2,right,,KCg-m,
720575940604985888,intrinsic,central,Kenyon_Cell,,MBp1,left,,KCapbp-ap1,KCab-ap1
720575940605036418,intrinsic,central,Kenyon_Cell,,MBp4,right,,KCab,KCab-s
720575940605060798,intrinsic,central,Kenyon_Cell,KCg,MBp1,left,,KCg-m,
720575940605083838,intrinsic,central,Kenyon_Cell,KCg,MBp3,right,,KCg-m,
720575940605250238,afferent,sensory,olfactory,,,left,AN,ORN_VM4,
720575940605412738,intrinsic,central,Kenyon_Cell,KCg,MBp4,left,,KCg-m,
720575940605551038,intrinsic,central,Kenyon_Cell,KCg,MBp3,left,,KCg-m,
720575940605551718,intrinsic,central,Kenyon_Cell,KCg,MBp3,right,,KCg-m,
720575940605557438,intrinsic,central,Kenyon_Cell,,MBp3,left,,KCapbp-m,KCab-m
720575940605912678,afferent,sensory,olfactory,pheromone,,right,AN,ORN_VA1d,
720575940606123698,intrinsic,central,Kenyon_Cell,,MBp4,left,,KCapbp-ap1,KCab-ap1
720575940606196098,intrinsic,central,DAN,,CREa1_dorsal,right,,PAM11,
720575940606201278,intrinsic,central,Kenyon_Cell,,MBp1,left,,KCapbp-ap2,KCab-ap2
720575940606399068,intrinsic,central,Kenyon_Cell,KCg,MBp3,right,,KCg-m,
720575940606436128,intrinsic,central,Kenyon_Cell,,MBp1,left,,KCab,KCab-m
720575940606454108,intrinsic,central,Kenyon_Cell,,MBp2,right,,KCab,KCab-m
720575940606694748,intrinsic,central,Kenyon_Cell,,MBp4,left,,KCapbp-ap1,KCab-ap1
720575940606729858,intrinsic,central,Kenyon_Cell,KCg,MBp1,right,,KCg-m,
720575940606948188,intrinsic,central,Kenyon_Cell,,MBp1,left,,KCab,KCab-s
720575940606953858,intrinsic,central,MBON,,DL1_dorsal,right,,MBON23,
720575940607280818,intrinsic,central,Kenyon_Cell,KCg,MBp1,right,,KCg-m,
720575940607869788,afferent,sensory,olfactory,,,left,AN,ORN_DC1,
720575940607971908,intrinsic,central,Kenyon_Cell,,MBp3,right,,KCab,KCab-m
720575940607993668,intrinsic,central,Kenyon_Cell,,MBp4,right,,KCab,KCab-s
720575940608166748,intrinsic,central,DAN,,CREa2_medial,left,,PAM06,
720575940608168028,intrinsic,central,DAN,,CREa1_dorsal,left,,PAM12,
720575940608177988,intrinsic,central,Kenyon_Cell,,MBp2,left,,KCab,KCab-s
720575940608186498,intrinsic,central,DAN,,CREa1_dorsal,right,,PAM11,
720575940608211268,intrinsic,central,Kenyon_Cell,,MBp1,left,,KCapbp-ap1,KCab-ap1
720575940608508228,afferent,sensory,olfactory,,,left,MxLbN,ORN_VC1,
720575940608655918,intrinsic,central,Kenyon_Cell,,MBp2,right,,KCapbp-m,KCab-m
720575940609097058,intrinsic,central,Kenyon_Cell,,MBp3,right,,KCapbp-m,KCab-m
720575940609200708,intrinsic,central,Kenyon_Cell,,MBp2,left,,KCab,KCab-m
720575940609203268,intrinsic,central,Kenyon_Cell,KCg,MBp2,left,,KCg-m,
720575940609347448,intrinsic,central,Kenyon_Cell,,MBp4,left,,KCab,KCab-s
720575940609414468,intrinsic,central,DAN,,CREa1_dorsal,left,,PAM04,
720575940609533538,intrinsic,central,Kenyon_Cell,KCg,MBp4,left,,KCg-d,
720575940609577518,afferent,sensory,olfactory,,,right,AN,ORN_DP1l,
720575940609633378,afferent,sensory,olfactory,,,right,AN,ORN_DA2,
720575940609694818,intrinsic,central,Kenyon_Cell,KCg,MBp3,right,,KCg-m,
720575940609785208,afferent,sensory,olfactory,,,left,AN,ORN_VM4,
720575940609836898,intrinsic,central,Kenyon_Cell,,MBp4,left,,KCab,KCab-m
720575940609873358,intrinsic,central,Kenyon_Cell,KCg,MBp2,right,,KCg-m,
720575940609884258,afferent,sensory,olfactory,,,left,AN,ORN_DL1,
720575940609963248,intrinsic,central,Kenyon_Cell,KCg,MBp4,left,,KCg-m,
720575940609987938,afferent,sensory,olfactory,,,left,AN,ORN_DM5,
720575940610124868,afferent,sensory,olfactory,,,left,AN,ORN_D,
720575940610140378,intrinsic,central,Kenyon_Cell,,MBp2,right,,KCab,KCab-s
720575940610175218,intrinsic,central,Kenyon_Cell,,MBp4,right,,KCab,KCab-m
720575940610189358,afferent,sensory,olfactory,,,right,AN,ORN_VM6l,ORN_VC5
720575940610255058,afferent,sensory,olfactory,,,right,AN,ORN_DA4m,
720575940610380498,intrinsic,central,Kenyon_Cell,,MBp4,left,,KCab,KCab-c
720575940610395438,intrinsic,central,Kenyon_Cell,,MBp1,left,,KCapbp-ap2,KCab-ap2
720575940610569028,intrinsic,central,DAN,,CREa1_dorsal,left,,PAM08,
720575940610611758,afferent,sensory,olfactory,pheromone,,,AN,ORN_VA1v,
720575940610682578,afferent,sensory,olfactory,,,left,MxLbN,ORN_VC2,
720575940610812258,intrinsic,central,Kenyon_Cell,,MBp2,left,,KCab,KCab-m
720575940610846818,intrinsic,central,Kenyon_Cell,KCg,MBp1,left,,KCg-m,
720575940610872418,intrinsic,central,Kenyon_Cell,,MBp3,left,,KCab-p,
720575940610929778,intrinsic,central,Kenyon_Cell,,MBp1,left,,KCab,KCab-c
720575940610945558,intrinsic,central,Kenyon_Cell,KCg,MBp2,right,,KCg-m,
720575940611085518,afferent,sensory,olfactory,,,left,AN,ORN_VM6m,ORN_VC5
720575940611102578,intrinsic,central,Kenyon_Cell,,MBp3,left,,KCab,KCab-s
720575940611110468,intrinsic,central,Kenyon_Cell,,MBp3,right,,KCapbp-m,KCab-m
720575940611129698,intrinsic,central,DAN,,CREa1_dorsal,left,,PAM10,
720575940611208818,afferent,sensory,olfactory,,,left,MxLbN,ORN_VM7d,
720575940611218418,afferent,sensory,olfactory,,,right,AN,ORN_VA2,
720575940611261098,afferent,sensory,olfactory,,,left,AN,ORN_VL2p,
720575940611343218,intrinsic,central,Kenyon_Cell,KCg,MBp2,right,,KCg-m,
720575940611344078,intrinsic,central,MBON,,putative_primary,right,,MBON20,
720575940611357938,afferent,sensory,olfactory,pheromone,,right,AN,ORN_DA1,
720575940611369938,afferent,sensory,olfactory,,,left,AN,ORN_VA2,
720575940611611378,intrinsic,central,Kenyon_Cell,KCg,MBp3,right,,KCg-m,
720575940611637418,afferent,sensory,olfactory,,,left,AN,ORN_DM3,
720575940611655288,intrinsic,central,Kenyon_Cell,KCg,MBp4,left,,KCg-m,
720575940611905138,afferent,sensory,olfactory,,,left,AN,ORN_DL5,
720575940611918578,intrinsic,central,DAN,,CREa1_dorsal,right,,PAM08,
720575940611985448,intrinsic,central,Kenyon_Cell,,MBp4,right,,KCab,KCab-s
720575940611988008,intrinsic,central,Kenyon_Cell,,MBp3,right,,KCab,KCab-m
720575940611990738,afferent,sensory,olfactory,,,left,AN,ORN_DM4,
720575940612008818,intrinsic,central,Kenyon_Cell,KCg,MBp3,right,,KCg-m,
720575940612020008,intrinsic,central,Kenyon_Cell,KCg,MBp2,right,,KCg-d,
720575940612033778,afferent,sensory,olfactory,,,left,AN,ORN_DM5,
720575940612151538,intrinsic,central,Kenyon_Cell,KCg,MBp4,right,,KCg-m,
720575940612178418,intrinsic,central,Kenyon_Cell,KCg,MBp3,right,,KCg-m,
720575940612240918,intrinsic,central,Kenyon_Cell,,MBp2,right,,KCapbp-ap2,KCab-ap2
720575940612306138,afferent,sensory,olfactory,pheromone,,right,AN,ORN_VA1d,
720575940612435198,intrinsic,central,Kenyon_Cell,,MBp2,right,,KCab,KCab-c
720575940612455338,intrinsic,central,MBON,,DL1_dorsal,right,,MBON15,
720575940612473128,intrinsic,central,Kenyon_Cell,,MBp1,left,,KCab,KCab-c
720575940612564338,afferent,sensory,olfactory,pheromone,,right,AN,ORN_VA1v,
720575940612668018,intrinsic,central,Kenyon_Cell,,MBp1,right,,KCab,KCab-s
720575940612680818,intrinsic,central,Kenyon_Cell,KCg,MBp3,left,,KCg-m,
720575940612686358,intrinsic,central,Kenyon_Cell,KCg,MBp4,right,,KCg-m,
720575940612690338,intrinsic,central,Kenyon_Cell,KCg,MBp2,right,,KCg-m,
720575940612743958,intrinsic,central,Kenyon_Cell,,MBp1,left,,KCapbp-ap1,KCab-ap1
720575940612747158,intrinsic,central,Kenyon_Cell,,MBp2,right,,KCapbp-m,KCab-m
720575940612755618,intrinsic,central,DAN,,CREa2_medial,right,,PAM07,
720575940612770418,intrinsic,central,Kenyon_Cell,KCg,MBp4,right,,KCg-m,
720575940612857878,intrinsic,central,DAN,,CREa2_medial,right,,PAM08,
720575940612972328,afferent,sensory,olfactory,,,right,AN,ORN_DA2,
720575940613042728,afferent,sensory,olfactory,,,left,AN,ORN_DL4,
720575940613113238,intrinsic,central,Kenyon_Cell,KCg,MBp2,left,,KCg-m,
720575940613152938,intrinsic,central,Kenyon_Cell,,MBp4,left,,KCapbp-ap2,KCab-ap2
720575940613197608,intrinsic,central,Kenyon_Cell,KCg,MBp4,left,,KCg-m,
720575940613200918,intrinsic,central,Kenyon_Cell,KCg,MBp2,left,,KCg-m,
720575940613237758,intrinsic,central,Kenyon_Cell,KCg,MBp1,left,,KCg-m,
720575940613317738,intrinsic,central,Kenyon_Cell,,MBp4,left,,KCab,KCab-c
720575940613353538,intrinsic,central,Kenyon_Cell,,MBp4,right,,KCab,KCab-s
720575940613358658,intrinsic,central,Kenyon_Cell,KCg,MBp3,right,,KCg-d,
720575940613403458,intrinsic,central,Kenyon_Cell,KCg,MBp3,right,,KCg-m,
720575940613426838,intrinsic,central,DAN,,CREa1_dorsal,left,,PAM11,
720575940613434178,intrinsic,central,Kenyon_Cell,,MBp3,right,,KCab,KCab-s
720575940613539478,afferent,sensory,olfactory,,,left,AN,ORN_DM2,
720575940613563538,afferent,sensory,olfactory,,,left,AN,ORN_VM5d,
720575940613681458,intrinsic,central,Kenyon_Cell,,MBp2,right,,KCab,KCab-c
720575940613735948,intrinsic,central,Kenyon_Cell,,MBp4,right,,KCapbp-m,KCab-m
720575940613797398,afferent,sensory,olfactory,pheromone,,right,AN,ORN_DA1,
720575940613864498,intrinsic,central,Kenyon_Cell,KCg,MBp3,right,,KCg-m,
720575940613875858,afferent,sensory,olfactory,,,right,AN,ORN_VL2a,
720575940614147178,afferent,sensory,olfactory,,,left,MxLbN,ORN_VA7l,
720575940614183218,intrinsic,central,Kenyon_Cell,KCg,MBp1,left,,KCg-m,
720575940614229758,intrinsic,central,Kenyon_Cell,,MBp3,right,,KCapbp-ap2,KCab-ap2
720575940614282238,intrinsic,central,Kenyon_Cell,KCg,MBp1,right,,KCg-m,
720575940614325138,afferent,sensory,olfactory,,,left,AN,ORN_VM6v,ORN_VC5
720575940614386738,intrinsic,central,Kenyon_Cell,KCg,MBp1,left,,KCg-m,
720575940614404288,intrinsic,central,Kenyon_Cell,,MBp3,left,,KCab,KCab-s
720575940614416018,intrinsic,central,Kenyon_Cell,KCg,MBp1,left,,KCg-m,
720575940614418118,intrinsic,central,Kenyon_Cell,KCg,MBp2,right,,KCg-m,
720575940614429078,afferent,sensory,olfactory,pheromone,,left,AN,ORN_VA1d,
720575940614443788,intrinsic,central,Kenyon_Cell,,MBp2,left,,KCab-p,
720575940614490018,intrinsic,central,Kenyon_Cell,,MBp1,right,,KCapbp-m,KCab-m
720575940614495138,intrinsic,central,Kenyon_Cell,KCg,MBp1,right,,KCg-m,
720575940614502128,intrinsic,central,Kenyon_Cell,,MBp2,left,,KCab,KCab-c
720575940614562098,intrinsic,central,Kenyon_Cell,,MBp1,left,,KCab-p,
720575940614583618,afferent,sensory,olfactory,,,right,AN,ORN_VM4,
720575940614586418,intrinsic,central,Kenyon_Cell,,MBp2,left,,KCab,KCab-m
720575940614595218,intrinsic,central,MBON,,DL1_dorsal,left,,MBON28,
720575940614605458,intrinsic,central,Kenyon_Cell,KCg,MBp3,left,,KCg-m,
720575940614606738,intrinsic,central,Kenyon_Cell,KCg,MBp1,right,,KCg-m,
720575940614647658,afferent,sensory,olfactory,pheromone,,right,AN,ORN_VA1v,
720575940614652818,intrinsic,central,Kenyon_Cell,KCg,MBp4,left,,KCg-m,
720575940614675818,afferent,sensory,olfactory,pheromone,,left,AN,ORN_VA1d,
720575940614714518,intrinsic,central,Kenyon_Cell,KCg,MBp2,right,,KCg-m,
720575940614724038,afferent,sensory,olfactory,,,right,AN,ORN_VM5d,
720575940614755478,intrinsic,central,Kenyon_Cell,KCg,MBp1,left,,KCg-m,
720575940614768278,intrinsic,central,Kenyon_Cell,KCg,MBp4,right,,KCg-m,
720575940614784918,intrinsic,central,Kenyon_Cell,KCg,MBp1,left,,KCg-m,
720575940614816598,intrinsic,central,Kenyon_Cell,KCg,MBp2,right,,KCg-m,
720575940614932898,afferent,sensory,olfactory,pheromone,,right,AN,ORN_VA1v,
720575940614934178,afferent,sensory,olfactory,,,left,AN,ORN_DL4,
720575940615093398,afferent,sensory,olfactory,pheromone,,left,AN,ORN_DL3,
720575940615101708,intrinsic,central,Kenyon_Cell,KCg,MBp1,left,,KCg-m,
720575940615134918,intrinsic,central,Kenyon_Cell,,MBp2,right,,KCab,KCab-m
720575940615147788,intrinsic,central,Kenyon_Cell,KCg,MBp3,right,,KCg-m,
720575940615219778,intrinsic,central,Kenyon_Cell,KCg,MBp2,right,,KCg-m,
720575940615274838,intrinsic,central,Kenyon_Cell,KCg,MBp1,left,,KCg-m,
720575940615283618,intrinsic,central,Kenyon_Cell,,MBp4,left,,KCapbp-ap2,KCab-ap2
720575940615332418,intrinsic,central,Kenyon_Cell,,MBp2,left,,KCapbp-ap1,KCab-ap1
720575940615358038,intrinsic,central,Kenyon_Cell,,MBp3,left,,KCab,KCab-c
720575940615373398,intrinsic,central,Kenyon_Cell,KCg,MBp2,right,,KCg-d,
720575940615405378,intrinsic,central,Kenyon_Cell,KCg,MBp3,left,,KCg-m,
720575940615405718,intrinsic,central,DAN,,putative_primary,right,,PPL204,
720575940615558598,afferent,sensory,olfactory,,,right,AN,ORN_DA4l,
720575940615785228,intrinsic,central,Kenyon_Cell,,MBp1,right,,KCapbp-m,KCab-m
720575940615816498,intrinsic,central,DAN,,CREa1_dorsal,left,,PAM13,
720575940615895858,intrinsic,central,Kenyon_Cell,KCg,MBp2,left,,KCg-m,
720575940615910228,intrinsic,central,Kenyon_Cell,KCg,MBp3,right,,KCg-d,
720575940615980338,intrinsic,central,Kenyon_Cell,KCg,MBp2,left,,KCg-m,
720575940616095318,afferent,sensory,olfactory,,,right,AN,ORN_DA2,
720575940616109398,intrinsic,central,Kenyon_Cell,KCg,MBp2,right,,KCg-m,
720575940616151638,afferent,sensory,olfactory,,,right,MxLbN,ORN_VM7v,
720575940616188628,afferent,sensory,olfactory,,,left,AN,ORN_DM5,
720575940616222438,intrinsic,central,Kenyon_Cell,,MBp1,right,,KCapbp-ap2,KCab-ap2
720575940616264148,intrinsic,central,Kenyon_Cell,,MBp1,left,,KCapbp-ap1,KCab-ap1
720575940616398898,afferent,sensory,olfactory,,,left,AN,ORN_DM2,
720575940616440098,intrinsic,central,Kenyon_Cell,KCg,MBp4,right,,KCg-m,
720575940616547648,intrinsic,central,Kenyon_Cell,,MBp2,right,,KCab,KCab-c
720575940616588608,intrinsic,central,Kenyon_Cell,KCg,MBp2,right,,KCg-d,
720575940616589888,intrinsic,central,Kenyon_Cell,,MBp4,right,,KCab,KCab-c
720575940616675638,intrinsic,central,Kenyon_Cell,,MBp3,right,,KCab,KCab-s
720575940616682838,intrinsic,central,DAN,,CREa2_medial,right,,PAM06,
720575940616707668,intrinsic,central,Kenyon_Cell,,MBp2,left,,KCab,KCab-m
720575940616860318,intrinsic,central,Kenyon_Cell,,MBp4,right,,KCab-p,
720575940616878238,intrinsic,central,Kenyon_Cell,,MBp2,right,,KCab,KCab-s
720575940616885298,intrinsic,central,Kenyon_Cell,KCg,MBp3,right,,KCg-d,
720575940616886228,afferent,sensory,olfactory,,,right,AN,ORN_DM2,
720575940617009638,afferent,sensory,olfactory,,,right,AN,ORN_VA2,
720575940617150878,intrinsic,central,Kenyon_Cell,KCg,MBp1,left,,KCg-d,
720575940617192148,afferent,sensory,olfactory,,,left,AN,ORN_DM5,
720575940617208098,afferent,sensory,olfactory,,,right,AN,ORN_VM6m,ORN_VC5
720575940617249108,intrinsic,central,Kenyon_Cell,KCg,MBp3,right,,KCg-m,
720575940617293268,intrinsic,central,Kenyon_Cell,KCg,MBp4,right,,KCg-d,
720575940617334228,intrinsic,central,Kenyon_Cell,KCg,MBp2,left,,KCg-m,
720575940617386708,intrinsic,central,Kenyon_Cell,KCg,MBp3,right,,KCg-m,
720575940617456798,intrinsic,central,Kenyon_Cell,,MBp3,right,,KCab,KCab-m
720575940617473748,intrinsic,central,Kenyon_Cell,KCg,MBp3,right,,KCg-m,
720575940617483318,afferent,sensory,olfactory,,,right,AN,ORN_VM5d,
720575940617529318,intrinsic,central,Kenyon_Cell,,MBp4,right,,KCab,KCab-c
720575940617534438,intrinsic,central,Kenyon_Cell,KCg,MBp1,left,,KCg-m,
720575940617540838,intrinsic,central,Kenyon_Cell,KCg,MBp1,left,,KCg-m,
720575940617552418,afferent,sensory,olfactory,pheromone,,left,AN,ORN_VA1d,
720575940617612578,intrinsic,central,Kenyon_Cell,,MBp3,right,,KCab,KCab-c
720575940617712438,afferent,sensory,olfactory,,,right,AN,ORN_VM2,
720575940617723878,afferent,sensory,olfactory,,,left,AN,ORN_VL1,
720575940617724628,afferent,sensory,olfactory,pheromone,,left,AN,ORN_VA1d,
720575940617749538,intrinsic,central,MBON,,putative_primary,right,,MBON11,
720575940617766228,intrinsic,central,Kenyon_Cell,KCg,MBp1,right,,KCg-m,
720575940617866048,intrinsic,central,Kenyon_Cell,KCg,MBp3,right,,KCg-m,
720575940617873728,intrinsic,central,Kenyon_Cell,KCg,MBp1,left,,KCg-m,
720575940617876048,intrinsic,central,Kenyon_Cell,,MBp3,right,,KCapbp-ap1,KCab-ap1
720575940617876288,intrinsic,central,Kenyon_Cell,,MBp4,left,,KCab,KCab-c
720575940617926198,intrinsic,central,Kenyon_Cell,,MBp4,right,,KCab,KCab-s
720575940617940048,intrinsic,central,Kenyon_Cell,,MBp3,right,,KCapbp-ap2,KCab-ap2
720575940618190238,intrinsic,central,Kenyon_Cell,KCg,MBp1,right,,KCg-m,
720575940618194708,intrinsic,central,Kenyon_Cell,KCg,MBp3,right,,KCg-m,
720575940618223518,intrinsic,central,Kenyon_Cell,KCg,MBp2,left,,KCg-m,
720575940618306718,intrinsic,central,Kenyon_Cell,KCg,MBp1,left,,KCg-m,
720575940618473808,intrinsic,central,Kenyon_Cell,KCg,MBp4,left,,KCg-m,
720575940618510868,intrinsic,central,Kenyon_Cell,,MBp3,left,,KCab,KCab-c
720575940618612928,intrinsic,central,Kenyon_Cell,KCg,MBp3,left,,KCg-m,
720575940618659998,intrinsic,central,Kenyon_Cell,,MBp4,left,,KCapbp-m,KCab-m
720575940618678548,intrinsic,central,Kenyon_Cell,,MBp2,left,,KCab,KCab-c
720575940618683328,intrinsic,central,Kenyon_Cell,,MBp1,left,,KCab,KCab-s
720575940618744118,intrinsic,central,DAN,,CREa2_medial,left,,PAM01,aSP13
720575940618758178,intrinsic,central,Kenyon_Cell,,MBp4,right,,KCab,KCab-m
720575940618759128,afferent,sensory,olfactory,,,right,AN,ORN_VL2a,
720575940618765528,intrinsic,central,Kenyon_Cell,KCg,MBp4,right,,KCg-m,
720575940618779118,intrinsic,central,Kenyon_Cell,,MBp1,right,,KCab,KCab-c
720575940618894528,intrinsic,central,Kenyon_Cell,,MBp1,left,,KCapbp-ap1,KCab-ap1
720575940619021958,intrinsic,central,Kenyon_Cell,,MBp3,left,,KCab,KCab-s
720575940619244248,intrinsic,central,DAN,,CREa2_medial,left,,PAM05,
720575940619245648,intrinsic,central,Kenyon_Cell,KCg,MBp4,left,,KCg-m,
720575940619249318,intrinsic,central,Kenyon_Cell,,MBp4,left,,KCab,KCab-s
720575940619254448,intrinsic,central,Kenyon_Cell,,MBp3,right,,KCapbp-m,KCab-m
720575940619305808,intrinsic,central,Kenyon_Cell,KCg,MBp4,right,,KCg-m,
720575940619320768,afferent,sensory,olfactory,,,right,AN,ORN_DL1,
720575940619322328,intrinsic,central,DAN,,CREa2_medial,right,,PAM04,
720575940619369198,intrinsic,central,Kenyon_Cell,KCg,MBp1,right,,KCg-m,
720575940619403028,afferent,sensory,olfactory,,,right,AN,ORN_VM1,
720575940619423398,intrinsic,central,Kenyon_Cell,KCg,MBp2,left,,KCg-m,
720575940619440878,afferent,sensory,olfactory,,,right,AN,ORN_DM6,
720575940619463088,intrinsic,central,Kenyon_Cell,,MBp2,left,,KCapbp-ap1,KCab-ap1
720575940619565648,afferent,sensory,olfactory,,,left,AN,ORN_VM6m,ORN_VC5
720575940619632148,afferent,sensory,olfactory,,,right,AN,ORN_VM6v,ORN_VC5
720575940619684688,intrinsic,central,Kenyon_Cell,,MBp4,right,,KCab-p,
720575940619690118,afferent,sensory,olfactory,,,right,AN,ORN_VM4,
720575940619723088,intrinsic,central,Kenyon_Cell,KCg,MBp3,right,,KCg-m,
720575940619756148,intrinsic,central,Kenyon_Cell,,MBp1,left,,KCapbp-ap2,KCab-ap2
720575940619769008,intrinsic,central,Kenyon_Cell,KCg,MBp4,right,,KCg-d,
720575940619770228,intrinsic,central,Kenyon_Cell,KCg,MBp1,left,,KCg-m,
720575940619789248,afferent,sensory,olfactory,,,right,AN,ORN_DM1,
720575940619917248,intrinsic,central,DAN,,CREa2_medial,right,,PAM05,
720575940619937718,intrinsic,central,Kenyon_Cell,,MBp4,right,,KCab-p,
720575940619938998,intrinsic,central,Kenyon_Cell,,MBp4,right,,KCab,KCab-s
720575940619995418,intrinsic,central,Kenyon_Cell,KCg,MBp2,right,,KCg-d,
720575940620028788,afferent,sensory,olfactory,,,right,AN,ORN_DM1,
720575940620123558,afferent,sensory,olfactory,,,right,AN,ORN_VM3,
720575940620124028,intrinsic,central,Kenyon_Cell,,MBp1,right,,KCab,KCab-s
720575940620133568,afferent,sensory,olfactory,,,left,AN,ORN_DC4,
720575940620197658,intrinsic,central,Kenyon_Cell,KCg,MBp1,left,,KCg-d,
720575940620223398,intrinsic,central,Kenyon_Cell,,MBp1,right,,KCapbp-ap1,KCab-ap1
720575940620235968,intrinsic,central,Kenyon_Cell,KCg,MBp1,right,,KCg-m,
720575940620282758,intrinsic,central,Kenyon_Cell,KCg,MBp4,right,,KCg-m,
720575940620286558,intrinsic,central,Kenyon_Cell,,MBp2,left,,KCab,KCab-m
720575940620333958,intrinsic,central,Kenyon_Cell,,MBp1,right,,KCab-p,
720575940620342768,intrinsic,central,Kenyon_Cell,KCg,MBp3,left,,KCg-m,
720575940620351838,intrinsic,central,Kenyon_Cell,,MBp4,right,,KCab,KCab-s
720575940620356468,afferent,sensory,olfactory,,,left,AN,ORN_VM5d,
720575940620407628,intrinsic,central,Kenyon_Cell,KCg,MBp4,right,,KCg-m,
720575940620440558,intrinsic,central,Kenyon_Cell,,MBp4,left,,KCab,KCab-m
720575940620460108,intrinsic,central,Kenyon_Cell,,MBp3,right,,KCab,KCab-m
720575940620519088,afferent,sensory,olfactory,,,right,AN,ORN_VL2a,
720575940620576238,intrinsic,central,DAN,,CREa2_medial,right,,PAM10,
720575940620608238,intrinsic,central,Kenyon_Cell,KCg,MBp3,right,,KCg-m,
720575940620783898,afferent,sensory,olfactory,,,right,AN,ORN_VM5d,
720575940620813478,intrinsic,central,Kenyon_Cell,,MBp3,right,,KCapbp-ap2,KCab-ap2
720575940620896588,intrinsic,central,Kenyon_Cell,KCg,MBp4,left,,KCg-d,
720575940620929238,intrinsic,central,Kenyon_Cell,,MBp3,left,,KCab,KCab-s
720575940620957168,afferent,sensory,olfactory,,,left,AN,ORN_DA4l,
720575940620973848,intrinsic,central,Kenyon_Cell,,MBp2,right,,KCab,KCab-s
720575940620979888,afferent,sensory,olfactory,,,left,AN,ORN_VM2,
720575940620993718,afferent,sensory,olfactory,pheromone,,left,AN,ORN_VA1v,
720575940621051468,intrinsic,central,Kenyon_Cell,,MBp4,left,,KCab,KCab-s
720575940621082138,afferent,sensory,olfactory,pheromone,,left,AN,ORN_DL3,
720575940621087408,intrinsic,central,Kenyon_Cell,KCg,MBp4,right,,KCg-m,
720575940621165488,intrinsic,central,DAN,,CREa2_medial,left,,PAM03,
720575940621183768,intrinsic,central,Kenyon_Cell,,MBp3,left,,KCapbp-ap1,KCab-ap1
720575940621202608,intrinsic,central,Kenyon_Cell,KCg,MBp2,left,,KCg-m,
720575940621321748,afferent,sensory,olfactory,,,right,AN,ORN_V,
720575940621325338,afferent,sensory,olfactory,,,right,AN,ORN_DM2,
720575940621413158,intrinsic,central,Kenyon_Cell,,MBp2,right,,KCapbp-ap2,KCab-ap2
720575940621429068,afferent,sensory,olfactory,,,right,AN,ORN_VM1,
720575940621487088,intrinsic,central,Kenyon_Cell,KCg,MBp2,left,,KCg-m,
720575940621518218,intrinsic,central,Kenyon_Cell,,MBp4,right,,KCab,KCab-s
720575940621545968,intrinsic,central,Kenyon_Cell,KCg,MBp1,left,,KCg-m,
720575940621554968,intrinsic,central,Kenyon_Cell,KCg,MBp2,right,,KCg-m,
720575940621556928,afferent,sensory,olfactory,pheromone,,right,AN,ORN_VA1d,
720575940621597678,intrinsic,central,Kenyon_Cell,KCg,MBp3,left,,KCg-m,
720575940621613918,afferent,sensory,olfactory,pheromone,,left,AN,ORN_VA1d,
720575940621614118,intrinsic,central,Kenyon_Cell,,MBp3,left,,KCab,KCab-m
720575940621646728,intrinsic,central,Kenyon_Cell,,MBp4,left,,KCab,KCab-c
720575940621648008,intrinsic,central,Kenyon_Cell,KCg,MBp4,right,,KCg-m,
720575940621654298,afferent,sensory,olfactory,,,left,AN,ORN_DC4,
720575940621668428,afferent,sensory,olfactory,,,left,AN,ORN_DA4m,
720575940621674108,afferent,sensory,olfactory,,,right,AN,ORN_VA6,
720575940621708638,intrinsic,central,Kenyon_Cell,,MBp2,left,,KCab,KCab-c
720575940621784298,intrinsic,central,Kenyon_Cell,KCg,MBp1,left,,KCg-m,
720575940621845018,intrinsic,central,Kenyon_Cell,KCg,MBp4,right,,KCg-m,
720575940621869918,intrinsic,central,Kenyon_Cell,KCg,MBp3,right,,KCg-m,
720575940621919428,intrinsic,central,Kenyon_Cell,,MBp1,right,,KCapbp-ap2,KCab-ap2
720575940621922398,intrinsic,central,Kenyon_Cell,,MBp1,right,,KCab,KCab-s
720575940621973018,intrinsic,central,Kenyon_Cell,KCg,MBp2,right,,KCg-m,
720575940622017148,intrinsic,central,Kenyon_Cell,KCg,MBp3,left,,KCg-d,
720575940622075928,afferent,sensory,olfactory,,,right,AN,ORN_VM4,
720575940622116428,intrinsic,central,Kenyon_Cell,,MBp4,right,,KCapbp-ap1,KCab-ap1
720575940622147148,intrinsic,central,Kenyon_Cell,,MBp2,left,,KCapbp-m,KCab-m
720575940622196518,afferent,sensory,olfactory,,,right,AN,ORN_DL1,
720575940622219478,afferent,sensory,olfactory,pheromone,,right,AN,ORN_VA1v,
720575940622232458,intrinsic,central,Kenyon_Cell,KCg,MBp1,left,,KCg-m,
720575940622245708,intrinsic,central,Kenyon_Cell,KCg,MBp3,left,,KCg-m,
720575940622288008,afferent,sensory,olfactory,,,left,AN,ORN_VC3,ORN_VC3l
720575940622294808,intrinsic,central,Kenyon_Cell,KCg,MBp4,right,,KCg-m,
720575940622302488,intrinsic,central,Kenyon_Cell,KCg,MBp2,right,,KCg-m,
720575940622360358,afferent,sensory,olfactory,,,left,AN,ORN_VA7m,
720575940622383338,afferent,sensory,olfactory,pheromone,,right,AN,ORN_DA1,
720575940622398728,intrinsic,central,Kenyon_Cell,,MBp2,right,,KCab,KCab-s
720575940622412838,intrinsic,central,Kenyon_Cell,,MBp1,right,,KCab-p,
720575940622477508,afferent,sensory,olfactory,,,left,AN,ORN_DP1l,
720575940622637548,intrinsic,central,Kenyon_Cell,,MBp4,right,,KCab,KCab-m
720575940622669508,intrinsic,central,Kenyon_Cell,KCg,MBp4,right,,KCg-m,
720575940622701808,intrinsic,central,DAN,,CREa1_dorsal,right,,PAM11,
720575940622713578,afferent,sensory,olfactory,,,right,AN,ORN_DA2,
720575940622748868,intrinsic,central,Kenyon_Cell,KCg,MBp1,right,,KCg-m,
720575940622771338,intrinsic,central,Kenyon_Cell,KCg,MBp2,left,,KCg-m,
720575940622812808,intrinsic,central,Kenyon_Cell,KCg,MBp4,right,,KCg-m,
720575940622813418,intrinsic,central,Kenyon_Cell,KCg,MBp1,left,,KCg-m,
720575940622822378,intrinsic,central,Kenyon_Cell,KCg,MBp4,left,,KCg-m,
720575940622880588,afferent,sensory,olfactory,,,left,AN,ORN_DM2,
720575940622920328,intrinsic,central,Kenyon_Cell,,MBp2,left,,KCapbp-ap1,KCab-ap1
720575940623014328,intrinsic,central,Kenyon_Cell,,MBp2,right,,KCapbp-ap1,KCab-ap1
720575940623068308,intrinsic,central,Kenyon_Cell,,MBp4,left,,KCab,KCab-s
720575940623070868,intrinsic,central,Kenyon_Cell,KCg,MBp2,left,,KCg-d,
720575940623171268,intrinsic,central,Kenyon_Cell,,MBp3,left,,KCab,KCab-s
720575940623207108,intrinsic,central,Kenyon_Cell,KCg,MBp4,left,,KCg-d,
720575940623231428,intrinsic,central,Kenyon_Cell,KCg,MBp4,left,,KCg-d,
720575940623235848,afferent,sensory,olfactory,,,right,AN,ORN_VM5v,
720575940623265258,afferent,sensory,olfactory,,,left,AN,ORN_D,
720575940623353488,afferent,sensory,olfactory,,,left,AN,ORN_DL5,
720575940623369668,intrinsic,central,Kenyon_Cell,,MBp3,right,,KCapbp-ap1,KCab-ap1
720575940623393038,intrinsic,central,Kenyon_Cell,KCg,MBp3,left,,KCg-m,
720575940623413898,intrinsic,central,Kenyon_Cell,KCg,MBp3,right,,KCg-m,
720575940623447188,afferent,sensory,olfactory,,,left,AN,ORN_DL1,
720575940623462328,intrinsic,central,Kenyon_Cell,,MBp4,left,,KCapbp-ap2,KCab-ap2
720575940623481608,afferent,sensory,olfactory,,,left,AN,ORN_VM4,
720575940623546638,intrinsic,central,Kenyon_Cell,KCg,MBp1,right,,KCg-m,
720575940623554748,intrinsic,central,Kenyon_Cell,,MBp4,right,,KCapbp-m,KCab-m
720575940623594248,afferent,sensory,olfactory,,,right,MxLbN,ORN_VA4,
720575940623689148,intrinsic,central,Kenyon_Cell,,MBp2,left,,KCab,KCab-m
720575940623946988,intrinsic,central,Kenyon_Cell,KCg,MBp4,right,,KCg-m,
720575940623971848,afferent,sensory,olfactory,,,left,AN,ORN_DL5,
720575940624030478,afferent,sensory,olfactory,,,left,AN,ORN_DM4,
720575940624060048,intrinsic,central,Kenyon_Cell,,MBp3,left,,KCab,KCab-m
720575940624060208,intrinsic,central,Kenyon_Cell,,MBp1,right,,KCab,KCab-m
720575940624096708,afferent,sensory,olfactory,,,right,AN,ORN_VA2,
720575940624112058,intrinsic,central,Kenyon_Cell,,MBp2,right,,KCab,KCab-c
720575940624121358,afferent,sensory,olfactory,,,right,AN,ORN_VM5v,
720575940624153608,intrinsic,central,Kenyon_Cell,,MBp4,left,,KCab-p,
720575940624180668,afferent,sensory,olfactory,,,right,AN,ORN_VM4,
720575940624206728,intrinsic,central,DAN,,putative_primary,left,,PPL102,
720575940624221488,intrinsic,central,Kenyon_Cell,,MBp3,left,,KCab,KCab-s
720575940624223888,afferent,sensory,olfactory,,,left,AN,ORN_DM1,
720575940624235448,intrinsic,central,Kenyon_Cell,KCg,MBp2,left,,KCg-m,
720575940624243388,intrinsic,central,Kenyon_Cell,,MBp1,left,,KCapbp-ap1,KCab-ap1
720575940624264718,intrinsic,central,Kenyon_Cell,,MBp1,left,,KCab,KCab-s
720575940624265998,intrinsic,central,Kenyon_Cell,KCg,MBp1,left,,KCg-m,
720575940624280328,intrinsic,central,MBON,,putative_primary,right,,MBON33,
720575940624291728,intrinsic,central,Kenyon_Cell,,MBp1,left,,KCapbp-m,KCab-m
720575940624293048,intrinsic,central,Kenyon_Cell,KCg,MBp4,right,,KCg-m,
720575940624297278,intrinsic,central,Kenyon_Cell,,MBp1,left,,KCab,KCab-m
720575940624302008,intrinsic,central,Kenyon_Cell,KCg,MBp3,right,,KCg-m,
720575940624335548,afferent,sensory,olfactory,,,right,AN,ORN_DL4,
720575940624369968,afferent,sensory,olfactory,,,left,MxLbN,ORN_VC2,
720575940624375088,intrinsic,central,Kenyon_Cell,KCg,MBp2,right,,KCg-m,
720575940624405228,intrinsic,central,Kenyon_Cell,,MBp2,left,,KCab,KCab-s
720575940624421148,intrinsic,central,Kenyon_Cell,KCg,MBp2,right,,KCg-m,
720575940624453868,intrinsic,central,Kenyon_Cell,,MBp1,right,,KCapbp-m,KCab-m
720575940624462228,intrinsic,central,Kenyon_Cell,KCg,MBp2,left,,KCg-m,
720575940624480148,intrinsic,central,Kenyon_Cell,KCg,MBp3,right,,KCg-m,
720575940624524848,afferent,sensory,olfactory,,,left,AN,ORN_DM5,
720575940624531948,intrinsic,central,Kenyon_Cell,,MBp2,left,,KCab,KCab-c
720575940624555838,afferent,sensory,olfactory,,,left,AN,ORN_DC1,
720575940624565788,intrinsic,central,Kenyon_Cell,KCg,MBp4,left,,KCg-m,
720575940624589548,intrinsic,central,Kenyon_Cell,KCg,MBp2,left,,KCg-m,
720575940624597228,intrinsic,central,Kenyon_Cell,KCg,MBp4,right,,KCg-m,
720575940624597788,intrinsic,central,Kenyon_Cell,KCg,MBp2,right,,KCg-m,
720575940624629948,intrinsic,central,Kenyon_Cell,,MBp1,right,,KCapbp-m,KCab-m
720575940624694078,afferent,sensory,olfactory,pheromone,,left,AN,ORN_DL3,
720575940624699918,intrinsic,central,Kenyon_Cell,,MBp1,left,,KCapbp-ap2,KCab-ap2
720575940624729528,intrinsic,central,Kenyon_Cell,KCg,MBp4,right,,KCg-m,
720575940624739728,afferent,sensory,olfactory,,,right,AN,ORN_DL2v,
720575940624740878,intrinsic,central,Kenyon_Cell,,MBp1,left,,KCab,KCab-m
720575940624749258,intrinsic,central,Kenyon_Cell,,MBp4,left,,KCapbp-m,KCab-m
720575940624800188,intrinsic,central,Kenyon_Cell,,MBp3,right,,KCab,KCab-s
720575940624829198,intrinsic,central,Kenyon_Cell,,MBp3,left,,KCapbp-ap2,KCab-ap2
720575940624834968,intrinsic,central,Kenyon_Cell,,MBp3,right,,KCab,KCab-c
720575940624879388,intrinsic,central,Kenyon_Cell,KCg,MBp4,left,,KCg-d,
720575940624894308,intrinsic,central,Kenyon_Cell,,MBp2,left,,KCapbp-ap1,KCab-ap1
720575940624940558,intrinsic,central,Kenyon_Cell,KCg,MBp3,left,,KCg-m,
720575940624941838,intrinsic,central,Kenyon_Cell,KCg,MBp3,left,,KCg-m,
720575940625126448,intrinsic,central,Kenyon_Cell,,MBp4,right,,KCab-p,
720575940625136228,afferent,sensory,olfactory,,,right,AN,ORN_VM4,
720575940625162168,afferent,sensory,olfactory,pheromone,,,AN,ORN_DA1,
720575940625227978,intrinsic,central,Kenyon_Cell,,MBp3,left,,KCab,KCab-c
720575940625311418,intrinsic,central,Kenyon_Cell,KCg,MBp4,right,,KCg-m,
720575940625342648,afferent,sensory,olfactory,,,left,AN,ORN_DC4,
720575940625368578,afferent,sensory,olfactory,,,,AN,ORN_VA3,
720575940625377688,intrinsic,central,Kenyon_Cell,,MBp3,right,,KCab,KCab-m
720575940625476708,intrinsic,central,Kenyon_Cell,KCg,MBp4,right,,KCg-m,
720575940625486948,intrinsic,central,Kenyon_Cell,,MBp2,left,,KCab,KCab-c
720575940625490788,intrinsic,central,Kenyon_Cell,KCg,MBp2,left,,KCg-m,
720575940625495298,afferent,sensory,olfactory,,,left,AN,ORN_VM3,
720575940625497488,intrinsic,central,Kenyon_Cell,KCg,MBp4,right,,KCg-m,
720575940625502608,intrinsic,central,Kenyon_Cell,,MBp2,left,,KCab,KCab-c
720575940625504868,intrinsic,central,Kenyon_Cell,KCg,MBp4,left,,KCg-m,
720575940625507888,intrinsic,central,Kenyon_Cell,,MBp2,right,,KCapbp-ap1,KCab-ap1
720575940625541168,intrinsic,central,Kenyon_Cell,KCg,MBp1,left,,KCg-m,
720575940625581208,afferent,sensory,olfactory,,,right,AN,ORN_V,
720575940625584688,intrinsic,central,Kenyon_Cell,,MBp3,right,,KCab,KCab-c
720575940625600048,intrinsic,central,Kenyon_Cell,,MBp2,right,,KCapbp-ap2,KCab-ap2
720575940625602608,intrinsic,central,Kenyon_Cell,,MBp4,left,,KCapbp-m,KCab-m
720575940625615248,intrinsic,central,DAN,,CREa1_dorsal,right,,PAM04,
720575940625645968,intrinsic,central,Kenyon_Cell,KCg,MBp3,left,,KCg-m,
720575940625655088,intrinsic,central,Kenyon_Cell,KCg,MBp2,left,,KCg-m,
720575940625662778,intrinsic,central,Kenyon_Cell,,MBp3,left,,KCab,KCab-s
720575940625780648,intrinsic,central,Kenyon_Cell,KCg,MBp1,right,,KCg-m,
720575940625807108,intrinsic,central,Kenyon_Cell,,MBp4,right,,KCab,KCab-c
720575940625821758,afferent,sensory,olfactory,,,left,AN,ORN_DM1,
720575940625825538,afferent,sensory,olfactory,pheromone,,right,AN,ORN_DA1,
720575940625925458,intrinsic,central,Kenyon_Cell,KCg,MBp4,left,,KCg-m,
720575940625942458,intrinsic,central,Kenyon_Cell,KCg,MBp2,right,,KCg-m,
720575940625981028,intrinsic,central,Kenyon_Cell,KCg,MBp4,left,,KCg-d,
720575940625994728,intrinsic,central,Kenyon_Cell,KCg,MBp2,right,,KCg-m,
720575940626033838,intrinsic,central,Kenyon_Cell,,MBp2,left,,KCab,KCab-m
720575940626064138,afferent,sensory,olfactory,,,left,AN,ORN_DL1,
720575940626080868,intrinsic,central,Kenyon_Cell,KCg,MBp1,left,,KCg-d,
720575940626082148,intrinsic,central,Kenyon_Cell,KCg,MBp2,left,,KCg-m,
720575940626086728,intrinsic,central,Kenyon_Cell,,MBp2,left,,KCab,KCab-m
720575940626102628,intrinsic,central,Kenyon_Cell,KCg,MBp1,left,,KCg-m,
720575940626138378,afferent,sensory,olfactory,,,left,MxLbN,ORN_VA4,
720575940626191108,intrinsic,central,Kenyon_Cell,,MBp2,left,,KCab,KCab-c
720575940626244348,intrinsic,central,Kenyon_Cell,,MBp3,left,,KCab,KCab-c
720575940626250568,intrinsic,central,Kenyon_Cell,KCg,MBp4,left,,KCg-m,
720575940626251778,intrinsic,central,Kenyon_Cell,,MBp4,right,,KCab,KCab-s
720575940626253318,intrinsic,central,Kenyon_Cell,,MBp4,right,,KCab,KCab-m
720575940626269468,afferent,sensory,olfactory,pheromone,,left,AN,ORN_DA1,
720575940626282298,afferent,sensory,olfactory,,,right,AN,ORN_DC4,
720575940626286878,intrinsic,central,Kenyon_Cell,KCg,MBp4,left,,KCg-m,
720575940626299678,afferent,sensory,olfactory,,,right,AN,ORN_VM6m,ORN_VC5
720575940626305028,intrinsic,central,Kenyon_Cell,,MBp1,right,,KCab-p,
720575940626331978,intrinsic,central,Kenyon_Cell,,MBp1,right,,KCab,KCab-m
720575940626366748,intrinsic,central,Kenyon_Cell,KCg,MBp2,left,,KCg-m,
720575940626433448,intrinsic,central,Kenyon_Cell,KCg,MBp4,left,,KCg-d,
720575940626501458,afferent,sensory,olfactory,pheromone,,left,AN,ORN_DL3,
720575940626526218,intrinsic,central,Kenyon_Cell,,MBp2,right,,KCab,KCab-c
720575940626529448,afferent,sensory,olfactory,,,right,AN,ORN_DM6,
720575940626582088,afferent,sensory,olfactory,,,left,AN,ORN_VM5d,
720575940626593618,afferent,sensory,olfactory,,,right,AN,ORN_VL1,
720575940626621498,intrinsic,central,Kenyon_Cell,,MBp3,right,,KCab,KCab-c
720575940626640158,intrinsic,central,Kenyon_Cell,KCg,MBp3,right,,KCg-m,
720575940626651288,intrinsic,central,Kenyon_Cell,,MBp2,right,,KCab,KCab-s
720575940626657808,intrinsic,central,Kenyon_Cell,,MBp4,right,,KCab,KCab-s
720575940626698568,afferent,sensory,olfactory,,,left,MxLbN,ORN_VC2,
720575940626730058,afferent,sensory,olfactory,,,right,AN,ORN_DM3,
720575940626779398,intrinsic,central,Kenyon_Cell,KCg,MBp2,right,,KCg-m,
720575940626782218,intrinsic,central,Kenyon_Cell,,MBp2,left,,KCab,KCab-s
720575940626792778,intrinsic,central,Kenyon_Cell,,MBp1,right,,KCab,KCab-s
720575940626835728,intrinsic,central,Kenyon_Cell,,MBp3,left,,KCab,KCab-s
720575940626868818,afferent,sensory,olfactory,,,left,AN,ORN_DM1,
720575940626873488,afferent,sensory,olfactory,,,right,AN,ORN_DA3,
720575940626901278,intrinsic,central,Kenyon_Cell,,MBp4,right,,KCapbp-ap2,KCab-ap2
720575940626928388,afferent,sensory,olfactory,pheromone,,right,AN,ORN_DA1,
720575940626980358,afferent,sensory,olfactory,,,right,AN,ORN_DC1,
720575940626985738,afferent,sensory,olfactory,pheromone,,left,AN,ORN_VA1d,
720575940627021128,intrinsic,central,Kenyon_Cell,,MBp3,right,,KCab,KCab-c
720575940627043048,afferent,sensory,olfactory,,,left,AN,ORN_VM1,
720575940627048018,afferent,sensory,olfactory,pheromone,,left,AN,ORN_DA1,
720575940627073448,intrinsic,central,Kenyon_Cell,KCg,MBp4,left,,KCg-m,
720575940627082298,intrinsic,central,Kenyon_Cell,KCg,MBp1,left,,KCg-m,
720575940627085578,intrinsic,central,Kenyon_Cell,,MBp2,right,,KCab-p,
720575940627138888,intrinsic,central,Kenyon_Cell,,MBp4,left,,KCab,KCab-m
720575940627140348,afferent,sensory,olfactory,,,left,AN,ORN_VM4,
720575940627147578,intrinsic,central,Kenyon_Cell,,MBp4,right,,KCapbp-ap1,KCab-ap1
720575940627153668,intrinsic,central,Kenyon_Cell,KCg,MBp3,left,,KCg-m,
720575940627157008,intrinsic,central,Kenyon_Cell,,MBp2,right,,KCapbp-ap2,KCab-ap2
720575940627158098,intrinsic,central,Kenyon_Cell,,MBp3,right,,KCapbp-ap1,KCab-ap1
720575940627170898,intrinsic,central,Kenyon_Cell,KCg,MBp4,right,,KCg-m,
720575940627202058,intrinsic,central,Kenyon_Cell,KCg,MBp2,left,,KCg-m,
720575940627239848,afferent,sensory,olfactory,,,right,MxLbN,ORN_VC1,
720575940627264488,intrinsic,central,Kenyon_Cell,KCg,MBp4,right,,KCg-m,
720575940627282408,intrinsic,central,Kenyon_Cell,,MBp4,left,,KCapbp-ap1,KCab-ap1
720575940627292218,intrinsic,central,Kenyon_Cell,,MBp3,right,,KCab,KCab-c
720575940627311108,afferent,sensory,olfactory,,,left,AN,ORN_VM4,
720575940627322088,afferent,sensory,olfactory,,,right,AN,ORN_V,
720575940627343108,intrinsic,central,Kenyon_Cell,KCg,MBp1,left,,KCg-m,
720575940627451388,afferent,sensory,olfactory,,,left,AN,ORN_VM1,
720575940627452668,afferent,sensory,olfactory,,,left,AN,ORN_VL2a,
720575940627454888,afferent,sensory,olfactory,,,right,AN,ORN_DC1,
720575940627465288,afferent,sensory,olfactory,pheromone,,right,AN,ORN_DA1,
720575940627519748,intrinsic,central,Kenyon_Cell,,MBp4,left,,KCab,KCab-c
720575940627552168,intrinsic,central,Kenyon_Cell,KCg,MBp4,right,,KCg-m,
720575940627576488,intrinsic,central,Kenyon_Cell,,MBp2,right,,KCapbp-ap1,KCab-ap1
720575940627585028,intrinsic,central,Kenyon_Cell,,MBp3,right,,KCab-p,
720575940627587078,intrinsic,central,Kenyon_Cell,,MBp3,right,,KCab,KCab-m
720575940627594568,intrinsic,central,DAN,,putative_primary,left,,PPL103,
720575940627595848,intrinsic,central,Kenyon_Cell,KCg,MBp1,right,,KCg-m,
720575940627628548,intrinsic,central,Kenyon_Cell,KCg,MBp2,left,,KCg-m,
720575940627643398,afferent,sensory,olfactory,,,right,MxLbN,ORN_VM7v,
720575940627660968,intrinsic,central,Kenyon_Cell,KCg,MBp1,left,,KCg-m,
720575940627709948,intrinsic,central,Kenyon_Cell,KCg,MBp1,right,,KCg-m,
720575940627775938,intrinsic,central,Kenyon_Cell,,MBp2,right,,KCab,KCab-s
720575940627782148,intrinsic,central,Kenyon_Cell,,MBp3,right,,KCab,KCab-c
720575940627802618,intrinsic,central,Kenyon_Cell,KCg,MBp3,left,,KCg-m,
720575940627805928,intrinsic,central,Kenyon_Cell,,MBp4,left,,KCab-p,
720575940627851008,intrinsic,central,Kenyon_Cell,,MBp3,right,,KCab,KCab-s
720575940627854568,intrinsic,central,Kenyon_Cell,KCg,MBp1,right,,KCg-m,
720575940627859688,intrinsic,central,Kenyon_Cell,,MBp2,left,,KCab,KCab-c
720575940627869928,intrinsic,central,Kenyon_Cell,KCg,MBp1,left,,KCg-m,
720575940628002348,intrinsic,central,Kenyon_Cell,KCg,MBp1,right,,KCg-d,
720575940628045318,intrinsic,central,Kenyon_Cell,,MBp2,right,,KCab-p,
720575940628055558,intrinsic,central,Kenyon_Cell,KCg,MBp4,left,,KCg-m,
720575940628061968,afferent,sensory,olfactory,,,left,AN,ORN_DC2,
720575940628076038,intrinsic,central,Kenyon_Cell,KCg,MBp4,right,,KCg-m,
720575940628095488,intrinsic,central,Kenyon_Cell,,MBp1,left,,KCab,KCab-c
720575940628132938,intrinsic,central,Kenyon_Cell,KCg,MBp2,left,,KCg-m,
720575940628137478,intrinsic,central,Kenyon_Cell,KCg,MBp3,left,,KCg-m,
720575940628147718,intrinsic,central,Kenyon_Cell,KCg,MBp4,right,,KCg-m,
720575940628152838,intrinsic,central,Kenyon_Cell,,MBp1,right,,KCab,KCab-m
720575940628204008,afferent,sensory,olfactory,pheromone,,,AN,ORN_VA1d,
720575940628269628,intrinsic,central,Kenyon_Cell,,MBp2,right,,KCab,KCab-s
720575940628304578,intrinsic,central,Kenyon_Cell,KCg,MBp4,right,,KCg-m,
720575940628404188,intrinsic,central,Kenyon_Cell,,MBp3,right,,KCapbp-ap2,KCab-ap2
720575940628406828,intrinsic,central,Kenyon_Cell,,MBp1,left,,KCapbp-m,KCab-m
720575940628531308,intrinsic,central,Kenyon_Cell,,MBp1,right,,KCab,KCab-m
720575940628684588,intrinsic,central,Kenyon_Cell,KCg,MBp4,left,,KCg-m,
720575940628702658,afferent,sensory,olfactory,,,right,AN,ORN_VC3,ORN_VC3l
720575940628714358,intrinsic,central,Kenyon_Cell,KCg,MBp3,right,,KCg-m,
720575940628716588,intrinsic,central,Kenyon_Cell,,MBp3,left,,KCapbp-ap1,KCab-ap1
720575940628777948,intrinsic,central,Kenyon_Cell,KCg,MBp3,left,,KCg-m,
720575940628829148,intrinsic,central,Kenyon_Cell,,MBp1,left,,KCab,KCab-m
720575940628953088,afferent,sensory,olfactory,,,right,AN,ORN_VL2a,
720575940629000318,afferent,sensory,olfactory,,,right,MxLbN,ORN_VM7v,
720575940629098618,afferent,sensory,olfactory,,,left,AN,ORN_VA3,
720575940629132288,intrinsic,central,Kenyon_Cell,,MBp4,left,,KCab,KCab-s
720575940629162348,intrinsic,central,Kenyon_Cell,,MBp2,left,,KCapbp-ap2,KCab-ap2
720575940629178108,afferent,sensory,olfactory,,,right,AN,ORN_VC3,ORN_VC3l
720575940629253948,afferent,sensory,olfactory,,,right,AN,ORN_DL1,
720575940629259638,intrinsic,central,Kenyon_Cell,,MBp2,right,,KCab,KCab-s
720575940629342458,intrinsic,central,Kenyon_Cell,KCg,MBp1,left,,KCg-m,
720575940629373148,afferent,sensory,olfactory,,,right,AN,ORN_VC4,
720575940629417728,intrinsic,central,Kenyon_Cell,,MBp3,right,,KCab,KCab-m
720575940629443628,afferent,sensory,olfactory,,,right,AN,ORN_DA4m,
720575940629445758,intrinsic,central,Kenyon_Cell,,MBp3,left,,KCab,KCab-m
720575940629455068,afferent,sensory,olfactory,,,right,AN,ORN_VM4,
720575940629529088,intrinsic,central,Kenyon_Cell,,MBp4,left,,KCab,KCab-s
720575940629532098,intrinsic,central,Kenyon_Cell,KCg,MBp4,right,,KCg-m,
720575940629535738,intrinsic,central,Kenyon_Cell,KCg,MBp4,left,,KCg-m,
720575940629707068,afferent,sensory,olfactory,,,left,MxLbN,ORN_VM7v,
720575940629728988,afferent,sensory,olfactory,,,right,AN,ORN_DM4,
720575940629782748,afferent,sensory,olfactory,,,right,AN,ORN_DA3,
720575940629824828,intrinsic,central,Kenyon_Cell,KCg,MBp1,right,,KCg-m,
720575940629830508,afferent,sensory,olfactory,,,left,AN,ORN_DA2,
720575940629832978,intrinsic,central,Kenyon_Cell,KCg,MBp3,left,,KCg-m,
720575940629847678,afferent,sensory,olfactory,pheromone,,left,AN,ORN_DA1,
720575940629904748,afferent,sensory,olfactory,pheromone,,right,AN,ORN_DL3,
720575940629916728,intrinsic,central,Kenyon_Cell,,MBp2,left,,KCab,KCab-c
720575940629917228,intrinsic,central,Kenyon_Cell,KCg,MBp3,right,,KCg-m,
720575940629921398,intrinsic,central,Kenyon_Cell,KCg,MBp3,right,,KCg-m,
720575940629946428,intrinsic,central,Kenyon_Cell,KCg,MBp2,left,,KCg-m,
720575940629965788,afferent,sensory,olfactory,,,right,AN,ORN_D,
720575940630011708,intrinsic,central,Kenyon_Cell,KCg,MBp3,left,,KCg-m,
720575940630025788,intrinsic,central,Kenyon_Cell,,MBp4,right,,KCab,KCab-m
720575940630067968,intrinsic,central,Kenyon_Cell,KCg,MBp1,left,,KCg-m,
720575940630078348,intrinsic,central,Kenyon_Cell,KCg,MBp1,right,,KCg-m,
720575940630114108,intrinsic,central,Kenyon_Cell,KCg,MBp1,right,,KCg-m,
720575940630115388,intrinsic,central,Kenyon_Cell,KCg,MBp1,right,,KCg-m,
720575940630141558,afferent,sensory,olfactory,,,left,AN,ORN_DM3,
720575940630174208,afferent,sensory,olfactory,,,left,AN,ORN_VA3,
720575940630177068,afferent,sensory,olfactory,pheromone,,right,AN,ORN_VA1d,
720575940630193628,intrinsic,central,Kenyon_Cell,KCg,MBp1,left,,KCg-m,
720575940630196588,afferent,sensory,olfactory,,,left,AN,ORN_VC5,ORN_VC3m
720575940630209658,afferent,sensory,olfactory,pheromone,,right,AN,ORN_VA1v,
720575940630246778,afferent,sensory,olfactory,,,right,AN,ORN_DA3,
720575940630272108,intrinsic,central,Kenyon_Cell,KCg,MBp1,left,,KCg-m,
720575940630415268,intrinsic,central,Kenyon_Cell,,MBp2,right,,KCab,KCab-s
720575940630440808,intrinsic,central,Kenyon_Cell,KCg,MBp4,left,,KCg-m,
720575940630452388,intrinsic,central,Kenyon_Cell,,MBp1,right,,KCab,KCab-m
720575940630465398,intrinsic,central,DAN,,CREa1_dorsal,left,,PAM07,
720575940630496118,intrinsic,central,Kenyon_Cell,KCg,MBp4,right,,KCg-m,
720575940630630248,afferent,sensory,olfactory,,,left,AN,ORN_VL1,
720575940630648438,afferent,sensory,olfactory,pheromone,,right,AN,ORN_VA1v,
720575940630731148,intrinsic,central,Kenyon_Cell,,MBp3,left,,KCab,KCab-m
720575940630852138,afferent,sensory,olfactory,pheromone,,right,AN,ORN_DL3,
720575940630853948,intrinsic,central,Kenyon_Cell,KCg,MBp4,right,,KCg-m,
720575940630912908,afferent,sensory,olfactory,,,left,AN,ORN_VM5d,
720575940630915748,afferent,sensory,olfactory,,,left,AN,ORN_DM6,
720575940630991308,afferent,sensory,olfactory,,,left,MxLbN,ORN_VA4,
720575940631017258,intrinsic,central,DAN,,CREa1_dorsal,right,,PAM04,
720575940631019468,intrinsic,central,Kenyon_Cell,,MBp2,right,,KCapbp-m,KCab-m
720575940631027148,intrinsic,central,Kenyon_Cell,,MBp3,left,,KCab,KCab-s
720575940631256168,intrinsic,central,Kenyon_Cell,KCg,MBp4,right,,KCg-m,
720575940631295018,intrinsic,central,Kenyon_Cell,KCg,MBp3,left,,KCg-m,
720575940631321618,afferent,sensory,olfactory,pheromone,,left,AN,ORN_VA1v,
720575940631399978,intrinsic,central,Kenyon_Cell,,MBp4,right,,KCapbp-m,KCab-m
720575940631555128,intrinsic,central,Kenyon_Cell,KCg,MBp3,left,,KCg-m,
720575940631603768,intrinsic,central,Kenyon_Cell,KCg,MBp2,right,,KCg-m,
720575940631639058,afferent,sensory,olfactory,pheromone,,right,AN,ORN_DC3,
720575940631686308,intrinsic,central,Kenyon_Cell,KCg,MBp4,right,,KCg-m,
720575940631688808,intrinsic,central,DAN,,CREa1_dorsal,left,,PAM01,aSP13
720575940631727308,afferent,sensory,olfactory,,,left,AN,ORN_VL2a,
720575940631732328,intrinsic,central,Kenyon_Cell,,MBp2,left,,KCapbp-m,KCab-m
720575940631798888,intrinsic,central,Kenyon_Cell,KCg,MBp3,right,,KCg-m,
720575940631840568,intrinsic,central,Kenyon_Cell,KCg,MBp3,left,,KCg-m,
720575940631932108,afferent,sensory,olfactory,pheromone,,right,AN,ORN_DL3,
720575940631934348,intrinsic,central,Kenyon_Cell,KCg,MBp4,left,,KCg-m,
720575940631997068,afferent,sensory,olfactory,pheromone,,right,AN,ORN_DA1,
720575940632114658,intrinsic,central,Kenyon_Cell,,MBp4,left,,KCapbp-ap1,KCab-ap1
720575940632229788,intrinsic,central,Kenyon_Cell,,MBp1,right,,KCapbp-m,KCab-m
720575940632233628,intrinsic,central,Kenyon_Cell,,MBp1,right,,KCab,KCab-m
720575940632241828,intrinsic,central,Kenyon_Cell,KCg,MBp1,left,,KCg-m,
720575940632252068,afferent,sensory,olfactory,,,right,AN,ORN_VL1,
720575940632258468,afferent,sensory,olfactory,,,right,AN,ORN_VL1,
720575940632273378,intrinsic,central,Kenyon_Cell,KCg,MBp1,left,,KCg-m,
720575940632388138,intrinsic,central,Kenyon_Cell,,MBp3,right,,KCapbp-ap1,KCab-ap1
720575940632389688,afferent,sensory,olfactory,pheromone,,left,AN,ORN_VA1v,
720575940632433828,intrinsic,central,Kenyon_Cell,KCg,MBp1,right,,KCg-m,
720575940632510048,intrinsic,central,Kenyon_Cell,KCg,MBp1,right,,KCg-m,
720575940632765388,afferent,sensory,olfactory,pheromone,,left,AN,ORN_DA1,
720575940632835298,intrinsic,central,Kenyon_Cell,KCg,MBp2,left,,KCg-m,
720575940632929178,intrinsic,central,Kenyon_Cell,,MBp4,right,,KCab,KCab-s
720575940632930458,intrinsic,central,Kenyon_Cell,,MBp4,right,,KCab,KCab-c
720575940632980378,intrinsic,central,Kenyon_Cell,KCg,MBp1,right,,KCg-m,
720575940633142498,intrinsic,central,DAN,,CREa2_medial,right,,PAM01,aSP13
720575940633311328,afferent,sensory,olfactory,,,left,AN,ORN_DM2,
720575940633353568,afferent,sensory,olfactory,,,left,AN,ORN_VM5d,
720575940633521588,intrinsic,central,Kenyon_Cell,,MBp2,right,,KCab,KCab-c
720575940633523808,afferent,sensory,olfactory,,,left,AN,ORN_DL4,
720575940633551028,intrinsic,central,Kenyon_Cell,,MBp3,right,,KCab,KCab-s
720575940633570808,intrinsic,central,Kenyon_Cell,,MBp2,right,,KCab,KCab-c
720575940633732448,intrinsic,central,Kenyon_Cell,,MBp4,left,,KCab,KCab-m
720575940633755828,intrinsic,central,Kenyon_Cell,KCg,MBp2,left,,KCg-m,
720575940633832628,intrinsic,central,DAN,,CREa1_dorsal,right,,PAM01,aSP13
720575940634146808,intrinsic,central,Kenyon_Cell,,MBp4,right,,KCapbp-ap2,KCab-ap2
720575940634195448,intrinsic,central,Kenyon_Cell,,MBp4,left,,KCab,KCab-m
720575940634244788,intrinsic,central,Kenyon_Cell,,MBp4,left,,KCapbp-ap1,KCab-ap1
720575940634648568,afferent,sensory,olfactory,,,left,AN,ORN_VM4,
720575940634761208,afferent,sensory,olfactory,pheromone,,left,AN,ORN_DL3,
720575940634776218,afferent,sensory,olfactory,,,right,AN,ORN_DC1,
720575940634839988,intrinsic,central,Kenyon_Cell,KCg,MBp3,right,,KCg-m,
720575940634916088,intrinsic,central,Kenyon_Cell,KCg,MBp3,left,,KCg-m,
720575940634955188,afferent,sensory,olfactory,,,left,AN,ORN_DA2,
720575940635012238,intrinsic,central,Kenyon_Cell,,MBp4,left,,KCapbp-ap2,KCab-ap2
720575940635016048,intrinsic,central,Kenyon_Cell,,MBp4,right,,KCab,KCab-c
720575940635035278,intrinsic,central,Kenyon_Cell,,MBp3,left,,KCab,KCab-s
720575940635144078,intrinsic,central,Kenyon_Cell,,MBp2,left,,KCab,KCab-s
720575940635213998,intrinsic,central,Kenyon_Cell,KCg,MBp4,right,,KCg-m,
720575940635277998,afferent,sensory,olfactory,,,right,AN,ORN_DL1,
720575940635286958,intrinsic,central,Kenyon_Cell,KCg,MBp4,left,,KCg-m,
720575940635389808,intrinsic,central,Kenyon_Cell,KCg,MBp1,left,,KCg-d,
720575940635452408,intrinsic,central,Kenyon_Cell,KCg,MBp2,right,,KCg-m,
720575940635465908,intrinsic,central,Kenyon_Cell,KCg,MBp4,right,,KCg-m,
720575940635471608,intrinsic,central,Kenyon_Cell,,MBp1,left,,KCab-p,
720575940635499888,intrinsic,central,Kenyon_Cell,,MBp2,right,,KCapbp-ap2,KCab-ap2
720575940635584398,afferent,sensory,olfactory,,,left,AN,ORN_DL4,
720575940635593358,afferent,sensory,olfactory,,,left,AN,ORN_VL2a,
720575940635670128,intrinsic,central,Kenyon_Cell,KCg,MBp3,left,,KCg-m,
720575940635850488,afferent,sensory,olfactory,pheromone,,left,AN,ORN_VA1d,
720575940635883748,intrinsic,central,Kenyon_Cell,,MBp1,right,,KCapbp-ap2,KCab-ap2
720575940635978638,afferent,sensory,olfactory,,,right,AN,ORN_DL5,
720575940635999918,afferent,sensory,olfactory,,,right,AN,ORN_VM6m,ORN_VC5
720575940636023438,intrinsic,central,Kenyon_Cell,KCg,MBp1,left,,KCg-d,
720575940636159198,intrinsic,central,Kenyon_Cell,KCg,MBp4,right,,KCg-m,
720575940636193758,afferent,sensory,olfactory,,,left,MxLbN,ORN_VM7v,
720575940636256398,afferent,sensory,olfactory,,,left,AN,ORN_VA7m,
720575940636305118,afferent,sensory,olfactory,,,left,AN,ORN_DM5,
720575940636488878,intrinsic,central,Kenyon_Cell,,MBp3,right,,KCab,KCab-s
720575940636519598,intrinsic,central,Kenyon_Cell,,MBp4,right,,KCapbp-ap1,KCab-ap1
720575940636698798,intrinsic,central,Kenyon_Cell,KCg,MBp1,left,,KCg-m,
720575940636741488,afferent,sensory,olfactory,,,left,AN,ORN_DM2,
720575940636753118,afferent,sensory,olfactory,,,left,AN,ORN_DA4m,
720575940636946398,intrinsic,central,Kenyon_Cell,KCg,MBp1,left,,KCg-m,
720575940636992368,intrinsic,central,MBON,,putative_primary,right,,MBON31,
720575940637169998,intrinsic,central,Kenyon_Cell,KCg,MBp1,right,,KCg-m,
720575940637184078,intrinsic,central,Kenyon_Cell,,MBp3,right,,KCab,KCab-m
720575940637186638,intrinsic,central,Kenyon_Cell,,MBp2,right,,KCab,KCab-m
720575940637219918,intrinsic,central,Kenyon_Cell,KCg,MBp4,right,,KCg-d,
720575940637225798,intrinsic,central,Kenyon_Cell,,MBp4,right,,KCapbp-ap1,KCab-ap1
720575940637254628,afferent,sensory,olfactory,,,left,AN,ORN_DA4l,
720575940637315418,intrinsic,central,Kenyon_Cell,,MBp4,right,,KCab,KCab-s
720575940637335518,intrinsic,central,Kenyon_Cell,,MBp4,left,,KCab,KCab-m
720575940637339738,intrinsic,central,Kenyon_Cell,KCg,MBp4,right,,KCg-m,
720575940637387098,afferent,sensory,olfactory,,,right,AN,ORN_VL1,
720575940637508698,intrinsic,central,Kenyon_Cell,,MBp2,right,,KCapbp-m,KCab-m
720575940637518558,intrinsic,central,Kenyon_Cell,KCg,MBp2,left,,KCg-m,
720575940637594458,afferent,sensory,olfactory,,,left,AN,ORN_DL4,
720575940637689688,intrinsic,central,Kenyon_Cell,KCg,MBp2,right,,KCg-d,
720575940637769088,intrinsic,central,Kenyon_Cell,,MBp3,left,,KCab,KCab-c
720575940637784548,intrinsic,central,Kenyon_Cell,KCg,MBp4,left,,KCg-m,
720575940637846618,intrinsic,central,Kenyon_Cell,,MBp2,right,,KCab,KCab-m
720575940637869028,intrinsic,central,Kenyon_Cell,,MBp1,right,,KCab,KCab-s
720575940637902938,intrinsic,central,MBON,,putative_primary,left,,MBON35,
720575940637907428,intrinsic,central,Kenyon_Cell,,MBp4,right,,KCab,KCab-c
720575940637913158,intrinsic,central,Kenyon_Cell,,MBp1,left,,KCapbp-ap1,KCab-ap1
720575940637934308,intrinsic,central,MBON,,putative_primary,right,,MBON30,
720575940637946968,intrinsic,central,Kenyon_Cell,,MBp1,left,,KCab,KCab-m
720575940637965028,intrinsic,central,Kenyon_Cell,KCg,MBp4,left,,KCg-m,
720575940638011718,afferent,sensory,olfactory,,,left,AN,ORN_DM5,
720575940638163428,intrinsic,central,MBON,,putative_primary,left,,MBON06,
720575940638185048,intrinsic,central,Kenyon_Cell,,MBp4,left,,KCab,KCab-s
720575940638468678,intrinsic,central,Kenyon_Cell,KCg,MBp2,right,,KCg-m,
720575940638526278,intrinsic,central,MBON,,putative_primary,right,,MBON32,
720575940638567758,intrinsic,central,Kenyon_Cell,,MBp1,left,,KCab,KCab-m
720575940638579428,afferent,sensory,olfactory,pheromone,,right,AN,ORN_VA1v,
720575940638619358,intrinsic,central,Kenyon_Cell,,MBp2,right,,KCab,KCab-m
720575940638871128,afferent,sensory,olfactory,,,right,AN,ORN_VA7m,
720575940638903248,intrinsic,central,Kenyon_Cell,KCg,MBp2,right,,KCg-m,
720575940638914648,afferent,sensory,olfactory,,,left,AN,ORN_VM1,
720575940638974848,afferent,sensory,olfactory,,,left,MxLbN,ORN_VM7v,
720575940639025998,afferent,sensory,olfactory,,,right,AN,ORN_VA6,
720575940639100248,intrinsic,central,Kenyon_Cell,KCg,MBp4,left,,KCg-m,
720575940639116888,intrinsic,central,Kenyon_Cell,KCg,MBp3,right,,KCg-m,
720575940639118168,intrinsic,central,Kenyon_Cell,KCg,MBp4,right,,KCg-m,
720575940639157968,intrinsic,central,Kenyon_Cell,,MBp4,right,,KCapbp-m,KCab-m
720575940639328128,intrinsic,central,Kenyon_Cell,KCg,MBp1,left,,KCg-m,
720575940639415248,afferent,sensory,olfactory,,,left,AN,ORN_DM4,
720575940639443328,afferent,sensory,olfactory,,,right,MxLbN,ORN_VA4,
720575940639448528,afferent,sensory,olfactory,,,left,AN,ORN_VA2,
720575940639686488,intrinsic,central,Kenyon_Cell,KCg,MBp3,right,,KCg-m,
720575940639836288,intrinsic,central,Kenyon_Cell,KCg,MBp3,left,,KCg-m,
720575940639846488,intrinsic,central,Kenyon_Cell,KCg,MBp2,right,,KCg-m,
720575940639868288,intrinsic,central,Kenyon_Cell,,MBp4,left,,KCapbp-ap2,KCab-ap2
720575940639911888,intrinsic,central,Kenyon_Cell,,MBp2,left,,KCab,KCab-c
720575940639979648,intrinsic,central,Kenyon_Cell,KCg,MBp2,left,,KCg-m,
720575940639986048,intrinsic,central,Kenyon_Cell,,MBp2,right,,KCapbp-m,KCab-m
720575940639996288,intrinsic,central,Kenyon_Cell,KCg,MBp3,left,,KCg-m,
720575940640006528,intrinsic,central,Kenyon_Cell,KCg,MBp3,left,,KCg-m,
720575940640048768,intrinsic,central,DAN,,CREa2_medial,left,,PAM02,
720575940640326488,afferent,sensory,olfactory,pheromone,,right,AN,ORN_VA1d,
720575940642022088,intrinsic,central,Kenyon_Cell,,MBp2,right,,KCapbp-ap1,KCab-ap1
720575940642193608,intrinsic,central,Kenyon_Cell,KCg,MBp3,left,,KCg-m,
720575940642599328,afferent,sensory,olfactory,,,right,AN,ORN_DP1m,
720575940642663368,intrinsic,central,Kenyon_Cell,,MBp3,left,,KCab,KCab-s
720575940642669728,afferent,sensory,olfactory,pheromone,,right,AN,ORN_VA1v,
720575940642926628,intrinsic,central,Kenyon_Cell,KCg,MBp2,left,,KCg-m,
720575940643002528,afferent,sensory,olfactory,,,right,AN,ORN_DM4,
720575940643396768,afferent,sensory,olfactory,,,left,AN,ORN_DM3,
720575940643403208,afferent,sensory,olfactory,pheromone,,left,AN,ORN_VA1v,
720575940643504288,intrinsic,central,Kenyon_Cell,,MBp3,right,,KCab,KCab-m
720575940643542688,intrinsic,central,DAN,,CREa2_medial,right,,PAM14,
720575940643623328,intrinsic,central,Kenyon_Cell,,MBp4,left,,KCab,KCab-m
720575940643696288,intrinsic,central,MBON,,FLAa2,left,,MBON14,
720575940643977508,intrinsic,central,Kenyon_Cell,KCg,MBp2,left,,KCg-m,
720575940644076398,afferent,sensory,olfactory,,,left,AN,ORN_VA2,
720575940644221038,afferent,sensory,olfactory,pheromone,,right,AN,ORN_DL3,
720575940644742048,intrinsic,central,Kenyon_Cell,,MBp1,left,,KCapbp-ap2,KCab-ap2
720575940644747828,intrinsic,central,DAN,,CREa2_medial,right,,PAM08,
720575940645139508,intrinsic,central,Kenyon_Cell,,MBp2,left,,KCab,KCab-m
720575940645186868,intrinsic,central,Kenyon_Cell,KCg,MBp1,left,,KCg-m,
720575940645220718,intrinsic,central,Kenyon_Cell,KCg,MBp3,left,,KCg-m,
720575940645236078,intrinsic,central,Kenyon_Cell,,MBp2,right,,KCapbp-m,KCab-m
720575940645248878,intrinsic,central,Kenyon_Cell,KCg,MBp1,right,,KCg-m,
720575940645303918,intrinsic,central,Kenyon_Cell,,MBp1,left,,KCapbp-m,KCab-m
720575940645377668,intrinsic,central,Kenyon_Cell,KCg,MBp2,right,,KCg-m,
720575940645390468,intrinsic,central,Kenyon_Cell,,MBp2,right,,KCab,KCab-s
720575940645450548,intrinsic,central,Kenyon_Cell,,MBp3,left,,KCapbp-ap1,KCab-ap1
720575940645544068,intrinsic,central,Kenyon_Cell,KCg,MBp3,left,,KCg-m,
720575940645577348,intrinsic,central,Kenyon_Cell,,MBp1,left,,KCab,KCab-s
720575940645819268,intrinsic,central,Kenyon_Cell,KCg,MBp1,right,,KCg-m,
720575940645858868,afferent,sensory,olfactory,,,right,AN,ORN_VM4,
720575940645858948,intrinsic,central,Kenyon_Cell,,MBp1,right,,KCapbp-ap2,KCab-ap2
720575940645993348,intrinsic,central,Kenyon_Cell,,MBp1,left,,KCapbp-ap1,KCab-ap1
720575940646033028,afferent,sensory,olfactory,,,left,AN,ORN_VL1,
720575940646094388,afferent,sensory,olfactory,,,right,AN,ORN_V,
720575940646221108,afferent,sensory,olfactory,,,right,AN,ORN_DM3,
720575940646308148,intrinsic,central,Kenyon_Cell,,MBp2,right,,KCab,KCab-s
720575940646346548,intrinsic,central,Kenyon_Cell,KCg,MBp2,left,,KCg-m,
720575940646598788,intrinsic,central,Kenyon_Cell,KCg,MBp1,right,,KCg-m,
720575940646609028,intrinsic,central,Kenyon_Cell,,MBp1,right,,KCapbp-m,KCab-m
720575940646646148,intrinsic,central,Kenyon_Cell,,MBp4,right,,KCab,KCab-s
720575940646667828,intrinsic,central,Kenyon_Cell,KCg,MBp1,right,,KCg-m,
720575940646789428,intrinsic,central,Kenyon_Cell,KCg,MBp2,left,,KCg-m,
720575940647147908,intrinsic,central,DAN,,putative_primary,left,,PPL105,
720575940647165828,intrinsic,central,DAN,,CREa2_medial,right,,PAM07,
720575940650545398,intrinsic,central,Kenyon_Cell,KCg,MBp4,left,,KCg-d,
720575940650760438,intrinsic,central,Kenyon_Cell,,MBp4,left,,KCab,KCab-c
720575940652211958,intrinsic,central,Kenyon_Cell,,MBp3,left,,KCab,KCab-s
720575940652581878,afferent,sensory,olfactory,,,right,AN,ORN_V,
720575940604126129,intrinsic,central,Kenyon_Cell,KCg,MBp3,left,,KCg-m,
720575940604318129,intrinsic,central,Kenyon_Cell,,MBp3,left,,KCab,KCab-s
720575940604352689,afferent,sensory,olfactory,,,left,AN,ORN_DL5,
720575940604489649,intrinsic,central,Kenyon_Cell,,MBp2,right,,KCapbp-ap2,KCab-ap2
720575940604576689,intrinsic,central,Kenyon_Cell,,MBp4,left,,KCab,KCab-s
720575940604770249,intrinsic,central,Kenyon_Cell,,MBp4,right,,KCab,KCab-m
720575940605180849,intrinsic,central,Kenyon_Cell,KCg,MBp4,left,,KCg-m,
720575940605449929,intrinsic,central,Kenyon_Cell,,MBp4,left,,KCapbp-m,KCab-m
720575940605507249,intrinsic,central,Kenyon_Cell,,MBp3,right,,KCab,KCab-m
720575940605995209,intrinsic,central,Kenyon_Cell,,MBp3,left,,KCapbp-ap1,KCab-ap1
720575940606123209,afferent,sensory,olfactory,,,right,AN,ORN_DL4,
720575940606598089,intrinsic,central,DAN,,CREa1_dorsal,left,,PAM13,
720575940606687499,intrinsic,central,Kenyon_Cell,,MBp4,left,,KCab,KCab-m
720575940606745289,intrinsic,central,Kenyon_Cell,,MBp2,left,,KCab,KCab-m
720575940606915849,afferent,sensory,olfactory,,,left,AN,ORN_DP1l,
720575940606929419,intrinsic,central,Kenyon_Cell,KCg,MBp3,left,,KCg-d,
720575940606939849,afferent,sensory,olfactory,,,right,AN,ORN_VL1,
720575940606974219,afferent,sensory,olfactory,,,left,AN,ORN_DL1,
720575940607133129,afferent,sensory,olfactory,pheromone,,left,AN,ORN_VA1d,
720575940607168779,intrinsic,central,Kenyon_Cell,,MBp1,left,,KCapbp-ap1,KCab-ap1
720575940607177739,intrinsic,central,Kenyon_Cell,,MBp3,left,,KCapbp-m,KCab-m
720575940607330499,intrinsic,central,Kenyon_Cell,,MBp3,right,,KCapbp-m,KCab-m
720575940607459849,afferent,sensory,olfactory,,,right,MxLbN,ORN_VC1,
720575940607722179,intrinsic,central,Kenyon_Cell,,MBp4,left,,KCab,KCab-c
720575940607792139,intrinsic,central,Kenyon_Cell,KCg,MBp3,right,,KCg-m,
720575940607804939,intrinsic,central,Kenyon_Cell,,MBp3,right,,KCab,KCab-s
720575940607958229,afferent,sensory,olfactory,,,right,AN,ORN_VM4,
720575940607983369,intrinsic,central,Kenyon_Cell,KCg,MBp4,left,,KCg-d,
720575940608393739,intrinsic,central,Kenyon_Cell,KCg,MBp4,right,,KCg-m,
720575940608407049,intrinsic,central,Kenyon_Cell,KCg,MBp1,left,,KCg-m,
720575940608437769,intrinsic,central,Kenyon_Cell,KCg,MBp2,left,,KCg-m,
720575940608527299,intrinsic,central,Kenyon_Cell,,MBp1,left,,KCab,KCab-s
720575940608535819,intrinsic,central,Kenyon_Cell,KCg,MBp3,left,,KCg-m,
720575940608550409,intrinsic,central,Kenyon_Cell,,MBp3,right,,KCab,KCab-s
720575940608801749,intrinsic,central,Kenyon_Cell,KCg,MBp4,right,,KCg-m,
720575940608810709,intrinsic,central,Kenyon_Cell,KCg,MBp2,left,,KCg-m,
720575940608823509,intrinsic,central,Kenyon_Cell,KCg,MBp3,right,,KCg-m,
720575940609104579,intrinsic,central,Kenyon_Cell,,MBp1,right,,KCab,KCab-s
720575940609228809,afferent,sensory,olfactory,,,right,AN,ORN_DM4,
720575940609950869,intrinsic,central,Kenyon_Cell,KCg,MBp1,right,,KCg-m,
720575940610142869,intrinsic,central,Kenyon_Cell,,MBp4,left,,KCapbp-ap2,KCab-ap2
720575940610214769,intrinsic,central,Kenyon_Cell,,MBp1,left,,KCab,KCab-s
720575940610347929,intrinsic,central,Kenyon_Cell,,MBp3,right,,KCab,KCab-c
720575940610410609,intrinsic,central,Kenyon_Cell,,MBp2,left,,KCab,KCab-m
720575940610751129,intrinsic,central,Kenyon_Cell,,MBp3,left,,KCapbp-ap1,KCab-ap1
720575940610784179,intrinsic,central,Kenyon_Cell,,MBp2,right,,KCapbp-ap1,KCab-ap1
720575940610952089,intrinsic,central,Kenyon_Cell,,MBp4,right,,KCapbp-ap1,KCab-ap1
720575940611053029,intrinsic,central,Kenyon_Cell,,MBp4,left,,KCapbp-m,KCab-m
720575940611059609,intrinsic,central,Kenyon_Cell,,MBp4,left,,KCapbp-ap2,KCab-ap2
720575940611104229,intrinsic,central,Kenyon_Cell,,MBp1,left,,KCapbp-ap1,KCab-ap1
720575940611111829,intrinsic,central,Kenyon_Cell,KCg,MBp1,right,,KCg-m,
720575940611113109,intrinsic,central,Kenyon_Cell,KCg,MBp3,left,,KCg-m,
720575940611114389,afferent,sensory,olfactory,pheromone,,left,AN,ORN_DC3,
720575940611394019,intrinsic,central,Kenyon_Cell,KCg,MBp1,left,,KCg-m,
720575940611504869,afferent,sensory,olfactory,,,left,AN,ORN_VL1,
720575940611532949,intrinsic,central,Kenyon_Cell,KCg,MBp1,right,,KCg-m,
720575940611591829,intrinsic,central,Kenyon_Cell,,MBp3,left,,KCapbp-m,KCab-m
720575940611682739,intrinsic,central,Kenyon_Cell,KCg,MBp1,right,,KCg-d,
720575940611686629,intrinsic,central,Kenyon_Cell,,MBp1,right,,KCab,KCab-m
720575940611686809,intrinsic,central,Kenyon_Cell,KCg,MBp3,right,,KCg-m,
720575940611762329,afferent,sensory,olfactory,,,right,AN,ORN_DL2d,
720575940611769059,intrinsic,central,Kenyon_Cell,,MBp2,right,,KCapbp-m,KCab-m
720575940611771029,intrinsic,central,Kenyon_Cell,KCg,MBp1,right,,KCg-m,
720575940611837809,intrinsic,central,Kenyon_Cell,,MBp4,right,,KCapbp-m,KCab-m
720575940611855729,intrinsic,central,Kenyon_Cell,KCg,MBp2,right,,KCg-m,
720575940612070769,afferent,sensory,olfactory,,,left,AN,ORN_VL1,
720575940612099309,intrinsic,central,Kenyon_Cell,KCg,MBp1,left,,KCg-m,
720575940612169709,intrinsic,central,Kenyon_Cell,,MBp2,left,,KCapbp-ap2,KCab-ap2
720575940612196589,intrinsic,central,Kenyon_Cell,,MBp2,left,,KCab,KCab-m
720575940612615149,afferent,sensory,olfactory,,,right,AN,ORN_VL2p,
720575940612634009,afferent,sensory,olfactory,,,right,AN,ORN_VM6m,ORN_VC5
720575940612723409,intrinsic,central,Kenyon_Cell,,MBp4,left,,KCapbp-ap1,KCab-ap1
720575940612789219,intrinsic,central,Kenyon_Cell,KCg,MBp3,left,,KCg-m,
720575940612802479,intrinsic,central,DAN,,CREa1_dorsal,left,,PAM04,
720575940612920999,intrinsic,central,DAN,,CREa2_medial,left,,PAM11,
720575940612951789,afferent,sensory,olfactory,,,left,AN,ORN_VL2a,
720575940613017059,intrinsic,central,Kenyon_Cell,,MBp4,right,,KCapbp-ap2,KCab-ap2
720575940613051699,afferent,sensory,olfactory,,,left,MxLbN,ORN_VC1,
720575940613119459,intrinsic,central,Kenyon_Cell,,MBp4,right,,KCapbp-ap2,KCab-ap2
720575940613188319,intrinsic,central,Kenyon_Cell,KCg,MBp4,right,,KCg-m,
720575940613248479,intrinsic,central,Kenyon_Cell,,MBp4,right,,KCab,KCab-c
720575940613272799,intrinsic,central,Kenyon_Cell,,MBp3,right,,KCab,KCab-m
720575940613315309,intrinsic,central,Kenyon_Cell,,MBp4,left,,KCab,KCab-m
720575940613437359,afferent,sensory,olfactory,,,right,AN,ORN_DM2,
720575940613532979,intrinsic,central,Kenyon_Cell,,MBp2,left,,KCab,KCab-c
720575940613727399,intrinsic,central,Kenyon_Cell,,MBp2,right,,KCapbp-ap2,KCab-ap2
720575940613752999,intrinsic,central,Kenyon_Cell,KCg,MBp1,left,,KCg-m,
720575940613776179,intrinsic,central,Kenyon_Cell,,MBp1,left,,KCapbp-ap1,KCab-ap1
720575940613920159,intrinsic,central,Kenyon_Cell,,MBp2,left,,KCab,KCab-m
720575940613954769,intrinsic,central,Kenyon_Cell,,MBp2,right,,KCapbp-ap2,KCab-ap2
720575940613955039,intrinsic,central,Kenyon_Cell,KCg,MBp4,left,,KCg-d,
720575940614010419,intrinsic,central,Kenyon_Cell,,MBp3,right,,KCab,KCab-m
720575940614027059,intrinsic,central,Kenyon_Cell,,MBp2,right,,KCab,KCab-s
720575940614036019,intrinsic,central,Kenyon_Cell,KCg,MBp1,right,,KCg-m,
720575940614053149,afferent,sensory,olfactory,,,left,AN,ORN_V,
720575940614229159,intrinsic,central,Kenyon_Cell,,MBp3,right,,KCapbp-ap2,KCab-ap2
720575940614263719,intrinsic,central,Kenyon_Cell,,MBp3,left,,KCapbp-ap1,KCab-ap1
720575940614311079,intrinsic,central,Kenyon_Cell,,MBp3,left,,KCapbp-m,KCab-m
720575940614326439,intrinsic,central,Kenyon_Cell,,MBp2,left,,KCapbp-m,KCab-m
720575940614354619,intrinsic,central,Kenyon_Cell,,MBp3,left,,KCab,KCab-s
720575940614392999,intrinsic,central,MBON,,DL2_ventral,left,,MBON29,
720575940614410719,afferent,sensory,olfactory,pheromone,,right,AN,ORN_DL3,
720575940614426799,afferent,sensory,olfactory,,,right,AN,ORN_VA3,
720575940614629799,intrinsic,central,DAN,,CREa1_dorsal,right,,PAM09,
720575940614759029,intrinsic,central,DAN,,CREa1_dorsal,left,,PAM04,
720575940614909579,intrinsic,central,Kenyon_Cell,KCg,MBp2,right,,KCg-m,
720575940615136059,intrinsic,central,Kenyon_Cell,,MBp1,right,,KCab,KCab-m
720575940615270559,intrinsic,central,Kenyon_Cell,,MBp2,left,,KCapbp-ap1,KCab-ap1
720575940615289759,intrinsic,central,Kenyon_Cell,,MBp3,right,,KCapbp-ap1,KCab-ap1
720575940615302879,afferent,sensory,olfactory,,,left,AN,ORN_DM4,
720575940615345339,intrinsic,central,Kenyon_Cell,KCg,MBp3,left,,KCg-m,
720575940615481489,intrinsic,central,Kenyon_Cell,,MBp4,right,,KCab,KCab-s
720575940615544249,intrinsic,central,Kenyon_Cell,KCg,MBp2,right,,KCg-d,
720575940615639199,afferent,sensory,olfactory,pheromone,,left,AN,ORN_DC3,
720575940615657119,afferent,sensory,olfactory,,,right,AN,ORN_DL5,
720575940615717009,intrinsic,central,Kenyon_Cell,,MBp2,left,,KCab,KCab-c
720575940615719029,afferent,sensory,olfactory,,,right,MxLbN,ORN_VA7l,
720575940615747259,afferent,sensory,olfactory,,,left,AN,ORN_DM2,
720575940615767739,afferent,sensory,olfactory,,,right,MxLbN,ORN_VC2,
720575940615794619,afferent,sensory,olfactory,,,left,AN,ORN_DA4l,
720575940615856779,afferent,sensory,olfactory,,,left,MxLbN,ORN_VA7l,
720575940615896989,intrinsic,central,Kenyon_Cell,,MBp2,right,,KCab,KCab-m
720575940616008309,intrinsic,central,Kenyon_Cell,,MBp4,left,,KCapbp-ap1,KCab-ap1
720575940616009729,intrinsic,central,Kenyon_Cell,,MBp2,left,,KCab,KCab-m
720575940616068539,intrinsic,central,Kenyon_Cell,KCg,MBp3,left,,KCg-m,
720575940616076219,afferent,sensory,olfactory,,,right,AN,ORN_VL2a,
720575940616128669,intrinsic,central,Kenyon_Cell,KCg,MBp2,left,,KCg-m,
720575940616187649,intrinsic,central,Kenyon_Cell,,MBp1,left,,KCab,KCab-s
720575940616189509,intrinsic,central,Kenyon_Cell,KCg,MBp4,right,,KCg-m,
720575940616256059,afferent,sensory,olfactory,,,left,AN,ORN_DL5,
720575940616295069,intrinsic,central,Kenyon_Cell,KCg,MBp1,left,,KCg-d,
720575940616312949,intrinsic,central,DAN,,CREa2_medial,right,,PAM06,
720575940616320699,afferent,sensory,olfactory,pheromone,,right,AN,ORN_VA1d,
720575940616358459,intrinsic,central,Kenyon_Cell,,MBp3,left,,KCab,KCab-m
720575940616417169,afferent,sensory,olfactory,,,right,AN,ORN_VA6,
720575940616426869,intrinsic,central,Kenyon_Cell,KCg,MBp2,left,,KCg-m,
720575940616442369,intrinsic,central,Kenyon_Cell,KCg,MBp1,left,,KCg-d,
720575940616536209,afferent,sensory,olfactory,,,right,AN,ORN_DA2,
720575940616539419,intrinsic,central,Kenyon_Cell,,MBp3,left,,KCab,KCab-s
720575940616599069,afferent,sensory,olfactory,,,left,MxLbN,ORN_VA4,
720575940616663769,intrinsic,central,Kenyon_Cell,,MBp1,left,,KCab,KCab-s
720575940616698769,afferent,sensory,olfactory,,,left,AN,ORN_VL2a,
720575940616723549,intrinsic,central,Kenyon_Cell,KCg,MBp2,right,,KCg-m,
720575940616788409,intrinsic,central,Kenyon_Cell,KCg,MBp4,left,,KCg-m,
720575940616793669,afferent,sensory,olfactory,,,left,AN,ORN_VM1,
720575940616831349,afferent,sensory,olfactory,,,right,AN,ORN_DA4m,
720575940616844859,afferent,sensory,olfactory,,,right,AN,ORN_VL2a,
720575940616859259,intrinsic,central,Kenyon_Cell,KCg,MBp3,right,,KCg-m,
720575940616866049,afferent,sensory,olfactory,,,left,AN,ORN_DL1,
720575940616903209,afferent,sensory,olfactory,,,left,AN,ORN_VM6l,ORN_VC5
720575940616908939,afferent,sensory,olfactory,pheromone,,right,AN,ORN_VA1v,
720575940616921129,afferent,sensory,olfactory,,,left,AN,ORN_VM6m,ORN_VC5
720575940616930629,intrinsic,central,Kenyon_Cell,,MBp2,left,,KCapbp-ap1,KCab-ap1
720575940616955229,intrinsic,central,Kenyon_Cell,,MBp4,right,,KCapbp-ap1,KCab-ap1
720575940616986769,intrinsic,central,DAN,,CREa2_medial,left,,PAM08,
720575940617024769,intrinsic,central,Kenyon_Cell,,MBp1,left,,KCab,KCab-c
720575940617036729,intrinsic,central,Kenyon_Cell,KCg,MBp4,right,,KCg-d,
720575940617038849,intrinsic,central,Kenyon_Cell,KCg,MBp3,left,,KCg-m,
720575940617094429,afferent,sensory,olfactory,,,left,AN,ORN_VC4,
720575940617141789,afferent,sensory,olfactory,,,right,AN,ORN_DC1,
720575940617166749,intrinsic,central,Kenyon_Cell,KCg,MBp1,right,,KCg-m,
720575940617249629,intrinsic,central,Kenyon_Cell,KCg,MBp2,right,,KCg-m,
720575940617366969,intrinsic,central,Kenyon_Cell,KCg,MBp2,left,,KCg-m,
720575940617370909,intrinsic,central,Kenyon_Cell,KCg,MBp3,right,,KCg-m,
720575940617390149,afferent,sensory,olfactory,,,right,AN,ORN_VM3,
720575940617444219,intrinsic,central,Kenyon_Cell,,MBp4,left,,KCab,KCab-s
720575940617452689,intrinsic,central,Kenyon_Cell,KCg,MBp4,right,,KCg-m,
720575940617474629,intrinsic,central,Kenyon_Cell,KCg,MBp3,right,,KCg-m,
720575940617479169,afferent,sensory,olfactory,,,left,AN,ORN_DM6,
720575940617511169,afferent,sensory,olfactory,,,left,AN,ORN_DA4m,
720575940617553809,intrinsic,central,DAN,,CREa2_medial,left,,PAM08,
720575940617649969,intrinsic,central,Kenyon_Cell,,MBp1,right,,KCab,KCab-m
720575940617672139,intrinsic,central,Kenyon_Cell,KCg,MBp4,right,,KCg-d,
720575940617696769,intrinsic,central,Kenyon_Cell,KCg,MBp3,left,,KCg-d,
720575940617814429,intrinsic,central,Kenyon_Cell,,MBp3,right,,KCab,KCab-s
720575940617820929,intrinsic,central,Kenyon_Cell,KCg,MBp3,left,,KCg-m,
720575940617959729,intrinsic,central,Kenyon_Cell,,MBp3,left,,KCab,KCab-m
720575940618008859,intrinsic,central,MBON,,putative_primary,left,,MBON30,
720575940618036509,intrinsic,central,Kenyon_Cell,,MBp2,right,,KCapbp-ap2,KCab-ap2
720575940618112459,intrinsic,central,Kenyon_Cell,,MBp4,left,,KCab,KCab-c
720575940618183559,intrinsic,central,Kenyon_Cell,,MBp2,right,,KCapbp-m,KCab-m
720575940618184839,intrinsic,central,Kenyon_Cell,KCg,MBp2,right,,KCg-m,
720575940618224709,intrinsic,central,Kenyon_Cell,KCg,MBp2,right,,KCg-m,
720575940618245569,intrinsic,central,Kenyon_Cell,KCg,MBp4,right,,KCg-m,
720575940618292939,intrinsic,central,Kenyon_Cell,,MBp1,right,,KCab,KCab-s
720575940618293589,intrinsic,central,Kenyon_Cell,KCg,MBp4,left,,KCg-d,
720575940618396399,intrinsic,central,Kenyon_Cell,,MBp4,right,,KCab,KCab-m
720575940618400459,intrinsic,central,Kenyon_Cell,,MBp4,left,,KCab-p,
720575940618407589,intrinsic,central,Kenyon_Cell,,MBp4,left,,KCab,KCab-c
720575940618464379,intrinsic,central,Kenyon_Cell,,MBp2,left,,KCapbp-ap2,KCab-ap2
720575940618531099,intrinsic,central,Kenyon_Cell,,MBp4,left,,KCapbp-ap1,KCab-ap1
720575940618586459,intrinsic,central,Kenyon_Cell,,MBp4,right,,KCab,KCab-s
720575940618662939,intrinsic,central,Kenyon_Cell,,MBp1,right,,KCab-p,
720575940618830459,intrinsic,central,Kenyon_Cell,KCg,MBp2,left,,KCg-m,
720575940618842929,intrinsic,central,DAN,,CREa2_medial,left,,PAM09,
720575940618875819,intrinsic,central,Kenyon_Cell,,MBp3,left,,KCapbp-m,KCab-m
720575940618904229,intrinsic,central,Kenyon_Cell,KCg,MBp2,left,,KCg-d,
720575940618926319,intrinsic,central,Kenyon_Cell,KCg,MBp3,left,,KCg-m,
720575940618937649,afferent,sensory,olfactory,pheromone,,right,AN,ORN_DA1,
720575940618943389,intrinsic,central,DAN,,putative_primary,right,,PPL106,
720575940618980299,intrinsic,central,Kenyon_Cell,,MBp2,right,,KCab,KCab-s
720575940618992449,intrinsic,central,Kenyon_Cell,,MBp4,right,,KCapbp-ap1,KCab-ap1
720575940618992749,intrinsic,central,Kenyon_Cell,,MBp4,right,,KCab,KCab-m
720575940619028289,intrinsic,central,Kenyon_Cell,KCg,MBp2,right,,KCg-m,
720575940619029589,afferent,sensory,olfactory,,,left,AN,ORN_DA3,
720575940619051009,afferent,sensory,olfactory,,,right,AN,ORN_VM4,
720575940619055969,intrinsic,central,Kenyon_Cell,,MBp2,right,,KCab,KCab-m
720575940619090529,intrinsic,central,Kenyon_Cell,,MBp1,right,,KCab,KCab-m
720575940619117039,afferent,sensory,olfactory,,,left,AN,ORN_VL1,
720575940619147349,intrinsic,central,Kenyon_Cell,,MBp1,right,,KCab,KCab-m
720575940619153749,intrinsic,central,Kenyon_Cell,KCg,MBp2,left,,KCg-m,
720575940619155029,intrinsic,central,Kenyon_Cell,KCg,MBp2,right,,KCg-m,
720575940619188139,afferent,sensory,olfactory,,,right,MxLbN,ORN_VA4,
720575940619197899,intrinsic,central,Kenyon_Cell,,MBp3,left,,KCab,KCab-s
720575940619205229,intrinsic,central,Kenyon_Cell,,MBp3,left,,KCapbp-m,KCab-m
720575940619221569,intrinsic,central,Kenyon_Cell,,MBp3,left,,KCab,KCab-c
720575940619318619,afferent,sensory,olfactory,,,left,AN,ORN_VL1,
720575940619401199,afferent,sensory,olfactory,,,right,AN,ORN_VL2a,
720575940619434689,afferent,sensory,olfactory,,,right,AN,ORN_VL2a,
720575940619435399,intrinsic,central,Kenyon_Cell,,MBp2,right,,KCab,KCab-m
720575940619444139,intrinsic,central,Kenyon_Cell,,MBp2,right,,KCab,KCab-s
720575940619477809,intrinsic,central,Kenyon_Cell,KCg,MBp2,left,,KCg-m,
720575940619519909,intrinsic,central,Kenyon_Cell,KCg,MBp1,right,,KCg-m,
720575940619528789,afferent,sensory,olfactory,pheromone,,right,AN,ORN_DA1,
720575940619563429,afferent,sensory,olfactory,,,left,AN,ORN_DA4m,
720575940619587009,intrinsic,central,Kenyon_Cell,,MBp4,right,,KCab,KCab-s
720575940619640149,intrinsic,central,Kenyon_Cell,,MBp4,left,,KCapbp-ap1,KCab-ap1
720575940619649109,intrinsic,central,Kenyon_Cell,,MBp1,left,,KCab,KCab-s
720575940619651019,intrinsic,central,Kenyon_Cell,,MBp4,right,,KCapbp-ap2,KCab-ap2
720575940619659969,intrinsic,central,Kenyon_Cell,KCg,MBp2,left,,KCg-m,
720575940619684299,intrinsic,central,Kenyon_Cell,,MBp1,left,,KCapbp-ap1,KCab-ap1
720575940619695809,intrinsic,central,Kenyon_Cell,,MBp4,right,,KCapbp-ap1,KCab-ap1
720575940619723979,intrinsic,central,Kenyon_Cell,KCg,MBp1,left,,KCg-m,
720575940619791019,afferent,sensory,olfactory,,,right,AN,ORN_D,
720575940619802539,intrinsic,central,Kenyon_Cell,,MBp1,right,,KCab,KCab-c
720575940619810389,intrinsic,central,MBON,,SMPad3,right,,MBON25,MBON34
720575940619828359,intrinsic,central,Kenyon_Cell,KCg,MBp4,right,,KCg-m,
720575940619893419,intrinsic,central,DAN,,CREa2_medial,left,,PAM09,
720575940619895329,intrinsic,central,Kenyon_Cell,KCg,MBp4,right,,KCg-m,
720575940619898759,intrinsic,central,Kenyon_Cell,KCg,MBp3,left,,KCg-m,
720575940619936639,intrinsic,central,Kenyon_Cell,,MBp2,left,,KCapbp-m,KCab-m
720575940619967879,intrinsic,central,Kenyon_Cell,KCg,MBp4,right,,KCg-m,
720575940619969329,afferent,sensory,olfactory,,,left,AN,ORN_VL1,
720575940619971009,intrinsic,central,Kenyon_Cell,,MBp2,left,,KCab,KCab-s
720575940619974689,intrinsic,central,Kenyon_Cell,,MBp2,right,,KCab,KCab-s
720575940619994759,intrinsic,central,Kenyon_Cell,KCg,MBp1,right,,KCg-m,
720575940620004129,intrinsic,central,Kenyon_Cell,KCg,MBp2,right,,KCg-d,
720575940620020769,intrinsic,central,Kenyon_Cell,,MBp1,right,,KCapbp-ap2,KCab-ap2
720575940620039589,intrinsic,central,Kenyon_Cell,KCg,MBp3,right,,KCg-m,
720575940620148059,afferent,sensory,olfactory,,,left,AN,ORN_DL2v,
720575940620179309,intrinsic,central,Kenyon_Cell,KCg,MBp2,left,,KCg-m,
720575940620182399,intrinsic,central,Kenyon_Cell,,MBp1,left,,KCab,KCab-s
720575940620200709,intrinsic,central,Kenyon_Cell,KCg,MBp3,left,,KCg-d,
720575940620226729,intrinsic,central,Kenyon_Cell,KCg,MBp1,right,,KCg-d,
720575940620229729,intrinsic,central,Kenyon_Cell,,MBp2,left,,KCab,KCab-c
720575940620269039,afferent,sensory,olfactory,pheromone,,right,AN,ORN_VA1v,
720575940620273279,intrinsic,central,Kenyon_Cell,,MBp1,left,,KCapbp-ap1,KCab-ap1
720575940620305099,afferent,sensory,olfactory,pheromone,,left,AN,ORN_VA1v,
720575940620305499,intrinsic,central,Kenyon_Cell,KCg,MBp3,left,,KCg-m,
720575940620319329,afferent,sensory,olfactory,,,left,AN,ORN_VA2,
720575940620347329,intrinsic,central,Kenyon_Cell,KCg,MBp2,left,,KCg-d,
720575940620354849,intrinsic,central,Kenyon_Cell,,MBp2,right,,KCab,KCab-c
720575940620355009,intrinsic,central,Kenyon_Cell,,MBp4,right,,KCapbp-ap2,KCab-ap2
720575940620403649,intrinsic,central,Kenyon_Cell,,MBp2,right,,KCab,KCab-s
720575940620420129,intrinsic,central,Kenyon_Cell,,MBp4,left,,KCab,KCab-s
720575940620440559,intrinsic,central,Kenyon_Cell,KCg,MBp1,left,,KCg-m,
720575940620454849,intrinsic,central,Kenyon_Cell,KCg,MBp4,left,,KCg-m,
720575940620537839,intrinsic,central,Kenyon_Cell,KCg,MBp2,left,,KCg-m,
720575940620578269,intrinsic,central,Kenyon_Cell,,MBp1,right,,KCab,KCab-m
720575940620603489,afferent,sensory,olfactory,,,right,MxLbN,ORN_VC2,
720575940620655169,intrinsic,central,Kenyon_Cell,KCg,MBp4,right,,KCg-m,
720575940620659489,intrinsic,central,Kenyon_Cell,KCg,MBp2,left,,KCg-m,
720575940620685739,afferent,sensory,olfactory,pheromone,,left,AN,ORN_VA1v,
720575940620685889,afferent,sensory,olfactory,,,left,AN,ORN_DM3,
720575940620700769,intrinsic,central,Kenyon_Cell,,MBp4,right,,KCab-p,
720575940620713129,intrinsic,central,Kenyon_Cell,KCg,MBp4,right,,KCg-m,
720575940620754529,intrinsic,central,Kenyon_Cell,KCg,MBp2,right,,KCg-m,
720575940620767709,intrinsic,central,Kenyon_Cell,,MBp3,left,,KCab,KCab-c
720575940620774149,afferent,sensory,olfactory,,,left,AN,ORN_DM5,
720575940620799009,afferent,sensory,olfactory,,,left,AN,ORN_DM5,
720575940620822049,afferent,sensory,olfactory,,,left,AN,ORN_VA2,
720575940620831949,intrinsic,central,Kenyon_Cell,,MBp2,right,,KCab,KCab-m
720575940620929519,afferent,sensory,olfactory,pheromone,,right,AN,ORN_DA1,
720575940620955149,intrinsic,central,Kenyon_Cell,,MBp2,right,,KCab,KCab-m
720575940620997409,afferent,sensory,olfactory,,,right,AN,ORN_VM6v,ORN_VC5
720575940621023809,intrinsic,central,Kenyon_Cell,,MBp3,right,,KCapbp-ap2,KCab-ap2
720575940621076429,intrinsic,central,Kenyon_Cell,,MBp4,left,,KCab,KCab-c
720575940621090659,intrinsic,central,Kenyon_Cell,,MBp1,right,,KCab,KCab-m
720575940621098879,afferent,sensory,olfactory,pheromone,,right,AN,ORN_DA1,
720575940621124289,afferent,sensory,olfactory,pheromone,,right,AN,ORN_VA1v,
720575940621132969,afferent,sensory,olfactory,pheromone,,right,AN,ORN_DL3,
720575940621136519,intrinsic,central,DAN,,CREa2_medial,left,,PAM11,
720575940621138779,afferent,sensory,olfactory,pheromone,,,AN,ORN_VA1d,
720575940621166719,afferent,sensory,olfactory,,,right,AN,ORN_VL2p,
720575940621182889,afferent,sensory,olfactory,,,left,AN,ORN_DC2,
720575940621265249,afferent,sensory,olfactory,,,left,AN,ORN_DA3,
720575940621296639,intrinsic,central,Kenyon_Cell,KCg,MBp1,right,,KCg-m,
720575940621423999,afferent,sensory,olfactory,,,right,AN,ORN_VM4,
720575940621456349,afferent,sensory,olfactory,,,left,AN,ORN_VA6,
720575940621504269,intrinsic,central,Kenyon_Cell,KCg,MBp2,right,,KCg-m,
720575940621514509,afferent,sensory,olfactory,,,right,AN,ORN_VM4,
720575940621516179,intrinsic,central,Kenyon_Cell,KCg,MBp4,right,,KCg-m,
720575940621557859,intrinsic,central,Kenyon_Cell,,MBp4,left,,KCab,KCab-s
720575940621612159,intrinsic,central,Kenyon_Cell,,MBp4,left,,KCapbp-ap1,KCab-ap1
720575940621625349,afferent,sensory,olfactory,,,right,AN,ORN_DM6,
720575940621629189,afferent,sensory,olfactory,,,right,AN,ORN_DM6,
720575940621720959,intrinsic,central,Kenyon_Cell,,MBp4,left,,KCab,KCab-c
720575940621767629,afferent,sensory,olfactory,,,right,AN,ORN_VA6,
720575940621804329,afferent,sensory,olfactory,,,right,MxLbN,ORN_VM7v,
720575940621819739,intrinsic,central,Kenyon_Cell,KCg,MBp2,left,,KCg-m,
720575940621860009,afferent,sensory,olfactory,,,right,AN,ORN_DL1,
720575940621880609,intrinsic,central,Kenyon_Cell,KCg,MBp3,left,,KCg-m,
720575940621888169,intrinsic,central,Kenyon_Cell,KCg,MBp1,right,,KCg-m,
720575940621892829,intrinsic,central,Kenyon_Cell,KCg,MBp2,right,,KCg-m,
720575940621897249,intrinsic,central,Kenyon_Cell,KCg,MBp2,right,,KCg-m,
720575940621943139,afferent,sensory,olfactory,,,left,AN,ORN_VA6,
720575940621966369,intrinsic,central,Kenyon_Cell,KCg,MBp3,left,,KCg-m,
720575940622064809,intrinsic,central,Kenyon_Cell,KCg,MBp3,left,,KCg-m,
720575940622078249,intrinsic,central,Kenyon_Cell,KCg,MBp3,right,,KCg-m,
720575940622096589,intrinsic,central,Kenyon_Cell,KCg,MBp2,right,,KCg-m,
720575940622098019,afferent,sensory,olfactory,,,left,AN,ORN_DA3,
720575940622107869,intrinsic,central,DAN,,CREa1_dorsal,left,,PAM08,
720575940622204669,intrinsic,central,Kenyon_Cell,KCg,MBp1,right,,KCg-d,
720575940622216009,intrinsic,central,Kenyon_Cell,,MBp3,right,,KCab,KCab-s
720575940622248709,afferent,sensory,olfactory,pheromone,,left,AN,ORN_VA1d,
720575940622249949,intrinsic,central,Kenyon_Cell,,MBp2,right,,KCab,KCab-s
720575940622275079,intrinsic,central,Kenyon_Cell,,MBp2,left,,KCab,KCab-s
720575940622281399,afferent,sensory,olfactory,,,left,AN,ORN_DM1,
720575940622289919,afferent,sensory,olfactory,,,left,AN,ORN_VM4,
720575940622338269,intrinsic,central,DAN,,CREa1_dorsal,right,,PAM08,
720575940622339549,intrinsic,central,Kenyon_Cell,KCg,MBp1,left,,KCg-m,
720575940622375389,afferent,sensory,olfactory,,,left,AN,ORN_VM6v,ORN_VC5
720575940622410189,intrinsic,central,DAN,,CREa1_dorsal,left,,PAM03,
720575940622461149,intrinsic,central,Kenyon_Cell,KCg,MBp3,right,,KCg-d,
720575940622540969,afferent,sensory,olfactory,,,right,AN,ORN_DM3,
720575940622549759,intrinsic,central,Kenyon_Cell,KCg,MBp1,right,,KCg-m,
720575940622559669,intrinsic,central,Kenyon_Cell,,MBp2,left,,KCab,KCab-s
720575940622604749,afferent,sensory,olfactory,,,left,AN,ORN_D,
720575940622651389,afferent,sensory,olfactory,,,left,AN,ORN_DM1,
720575940622663629,afferent,sensory,olfactory,,,left,AN,ORN_VM4,
720575940622682409,afferent,sensory,olfactory,pheromone,,right,AN,ORN_DA1,
720575940622781389,intrinsic,central,Kenyon_Cell,,MBp3,right,,KCapbp-ap1,KCab-ap1
720575940622800589,intrinsic,central,Kenyon_Cell,KCg,MBp3,left,,KCg-m,
720575940622882829,intrinsic,central,Kenyon_Cell,KCg,MBp2,left,,KCg-m,
720575940622884499,intrinsic,central,Kenyon_Cell,KCg,MBp3,left,,KCg-d,
720575940622890509,intrinsic,central,Kenyon_Cell,KCg,MBp1,right,,KCg-m,
720575940622894349,intrinsic,central,Kenyon_Cell,KCg,MBp1,right,,KCg-m,
720575940622932809,intrinsic,central,Kenyon_Cell,,MBp2,right,,KCab,KCab-c
720575940622949069,intrinsic,central,Kenyon_Cell,KCg,MBp3,left,,KCg-m,
720575940622977799,afferent,sensory,olfactory,,,left,AN,ORN_DL2v,
720575940623004429,intrinsic,central,Kenyon_Cell,KCg,MBp2,left,,KCg-m,
720575940623009549,intrinsic,central,Kenyon_Cell,KCg,MBp1,right,,KCg-m,
720575940623031559,afferent,sensory,olfactory,,,right,AN,ORN_DA4l,
720575940623062749,afferent,sensory,olfactory,,,left,AN,ORN_DM2,
720575940623066409,afferent,sensory,olfactory,pheromone,,left,AN,ORN_VA1d,
720575940623087069,afferent,sensory,olfactory,,,right,AN,ORN_DL4,
720575940623087859,afferent,sensory,olfactory,,,right,AN,ORN_DP1m,
720575940623111679,intrinsic,central,Kenyon_Cell,KCg,MBp4,left,,KCg-s1,
720575940623128359,intrinsic,central,Kenyon_Cell,,MBp4,left,,KCab,KCab-s
720575940623136499,intrinsic,central,Kenyon_Cell,,MBp3,right,,KCab,KCab-c
720575940623147959,afferent,sensory,olfactory,,,left,AN,ORN_DA4m,
720575940623151339,afferent,sensory,olfactory,,,left,MxLbN,ORN_VM7d,
720575940623267559,afferent,sensory,olfactory,,,right,AN,ORN_DP1l,
720575940623302669,afferent,sensory,olfactory,,,left,AN,ORN_DP1l,
720575940623400189,intrinsic,central,Kenyon_Cell,KCg,MBp2,right,,KCg-m,
720575940623409959,intrinsic,central,Kenyon_Cell,KCg,MBp4,left,,KCg-m,
720575940623419389,intrinsic,central,Kenyon_Cell,,MBp1,left,,KCab,KCab-m
720575940623443859,intrinsic,central,Kenyon_Cell,,MBp1,left,,KCab-p,
720575940623457609,afferent,sensory,olfactory,,,right,AN,ORN_DM3,
720575940623491069,intrinsic,central,Kenyon_Cell,KCg,MBp4,left,,KCg-m,
720575940623576909,intrinsic,central,Kenyon_Cell,KCg,MBp3,left,,KCg-m,
720575940623586999,intrinsic,central,Kenyon_Cell,KCg,MBp4,right,,KCg-m,
720575940623610919,afferent,sensory,olfactory,,,right,AN,ORN_VM5d,
720575940623730509,intrinsic,central,Kenyon_Cell,KCg,MBp1,left,,KCg-m,
720575940623808509,afferent,sensory,olfactory,,,left,AN,ORN_DM3,
720575940623870389,afferent,sensory,olfactory,pheromone,,right,AN,ORN_DA1,
720575940623905719,intrinsic,central,MBON,,FLAa2,right,,MBON12,
720575940623914679,intrinsic,central,Kenyon_Cell,,MBp4,right,,KCapbp-m,KCab-m
720575940623935159,intrinsic,central,Kenyon_Cell,KCg,MBp4,left,,KCg-m,
720575940623942119,afferent,sensory,olfactory,,,left,AN,ORN_DM1,
720575940623971819,intrinsic,central,Kenyon_Cell,,MBp3,right,,KCapbp-m,KCab-m
720575940623978789,intrinsic,central,Kenyon_Cell,,MBp2,right,,KCab,KCab-s
720575940623985189,intrinsic,central,Kenyon_Cell,KCg,MBp2,right,,KCg-m,
720575940623986469,intrinsic,central,Kenyon_Cell,,MBp2,right,,KCapbp-ap2,KCab-ap2
720575940624010569,intrinsic,central,Kenyon_Cell,,MBp1,left,,KCapbp-ap2,KCab-ap2
720575940624013309,intrinsic,central,Kenyon_Cell,KCg,MBp4,left,,KCg-m,
720575940624014669,afferent,sensory,olfactory,,,right,AN,ORN_DM5,
720575940624036339,intrinsic,central,Kenyon_Cell,KCg,MBp4,left,,KCg-m,
720575940624066279,afferent,sensory,olfactory,,,right,MxLbN,ORN_VA4,
720575940624085739,intrinsic,central,Kenyon_Cell,KCg,MBp3,left,,KCg-m,
720575940624096039,intrinsic,central,Kenyon_Cell,KCg,MBp3,right,,KCg-m,
720575940624195559,intrinsic,central,Kenyon_Cell,,MBp3,right,,KCapbp-m,KCab-m
720575940624227509,afferent,sensory,olfactory,,,,AN,ORN_VL2p,
720575940624280979,intrinsic,central,Kenyon_Cell,KCg,MBp1,left,,KCg-m,
720575940624290539,intrinsic,central,Kenyon_Cell,KCg,MBp2,left,,KCg-m,
720575940624317419,intrinsic,central,DAN,,CREa1_dorsal,right,,PAM06,
720575940624357669,intrinsic,central,Kenyon_Cell,,MBp4,left,,KCab,KCab-m
720575940624428019,intrinsic,central,Kenyon_Cell,KCg,MBp3,right,,KCg-m,
720575940624497959,intrinsic,central,Kenyon_Cell,,MBp3,left,,KCab,KCab-c
720575940624500519,afferent,sensory,olfactory,,,right,AN,ORN_DM2,
720575940624516339,intrinsic,central,Kenyon_Cell,KCg,MBp1,right,,KCg-m,
720575940624532979,intrinsic,central,Kenyon_Cell,KCg,MBp2,right,,KCg-m,
720575940624584579,intrinsic,central,Kenyon_Cell,KCg,MBp3,right,,KCg-m,
720575940624599939,intrinsic,central,Kenyon_Cell,,MBp3,right,,KCab,KCab-m
720575940624612839,intrinsic,central,Kenyon_Cell,,MBp3,left,,KCab,KCab-c
720575940624644739,intrinsic,central,Kenyon_Cell,,MBp1,right,,KCab,KCab-c
720575940624647299,intrinsic,central,Kenyon_Cell,,MBp1,right,,KCab,KCab-s
720575940624653299,intrinsic,central,Kenyon_Cell,,MBp2,left,,KCapbp-m,KCab-m
720575940624771879,intrinsic,central,Kenyon_Cell,KCg,MBp2,left,,KCg-m,
720575940624829479,intrinsic,central,Kenyon_Cell,KCg,MBp2,left,,KCg-m,
720575940624975909,afferent,sensory,olfactory,,,left,AN,ORN_DM3,
720575940625023869,intrinsic,central,Kenyon_Cell,,MBp4,right,,KCab,KCab-s
720575940625054589,intrinsic,central,Kenyon_Cell,,MBp3,right,,KCab,KCab-m
720575940625163139,intrinsic,central,Kenyon_Cell,,MBp2,right,,KCapbp-m,KCab-m
720575940625171289,intrinsic,central,Kenyon_Cell,,MBp3,right,,KCab,KCab-s
720575940625183309,intrinsic,central,Kenyon_Cell,KCg,MBp3,left,,KCg-m,
720575940625264659,intrinsic,central,Kenyon_Cell,,MBp4,right,,KCapbp-m,KCab-m
720575940625317139,intrinsic,central,Kenyon_Cell,,MBp2,right,,KCapbp-ap1,KCab-ap1
720575940625329029,intrinsic,central,Kenyon_Cell,,MBp2,right,,KCab,KCab-m
720575940625338249,intrinsic,central,DAN,,CREa1_dorsal,left,,PAM01,aSP13
720575940625383299,afferent,sensory,olfactory,,,right,AN,ORN_VA2,
720575940625488659,intrinsic,central,Kenyon_Cell,KCg,MBp4,left,,KCg-d,
720575940625532689,intrinsic,central,Kenyon_Cell,KCg,MBp4,right,,KCg-m,
720575940625560189,intrinsic,central,Kenyon_Cell,,MBp1,right,,KCab,KCab-s
720575940625604839,intrinsic,central,Kenyon_Cell,KCg,MBp4,right,,KCg-d,
720575940625608329,intrinsic,central,Kenyon_Cell,,MBp4,left,,KCapbp-ap1,KCab-ap1
720575940625611139,afferent,sensory,olfactory,,,right,AN,ORN_VM6l,ORN_VC5
720575940625665149,intrinsic,central,Kenyon_Cell,,MBp4,left,,KCapbp-ap2,KCab-ap2
720575940625691669,intrinsic,central,Kenyon_Cell,,MBp2,right,,KCab,KCab-m
720575940625702949,intrinsic,central,Kenyon_Cell,,MBp2,right,,KCab,KCab-m
720575940625728899,afferent,sensory,olfactory,,,right,AN,ORN_VL2a,
720575940625740169,intrinsic,central,Kenyon_Cell,,MBp1,right,,KCapbp-m,KCab-m
720575940625754389,intrinsic,central,Kenyon_Cell,KCg,MBp2,right,,KCg-d,
720575940625777939,intrinsic,central,Kenyon_Cell,KCg,MBp3,right,,KCg-d,
720575940625781009,intrinsic,central,Kenyon_Cell,KCg,MBp4,left,,KCg-m,
720575940625781029,intrinsic,central,Kenyon_Cell,KCg,MBp3,left,,KCg-m,
720575940625786899,intrinsic,central,Kenyon_Cell,KCg,MBp1,right,,KCg-d,
720575940625853989,intrinsic,central,Kenyon_Cell,KCg,MBp2,left,,KCg-m,
720575940625888089,afferent,sensory,olfactory,,,left,AN,ORN_VM4,
720575940625984399,intrinsic,central,Kenyon_Cell,,MBp1,left,,KCab,KCab-s
720575940626075079,intrinsic,central,Kenyon_Cell,KCg,MBp1,right,,KCg-m,
720575940626199059,afferent,sensory,olfactory,,,left,MxLbN,ORN_VM7d,
720575940626222609,intrinsic,central,Kenyon_Cell,,MBp1,left,,KCab-p,
720575940626305679,intrinsic,central,Kenyon_Cell,,MBp3,right,,KCab,KCab-s
720575940626394609,intrinsic,central,Kenyon_Cell,KCg,MBp2,right,,KCg-d,
720575940626422659,intrinsic,central,Kenyon_Cell,,MBp1,left,,KCapbp-ap2,KCab-ap2
720575940626430339,intrinsic,central,Kenyon_Cell,KCg,MBp3,right,,KCg-m,
720575940626468629,intrinsic,central,Kenyon_Cell,,MBp2,left,,KCapbp-m,KCab-m
720575940626474889,intrinsic,central,Kenyon_Cell,,MBp2,right,,KCab,KCab-s
720575940626486409,intrinsic,central,Kenyon_Cell,KCg,MBp3,left,,KCg-m,
720575940626583059,afferent,sensory,olfactory,pheromone,,right,AN,ORN_DL3,
720575940626630699,afferent,sensory,olfactory,,,left,AN,ORN_VM6l,ORN_VC5
720575940626688529,afferent,sensory,olfactory,,,right,AN,ORN_VM3,
720575940626694479,intrinsic,central,Kenyon_Cell,,MBp1,right,,KCab,KCab-c
720575940626700889,intrinsic,central,Kenyon_Cell,KCg,MBp1,right,,KCg-m,
720575940626757209,intrinsic,central,Kenyon_Cell,,MBp1,left,,KCab,KCab-s
720575940626758489,intrinsic,central,Kenyon_Cell,KCg,MBp4,right,,KCg-m,
720575940626786859,intrinsic,central,Kenyon_Cell,KCg,MBp1,right,,KCg-d,
720575940626792209,intrinsic,central,Kenyon_Cell,KCg,MBp3,right,,KCg-m,
720575940626803279,intrinsic,central,Kenyon_Cell,,MBp3,right,,KCapbp-ap1,KCab-ap1
720575940626865289,afferent,sensory,olfactory,,,left,AN,ORN_DC1,
720575940626919409,intrinsic,central,Kenyon_Cell,,MBp4,right,,KCapbp-ap2,KCab-ap2
720575940626949909,intrinsic,central,Kenyon_Cell,KCg,MBp1,left,,KCg-m,
720575940626975899,intrinsic,central,Kenyon_Cell,,MBp2,right,,KCab,KCab-s
720575940627016859,intrinsic,central,Kenyon_Cell,,MBp4,right,,KCab,KCab-s
720575940627025039,intrinsic,central,Kenyon_Cell,KCg,MBp4,left,,KCg-m,
720575940627128969,afferent,sensory,olfactory,,,right,AN,ORN_VL1,
720575940627144069,intrinsic,central,MBON,,SMPad3,right,,MBON25,MBON34
720575940627155589,intrinsic,central,Kenyon_Cell,KCg,MBp1,right,,KCg-m,
720575940627171089,afferent,sensory,olfactory,,,right,AN,ORN_VM6m,ORN_VC5
720575940627197739,intrinsic,central,Kenyon_Cell,,MBp2,left,,KCab,KCab-s
720575940627198799,intrinsic,central,Kenyon_Cell,,MBp1,left,,KCab-p,
720575940627244699,intrinsic,central,Kenyon_Cell,,MBp2,right,,KCab,KCab-m
720575940627298639,intrinsic,central,Kenyon_Cell,,MBp3,left,,KCapbp-ap2,KCab-ap2
720575940627309329,intrinsic,central,Kenyon_Cell,,MBp1,left,,KCab,KCab-m
720575940627336209,intrinsic,central,Kenyon_Cell,KCg,MBp4,right,,KCg-m,
720575940627363349,afferent,sensory,olfactory,,,left,AN,ORN_DL5,
720575940627367189,intrinsic,central,Kenyon_Cell,KCg,MBp3,right,,KCg-m,
720575940627429909,intrinsic,central,Kenyon_Cell,KCg,MBp1,left,,KCg-m,
720575940627441169,intrinsic,central,Kenyon_Cell,KCg,MBp4,left,,KCg-m,
720575940627452689,intrinsic,central,Kenyon_Cell,KCg,MBp4,right,,KCg-d,
720575940627479829,intrinsic,central,Kenyon_Cell,KCg,MBp2,right,,KCg-m,
720575940627483179,intrinsic,central,Kenyon_Cell,,MBp3,left,,KCapbp-ap1,KCab-ap1
720575940627494249,afferent,sensory,olfactory,,,left,AN,ORN_VA6,
720575940627510409,afferent,sensory,olfactory,,,right,AN,ORN_VM4,
720575940627534339,intrinsic,central,Kenyon_Cell,,MBp3,left,,KCapbp-m,KCab-m
720575940627559759,intrinsic,central,Kenyon_Cell,,MBp1,left,,KCab,KCab-m
720575940627573659,intrinsic,central,Kenyon_Cell,,MBp4,right,,KCapbp-m,KCab-m
720575940627718929,afferent,sensory,olfactory,pheromone,,right,AN,ORN_VA1v,
720575940627741799,intrinsic,central,DAN,,CREa1_dorsal,right,,PAM14,
720575940627820649,afferent,sensory,olfactory,pheromone,,right,AN,ORN_DL3,
720575940627834359,intrinsic,central,Kenyon_Cell,KCg,MBp1,right,,KCg-m,
720575940628025799,intrinsic,central,Kenyon_Cell,KCg,MBp2,left,,KCg-d,
720575940628054839,intrinsic,central,Kenyon_Cell,,MBp3,right,,KCab,KCab-s
720575940628071409,intrinsic,central,Kenyon_Cell,,MBp1,right,,KCapbp-ap1,KCab-ap1
720575940628085489,intrinsic,central,Kenyon_Cell,,MBp2,left,,KCab,KCab-m
720575940628107249,intrinsic,central,Kenyon_Cell,,MBp2,left,,KCab,KCab-s
720575940628128079,intrinsic,central,Kenyon_Cell,KCg,MBp1,right,,KCg-m,
720575940628137969,intrinsic,central,Kenyon_Cell,,MBp4,left,,KCab,KCab-m
720575940628198759,afferent,sensory,olfactory,,,left,AN,ORN_DM6,
720575940628201259,intrinsic,central,Kenyon_Cell,KCg,MBp4,right,,KCg-m,
720575940628202089,afferent,sensory,olfactory,,,left,AN,ORN_DL2d,
720575940628217899,intrinsic,central,Kenyon_Cell,KCg,MBp4,left,,KCg-m,
720575940628245559,intrinsic,central,Kenyon_Cell,,MBp1,left,,KCab,KCab-s
720575940628265039,intrinsic,central,Kenyon_Cell,KCg,MBp3,left,,KCg-m,
720575940628300529,intrinsic,central,Kenyon_Cell,KCg,MBp2,right,,KCg-m,
720575940628312049,intrinsic,central,Kenyon_Cell,,MBp2,right,,KCapbp-ap1,KCab-ap1
720575940628321539,intrinsic,central,Kenyon_Cell,KCg,MBp1,right,,KCg-d,
720575940628400439,intrinsic,central,Kenyon_Cell,,MBp3,left,,KCab,KCab-c
720575940628413799,intrinsic,central,Kenyon_Cell,,MBp4,left,,KCab,KCab-c
720575940628415079,intrinsic,central,Kenyon_Cell,KCg,MBp4,right,,KCg-m,
720575940628427369,intrinsic,central,DAN,,CREa1_dorsal,left,,PAM09,
720575940628431719,intrinsic,central,Kenyon_Cell,,MBp1,left,,KCab,KCab-m
720575940628538679,intrinsic,central,Kenyon_Cell,,MBp2,right,,KCab,KCab-s
720575940628549379,intrinsic,central,DAN,,CREa1_dorsal,left,,PAM06,
720575940628554999,intrinsic,central,Kenyon_Cell,,MBp2,left,,KCapbp-ap2,KCab-ap2
720575940628619319,afferent,sensory,olfactory,,,right,AN,ORN_DM6,
720575940628640079,intrinsic,central,Kenyon_Cell,,MBp2,right,,KCab,KCab-c
720575940628673079,afferent,sensory,olfactory,,,right,AN,ORN_DM5,
720575940628685059,intrinsic,central,Kenyon_Cell,KCg,MBp1,right,,KCg-m,
720575940628687259,intrinsic,central,Kenyon_Cell,KCg,MBp3,right,,KCg-m,
720575940628708139,intrinsic,central,DAN,,CREa2_medial,right,,PAM02,
720575940628761039,intrinsic,central,Kenyon_Cell,,MBp1,right,,KCab,KCab-s
720575940628766679,intrinsic,central,Kenyon_Cell,KCg,MBp1,left,,KCg-m,
720575940628798799,intrinsic,central,Kenyon_Cell,,MBp4,left,,KCab,KCab-m
720575940628842839,intrinsic,central,Kenyon_Cell,,MBp4,right,,KCab,KCab-c
720575940628933419,intrinsic,central,DAN,,CREa1_dorsal,left,,PAM05,
720575940628999579,intrinsic,central,Kenyon_Cell,,MBp3,right,,KCapbp-m,KCab-m
720575940629009769,afferent,sensory,olfactory,,,right,AN,ORN_V,
720575940629072999,intrinsic,central,Kenyon_Cell,KCg,MBp4,left,,KCg-m,
720575940629127109,intrinsic,central,Kenyon_Cell,KCg,MBp2,right,,KCg-m,
720575940629222759,intrinsic,central,Kenyon_Cell,KCg,MBp1,right,,KCg-m,
720575940629235159,afferent,sensory,olfactory,,,right,MxLbN,ORN_VC2,
720575940629240079,intrinsic,central,Kenyon_Cell,,MBp1,right,,KCab,KCab-m
720575940629254759,intrinsic,central,Kenyon_Cell,KCg,MBp1,left,,KCg-m,
720575940629261159,intrinsic,central,Kenyon_Cell,,MBp4,left,,KCab,KCab-s
720575940629310969,afferent,sensory,olfactory,,,left,AN,ORN_VL1,
720575940629343799,afferent,sensory,olfactory,,,left,AN,ORN_DL2d,
720575940629356599,intrinsic,central,Kenyon_Cell,,MBp1,left,,KCab,KCab-m
720575940629388239,intrinsic,central,Kenyon_Cell,,MBp4,right,,KCapbp-m,KCab-m
720575940629397079,intrinsic,central,Kenyon_Cell,,MBp3,right,,KCapbp-ap2,KCab-ap2
720575940629509829,intrinsic,central,Kenyon_Cell,,MBp2,left,,KCab,KCab-c
720575940629532759,intrinsic,central,Kenyon_Cell,KCg,MBp2,left,,KCg-m,
720575940629539269,afferent,sensory,olfactory,,,left,AN,ORN_DM4,
720575940629577319,afferent,sensory,olfactory,pheromone,,left,AN,ORN_VA1v,
720575940629620239,intrinsic,central,Kenyon_Cell,KCg,MBp4,left,,KCg-m,
720575940629663819,intrinsic,central,Kenyon_Cell,,MBp3,left,,KCapbp-ap2,KCab-ap2
720575940629669879,intrinsic,central,Kenyon_Cell,KCg,MBp3,left,,KCg-m,
720575940629677509,afferent,sensory,olfactory,,,left,AN,ORN_VM5v,
720575940629693239,intrinsic,central,Kenyon_Cell,KCg,MBp2,right,,KCg-m,
720575940629721399,afferent,sensory,olfactory,,,left,AN,ORN_VM2,
720575940629878519,intrinsic,central,Kenyon_Cell,,MBp3,left,,KCab,KCab-s
720575940629888599,afferent,sensory,olfactory,,,right,AN,ORN_DL4,
720575940629918459,afferent,sensory,olfactory,,,left,AN,ORN_VL2a,
720575940629977559,afferent,sensory,olfactory,,,right,MxLbN,ORN_VM7v,
720575940629984579,intrinsic,central,Kenyon_Cell,,MBp4,left,,KCab,KCab-s
720575940630043599,afferent,sensory,olfactory,,,left,AN,ORN_VM3,
720575940630044409,afferent,sensory,olfactory,,,right,AN,ORN_VA6,
720575940630060539,intrinsic,central,Kenyon_Cell,KCg,MBp4,left,,KCg-m,
720575940630139599,intrinsic,central,Kenyon_Cell,,MBp1,right,,KCapbp-ap2,KCab-ap2
720575940630159939,intrinsic,central,Kenyon_Cell,,MBp4,right,,KCapbp-m,KCab-m
720575940630179159,intrinsic,central,Kenyon_Cell,KCg,MBp2,right,,KCg-m,
720575940630263619,intrinsic,central,Kenyon_Cell,,MBp4,left,,KCab-p,
720575940630290629,intrinsic,central,Kenyon_Cell,KCg,MBp4,left,,KCg-m,
720575940630370379,afferent,sensory,olfactory,pheromone,,right,AN,ORN_DL3,
720575940630411259,intrinsic,central,Kenyon_Cell,,MBp1,right,,KCapbp-m,KCab-m
720575940630411339,afferent,sensory,olfactory,,,right,AN,ORN_DL1,
720575940630425119,intrinsic,central,Kenyon_Cell,,MBp1,right,,KCab,KCab-s
720575940630446329,intrinsic,central,DAN,,CREa2_medial,right,,PAM05,
720575940630532439,afferent,sensory,olfactory,,,right,MxLbN,ORN_VA4,
720575940630547019,afferent,sensory,olfactory,,,left,AN,ORN_VA5,
720575940630634799,intrinsic,central,Kenyon_Cell,,MBp1,left,,KCapbp-ap1,KCab-ap1
720575940630679749,afferent,sensory,olfactory,pheromone,,left,AN,ORN_DL3,
720575940630682449,intrinsic,central,Kenyon_Cell,KCg,MBp1,left,,KCg-m,
720575940630688709,afferent,sensory,olfactory,,,right,AN,ORN_VA5,
720575940630691159,intrinsic,central,DAN,,CREa1_dorsal,right,,PAM01,aSP13
720575940630767959,intrinsic,central,MBON,,DL1_dorsal,left,,MBON15,
720575940630792399,intrinsic,central,Kenyon_Cell,KCg,MBp2,left,,KCg-m,
720575940630807619,afferent,sensory,olfactory,,,right,AN,ORN_DC2,
720575940630811449,afferent,sensory,olfactory,,,right,AN,ORN_VM3,
720575940630823239,intrinsic,central,Kenyon_Cell,,MBp2,left,,KCab,KCab-c
720575940630824239,afferent,sensory,olfactory,,,right,AN,ORN_VL1,
720575940630846019,afferent,sensory,olfactory,,,right,MxLbN,ORN_VM7v,
720575940630881989,intrinsic,central,Kenyon_Cell,,MBp4,right,,KCab,KCab-s
720575940630906029,intrinsic,central,Kenyon_Cell,,MBp2,right,,KCab,KCab-m
720575940630906179,intrinsic,central,Kenyon_Cell,KCg,MBp1,left,,KCg-m,
720575940630920479,intrinsic,central,Kenyon_Cell,,MBp2,left,,KCab,KCab-m
720575940631057209,intrinsic,central,Kenyon_Cell,KCg,MBp3,left,,KCg-m,
720575940631077369,afferent,sensory,olfactory,pheromone,,right,AN,ORN_VA1v,
720575940631083769,afferent,sensory,olfactory,pheromone,,left,AN,ORN_VA1v,
720575940631090759,afferent,sensory,olfactory,,,right,AN,ORN_VL2p,
720575940631102279,afferent,sensory,olfactory,,,left,AN,ORN_DL4,
720575940631106319,intrinsic,central,Kenyon_Cell,KCg,MBp4,left,,KCg-m,
720575940631108179,intrinsic,central,Kenyon_Cell,KCg,MBp4,left,,KCg-m,
720575940631141699,intrinsic,central,Kenyon_Cell,,MBp4,left,,KCapbp-ap2,KCab-ap2
720575940631184439,intrinsic,central,DAN,,CREa1_dorsal,left,,PAM08,
720575940631201079,intrinsic,central,Kenyon_Cell,KCg,MBp1,left,,KCg-m,
720575940631228719,afferent,sensory,olfactory,,,right,AN,ORN_DM2,
720575940631314479,afferent,sensory,olfactory,,,right,AN,ORN_DA3,
720575940631318609,afferent,sensory,olfactory,,,left,AN,ORN_VL2a,
720575940631351619,intrinsic,central,Kenyon_Cell,,MBp4,right,,KCapbp-ap1,KCab-ap1
720575940631360429,intrinsic,central,Kenyon_Cell,,MBp3,left,,KCab,KCab-s
720575940631387719,intrinsic,central,Kenyon_Cell,KCg,MBp2,left,,KCg-m,
720575940631408199,intrinsic,central,Kenyon_Cell,,MBp3,right,,KCab,KCab-c
720575940631483949,intrinsic,central,Kenyon_Cell,KCg,MBp1,left,,KCg-m,
720575940631492419,intrinsic,central,Kenyon_Cell,KCg,MBp2,left,,KCg-d,
720575940631498819,intrinsic,central,Kenyon_Cell,,MBp2,right,,KCapbp-ap1,KCab-ap1
720575940631502509,intrinsic,central,Kenyon_Cell,,MBp1,right,,KCapbp-ap1,KCab-ap1
720575940631565359,intrinsic,central,Kenyon_Cell,,MBp3,left,,KCab,KCab-m
720575940631573039,intrinsic,central,Kenyon_Cell,,MBp3,right,,KCab,KCab-c
720575940631575599,intrinsic,central,Kenyon_Cell,,MBp4,right,,KCab,KCab-s
720575940631576109,intrinsic,central,Kenyon_Cell,,MBp3,left,,KCapbp-ap1,KCab-ap1
720575940631577569,intrinsic,central,Kenyon_Cell,KCg,MBp4,right,,KCg-d,
720575940631587129,intrinsic,central,Kenyon_Cell,KCg,MBp1,left,,KCg-m,
720575940631589689,intrinsic,central,Kenyon_Cell,KCg,MBp2,right,,KCg-m,
720575940631594809,intrinsic,central,Kenyon_Cell,KCg,MBp1,right,,KCg-m,
720575940631601219,intrinsic,central,Kenyon_Cell,,MBp4,left,,KCapbp-m,KCab-m
720575940631621689,intrinsic,central,Kenyon_Cell,KCg,MBp4,right,,KCg-m,
720575940631626809,intrinsic,central,Kenyon_Cell,,MBp3,left,,KCab,KCab-m
720575940631662049,intrinsic,central,Kenyon_Cell,KCg,MBp2,right,,KCg-d,
720575940631678689,intrinsic,central,Kenyon_Cell,,MBp3,right,,KCab,KCab-m
720575940631716409,intrinsic,central,Kenyon_Cell,KCg,MBp2,left,,KCg-m,
720575940631718969,intrinsic,central,Kenyon_Cell,,MBp2,left,,KCapbp-m,KCab-m
720575940631730349,intrinsic,central,DAN,,CREa1_dorsal,left,,PAM05,
720575940631842119,afferent,sensory,olfactory,,,right,AN,ORN_DC4,
720575940631868999,intrinsic,central,Kenyon_Cell,KCg,MBp4,right,,KCg-m,
720575940631903299,afferent,sensory,olfactory,,,right,AN,ORN_VL2a,
720575940631926599,intrinsic,central,Kenyon_Cell,KCg,MBp1,left,,KCg-m,
720575940631943649,intrinsic,central,Kenyon_Cell,,MBp4,left,,KCab,KCab-m
720575940631953619,afferent,sensory,olfactory,,,,MxLbN,ORN_VA4,
720575940631957319,intrinsic,central,Kenyon_Cell,KCg,MBp2,left,,KCg-m,
720575940631975379,intrinsic,central,Kenyon_Cell,,MBp1,right,,KCab,KCab-s
720575940631986499,afferent,sensory,olfactory,pheromone,,left,AN,ORN_VA1v,
720575940631991879,intrinsic,central,Kenyon_Cell,KCg,MBp4,right,,KCg-m,
720575940631994439,intrinsic,central,Kenyon_Cell,KCg,MBp2,left,,KCg-m,
720575940632003409,intrinsic,central,Kenyon_Cell,KCg,MBp2,right,,KCg-m,
720575940632078929,intrinsic,central,Kenyon_Cell,,MBp3,right,,KCab,KCab-m
720575940632081479,intrinsic,central,Kenyon_Cell,,MBp1,left,,KCab,KCab-m
720575940632105809,intrinsic,central,Kenyon_Cell,KCg,MBp4,left,,KCg-m,
720575940632123439,intrinsic,central,Kenyon_Cell,KCg,MBp2,right,,KCg-m,
720575940632135249,intrinsic,central,Kenyon_Cell,KCg,MBp3,right,,KCg-m,
720575940632149039,intrinsic,central,Kenyon_Cell,,MBp4,left,,KCapbp-ap1,KCab-ap1
720575940632164269,intrinsic,central,Kenyon_Cell,,MBp4,right,,KCab,KCab-m
720575940632192799,afferent,sensory,olfactory,,,left,AN,ORN_DC4,
720575940632221779,intrinsic,central,Kenyon_Cell,,MBp2,left,,KCab-p,
720575940632335129,intrinsic,central,Kenyon_Cell,KCg,MBp4,left,,KCg-m,
720575940632353499,intrinsic,central,Kenyon_Cell,,MBp1,right,,KCab,KCab-c
720575940632370719,intrinsic,central,Kenyon_Cell,KCg,MBp3,left,,KCg-m,
720575940632482349,afferent,sensory,olfactory,,,left,AN,ORN_DM3,
720575940632529439,intrinsic,central,Kenyon_Cell,,MBp4,left,,KCab,KCab-s
720575940632592429,intrinsic,central,Kenyon_Cell,,MBp2,left,,KCab,KCab-m
720575940632637139,afferent,sensory,olfactory,,,right,AN,ORN_DL5,
720575940632676409,intrinsic,central,Kenyon_Cell,KCg,MBp1,right,,KCg-m,
720575940632679379,afferent,sensory,olfactory,pheromone,,left,AN,ORN_DA1,
720575940632725459,intrinsic,central,Kenyon_Cell,,MBp2,right,,KCapbp-m,KCab-m
720575940632792089,afferent,sensory,olfactory,,,left,AN,ORN_VM2,
720575940632841539,intrinsic,central,Kenyon_Cell,KCg,MBp3,left,,KCg-m,
720575940632849069,intrinsic,central,Kenyon_Cell,KCg,MBp3,right,,KCg-m,
720575940632925409,intrinsic,central,Kenyon_Cell,KCg,MBp4,left,,KCg-m,
720575940632964269,intrinsic,central,Kenyon_Cell,,MBp1,right,,KCab,KCab-m
720575940633032599,intrinsic,central,Kenyon_Cell,,MBp4,left,,KCapbp-m,KCab-m
720575940633103059,intrinsic,central,Kenyon_Cell,,MBp1,right,,KCab-p,
720575940633123609,intrinsic,central,Kenyon_Cell,KCg,MBp4,right,,KCg-m,
720575940633188459,intrinsic,central,Kenyon_Cell,KCg,MBp4,right,,KCg-m,
720575940633212779,intrinsic,central,Kenyon_Cell,KCg,MBp3,right,,KCg-m,
720575940633215339,intrinsic,central,Kenyon_Cell,,MBp2,right,,KCab,KCab-s
720575940633471839,afferent,sensory,olfactory,,,right,AN,ORN_DM1,
720575940633509949,afferent,sensory,olfactory,,,left,AN,ORN_V,
720575940633622379,intrinsic,central,Kenyon_Cell,,MBp3,left,,KCab,KCab-c
720575940633671319,afferent,sensory,olfactory,,,left,AN,ORN_DC1,
720575940633676569,intrinsic,central,Kenyon_Cell,,MBp2,left,,KCab,KCab-m
720575940633773849,intrinsic,central,Kenyon_Cell,KCg,MBp1,right,,KCg-m,
720575940633785369,intrinsic,central,Kenyon_Cell,KCg,MBp4,right,,KCg-d,
720575940633802009,intrinsic,central,Kenyon_Cell,,MBp1,right,,KCapbp-m,KCab-m
720575940633813309,afferent,sensory,olfactory,,,left,AN,ORN_VL1,
720575940633911959,intrinsic,central,Kenyon_Cell,KCg,MBp1,right,,KCg-m,
720575940633983639,afferent,sensory,olfactory,pheromone,,left,AN,ORN_VA1v,
720575940633989999,intrinsic,central,Kenyon_Cell,,MBp4,right,,KCab,KCab-c
720575940634013869,afferent,sensory,olfactory,,,right,AN,ORN_DL2v,
720575940634083479,afferent,sensory,olfactory,,,right,MxLbN,ORN_VA7l,
720575940634231999,intrinsic,central,Kenyon_Cell,KCg,MBp1,right,,KCg-m,
720575940634362999,intrinsic,central,Kenyon_Cell,,MBp4,right,,KCab,KCab-c
720575940634429039,intrinsic,central,Kenyon_Cell,,MBp4,left,,KCab,KCab-s
720575940634464869,intrinsic,central,Kenyon_Cell,,MBp2,right,,KCab,KCab-m
720575940634475119,intrinsic,central,DAN,,CREa1_dorsal,right,,PAM08,aSP13
720575940634507639,intrinsic,central,Kenyon_Cell,,MBp2,left,,KCab,KCab-c
720575940634551959,intrinsic,central,DAN,,CREa2_medial,left,,PAM06,
720575940634595679,afferent,sensory,olfactory,,,right,MxLbN,ORN_VA7l,
720575940634706789,intrinsic,central,Kenyon_Cell,,MBp4,left,,KCapbp-ap1,KCab-ap1
720575940634759359,intrinsic,central,Kenyon_Cell,,MBp4,left,,KCab,KCab-c
720575940634800759,intrinsic,central,Kenyon_Cell,,MBp1,right,,KCapbp-ap1,KCab-ap1
720575940634845029,intrinsic,central,Kenyon_Cell,,MBp2,left,,KCab,KCab-m
720575940634867039,intrinsic,central,Kenyon_Cell,,MBp1,left,,KCab,KCab-m
720575940634883179,afferent,sensory,olfactory,pheromone,,left,AN,ORN_VA1d,
720575940634953079,intrinsic,central,DAN,,CREa1_dorsal,right,,PAM11,
720575940634968939,intrinsic,central,Kenyon_Cell,,MBp4,left,,KCapbp-m,KCab-m
720575940635006559,intrinsic,central,Kenyon_Cell,KCg,MBp4,left,,KCg-m,
720575940635075179,intrinsic,central,Kenyon_Cell,,MBp1,left,,KCapbp-m,KCab-m
720575940635170679,afferent,sensory,olfactory,pheromone,,right,AN,ORN_DC3,
720575940635342949,afferent,sensory,olfactory,,,right,AN,ORN_VM4,
720575940635538039,intrinsic,central,Kenyon_Cell,,MBp3,left,,KCab,KCab-m
720575940635706219,afferent,sensory,olfactory,pheromone,,right,AN,ORN_DA1,
720575940635779959,intrinsic,central,DAN,,CREa2_medial,right,,PAM02,
720575940635841399,intrinsic,central,Kenyon_Cell,KCg,MBp2,left,,KCg-m,
720575940636002679,afferent,sensory,olfactory,,,right,AN,ORN_VA7m,
720575940636026089,intrinsic,central,Kenyon_Cell,KCg,MBp3,right,,KCg-d,
720575940636114239,intrinsic,central,Kenyon_Cell,,MBp3,right,,KCapbp-ap1,KCab-ap1
720575940636135799,intrinsic,central,Kenyon_Cell,KCg,MBp1,right,,KCg-m,
720575940636143679,intrinsic,central,Kenyon_Cell,KCg,MBp2,right,,KCg-m,
720575940636146409,intrinsic,central,Kenyon_Cell,,MBp2,right,,KCab,KCab-m
720575940636159039,intrinsic,central,Kenyon_Cell,,MBp1,right,,KCapbp-ap2,KCab-ap2
720575940636171639,intrinsic,central,Kenyon_Cell,KCg,MBp2,left,,KCg-m,
720575940636242039,intrinsic,central,Kenyon_Cell,KCg,MBp2,right,,KCg-m,
720575940636291429,intrinsic,central,Kenyon_Cell,KCg,MBp3,right,,KCg-m,
720575940636306789,intrinsic,central,Kenyon_Cell,,MBp3,left,,KCapbp-ap1,KCab-ap1
720575940636528959,intrinsic,central,Kenyon_Cell,,MBp4,left,,KCab,KCab-m
720575940637087039,afferent,sensory,olfactory,,,right,AN,ORN_D,
720575940637316029,intrinsic,central,Kenyon_Cell,,MBp2,right,,KCapbp-ap2,KCab-ap2
720575940637407209,intrinsic,central,Kenyon_Cell,KCg,MBp2,right,,KCg-m,
720575940637580659,intrinsic,central,Kenyon_Cell,,MBp3,right,,KCab,KCab-s
720575940637619509,afferent,sensory,olfactory,,,left,AN,ORN_VM2,
720575940637657189,intrinsic,central,Kenyon_Cell,,MBp4,right,,KCab,KCab-c
720575940637707069,intrinsic,central,Kenyon_Cell,,MBp4,right,,KCab,KCab-m
720575940637740989,intrinsic,central,Kenyon_Cell,KCg,MBp4,right,,KCg-d,
720575940637754019,intrinsic,central,Kenyon_Cell,,MBp3,right,,KCab,KCab-m
720575940637756349,intrinsic,central,Kenyon_Cell,KCg,MBp3,right,,KCg-m,
720575940637771829,afferent,sensory,olfactory,,,left,AN,ORN_VL1,
720575940637788019,intrinsic,central,Kenyon_Cell,KCg,MBp2,left,,KCg-m,
720575940637810239,intrinsic,central,Kenyon_Cell,KCg,MBp4,right,,KCg-m,
720575940637835839,intrinsic,central,Kenyon_Cell,KCg,MBp1,right,,KCg-m,
720575940637846069,afferent,sensory,olfactory,,,right,AN,ORN_VA2,
720575940637898429,intrinsic,central,Kenyon_Cell,KCg,MBp4,left,,KCg-d,
720575940637932009,intrinsic,central,Kenyon_Cell,KCg,MBp3,left,,KCg-m,
720575940638053609,intrinsic,central,Kenyon_Cell,,MBp2,left,,KCapbp-m,KCab-m
720575940638179699,intrinsic,central,Kenyon_Cell,,MBp4,right,,KCapbp-m,KCab-m
720575940638455459,afferent,sensory,olfactory,,,left,AN,ORN_DL1,
720575940638469309,intrinsic,central,Kenyon_Cell,KCg,MBp2,left,,KCg-m,
720575940638492349,intrinsic,central,Kenyon_Cell,KCg,MBp1,left,,KCg-m,
720575940638576829,afferent,sensory,olfactory,,,left,AN,ORN_DM2,
720575940638678179,afferent,sensory,olfactory,,,right,AN,ORN_VC5,ORN_VC3m
720575940638804669,afferent,sensory,olfactory,,,right,MxLbN,ORN_VC2,
720575940638872629,afferent,sensory,olfactory,,,left,AN,ORN_D,
720575940638936629,intrinsic,central,Kenyon_Cell,KCg,MBp3,left,,KCg-m,
720575940638940469,intrinsic,central,DAN,,CREa2_medial,right,,PAM05,
720575940638992829,intrinsic,central,Kenyon_Cell,,MBp3,left,,KCab,KCab-m
720575940639058109,intrinsic,central,Kenyon_Cell,KCg,MBp4,left,,KCg-m,
720575940639071029,intrinsic,central,Kenyon_Cell,KCg,MBp2,right,,KCg-m,
720575940639076669,afferent,sensory,olfactory,,,right,MxLbN,ORN_VM7d,
720575940639126069,intrinsic,central,Kenyon_Cell,KCg,MBp4,left,,KCg-m,
720575940639358579,intrinsic,central,DAN,,CREa2_medial,right,,PAM11,
720575940639417459,intrinsic,central,Kenyon_Cell,KCg,MBp3,right,,KCg-m,
720575940639497789,intrinsic,central,Kenyon_Cell,,MBp4,left,,KCab,KCab-m
720575940639506749,intrinsic,central,Kenyon_Cell,,MBp3,right,,KCab,KCab-s
720575940639534909,intrinsic,central,Kenyon_Cell,,MBp4,left,,KCab,KCab-c
720575940639749109,intrinsic,central,Kenyon_Cell,,MBp1,right,,KCab,KCab-c
720575940640158939,intrinsic,central,Kenyon_Cell,KCg,MBp2,left,,KCg-d,
720575940640282869,afferent,sensory,olfactory,,,left,AN,ORN_DM4,
720575940640401549,intrinsic,central,Kenyon_Cell,KCg,MBp3,left,,KCg-m,
720575940640487669,intrinsic,central,Kenyon_Cell,KCg,MBp3,right,,KCg-m,
720575940640735629,intrinsic,central,Kenyon_Cell,,MBp1,left,,KCapbp-ap2,KCab-ap2
720575940640851189,afferent,sensory,olfactory,,,right,AN,ORN_VM3,
720575940641066229,intrinsic,central,Kenyon_Cell,,MBp1,left,,KCab,KCab-s
720575940641079029,intrinsic,central,Kenyon_Cell,,MBp4,right,,KCapbp-ap1,KCab-ap1
720575940641355739,intrinsic,central,Kenyon_Cell,,MBp4,right,,KCapbp-m,KCab-m
720575940641743579,afferent,sensory,olfactory,pheromone,,right,AN,ORN_VA1d,
720575940641783029,afferent,sensory,olfactory,pheromone,,left,AN,ORN_VA1v,
720575940643195159,intrinsic,central,Kenyon_Cell,KCg,MBp1,left,,KCg-d,
720575940643380759,intrinsic,central,Kenyon_Cell,,MBp1,left,,KCab,KCab-m
720575940643417879,intrinsic,central,Kenyon_Cell,KCg,MBp4,left,,KCg-m,
720575940644170519,intrinsic,central,Kenyon_Cell,KCg,MBp2,left,,KCg-m,
720575940644598819,intrinsic,central,Kenyon_Cell,,MBp1,left,,KCab,KCab-m
720575940644759319,intrinsic,central,Kenyon_Cell,KCg,MBp3,right,,KCg-m,
720575940644870679,afferent,sensory,olfactory,pheromone,,left,AN,ORN_VA1v,
720575940644902179,afferent,sensory,olfactory,,,left,MxLbN,ORN_VM7d,
720575940645089059,intrinsic,central,Kenyon_Cell,KCg,MBp3,left,,KCg-m,
720575940645158179,intrinsic,central,DAN,,CREa1_dorsal,left,,PAM12,
720575940645211939,afferent,sensory,olfactory,,,right,AN,ORN_VA2,
720575940645612579,afferent,sensory,olfactory,,,right,AN,ORN_DA4l,
720575940645932579,intrinsic,central,DAN,,CREa2_medial,left,,PAM01,aSP13
720575940646288419,intrinsic,central,DAN,,CREa2_medial,right,,PAM05,
720575940646289699,intrinsic,central,Kenyon_Cell,KCg,MBp3,left,,KCg-m,
720575940646290979,intrinsic,central,Kenyon_Cell,,MBp4,right,,KCab,KCab-s
720575940648139129,intrinsic,central,Kenyon_Cell,,MBp2,left,,KCab,KCab-m
720575940648191609,afferent,sensory,olfactory,,,left,MxLbN,ORN_VM7v,
720575940648246649,intrinsic,central,Kenyon_Cell,,MBp4,right,,KCapbp-ap1,KCab-ap1
720575940648276089,intrinsic,central,Kenyon_Cell,KCg,MBp3,right,,KCg-m,
720575940649134969,afferent,sensory,olfactory,,,right,AN,ORN_DM2,
720575940649433209,afferent,sensory,olfactory,pheromone,,left,AN,ORN_DC3,
720575940649434489,afferent,sensory,olfactory,,,right,AN,ORN_DM3,
720575940649649529,intrinsic,central,Kenyon_Cell,,MBp4,right,,KCab,KCab-c
720575940649652089,intrinsic,central,Kenyon_Cell,,MBp2,left,,KCab,KCab-c
720575940649682809,intrinsic,central,Kenyon_Cell,,MBp1,left,,KCapbp-m,KCab-m
720575940649691769,intrinsic,central,Kenyon_Cell,,MBp2,left,,KCab,KCab-m
720575940652784289,intrinsic,central,Kenyon_Cell,,MBp4,right,,KCapbp-m,KCab-m
720575940652799649,intrinsic,central,Kenyon_Cell,KCg,MBp4,right,,KCg-m,
720575940652875169,intrinsic,central,Kenyon_Cell,KCg,MBp2,right,,KCg-m,
720575940653295009,afferent,sensory,olfactory,,,left,MxLbN,ORN_VC1,
720575940653360289,intrinsic,central,DAN,,CREa2_medial,right,,PAM11,
720575940654069409,afferent,sensory,olfactory,,,left,AN,ORN_DA2,
720575940654436769,afferent,sensory,olfactory,pheromone,,left,AN,ORN_DA1,
720575940654851489,afferent,sensory,olfactory,,,right,AN,ORN_DA4m,
720575940655010209,afferent,sensory,olfactory,,,right,AN,ORN_DM2,
720575940658497409,intrinsic,central,Kenyon_Cell,,MBp2,left,,KCab,KCab-m
720575940658674049,intrinsic,central,DAN,,CREa1_dorsal,right,,PAM07,
720575940658814849,afferent,sensory,olfactory,pheromone,,left,AN,ORN_DA1,
720575940659301249,intrinsic,central,Kenyon_Cell,,MBp3,left,,KCab,KCab-c
720575940659316609,intrinsic,central,Kenyon_Cell,KCg,MBp3,right,,KCg-m,
720575940659323009,intrinsic,central,Kenyon_Cell,KCg,MBp1,left,,KCg-m,
720575940659763329,intrinsic,central,Kenyon_Cell,,MBp4,left,,KCab,KCab-c
720575940659835009,afferent,sensory,olfactory,,,right,AN,ORN_DM6,
720575940660047489,intrinsic,central,Kenyon_Cell,,MBp4,right,,KCab,KCab-s
720575940661275009,intrinsic,central,Kenyon_Cell,,MBp2,left,,KCab-p,
